,epoch,loss,val_loss,ivw,evw,ivw_ann,refState_loss
0,1.0,455414.22,107994.7,685207.3,685302.4,21952.582,0.0
1,2.0,48942.633,60824.133,685207.3,685302.4,44070.82,0.0
2,3.0,30507.443,36773.223,685207.2,685302.4,60051.152,0.0
3,4.0,19240.158,23124.607,685207.3,685302.44,78561.39,0.0
4,5.0,15216.282,16623.572,685207.3,685302.4,90205.836,0.0
5,6.0,12522.81,14008.182,685207.3,685302.44,98674.266,0.0
6,7.0,10187.575,11301.51,685207.4,685302.44,106398.74,0.0
7,8.0,8547.122,9210.229,685207.2,685302.44,114928.234,0.0
8,9.0,7237.064,7466.6147,685207.3,685302.4,122692.336,0.0
9,10.0,6188.5425,6188.6006,685207.3,685302.4,131438.17,0.0
10,11.0,5367.707,5401.755,685207.2,685302.4,139461.22,0.0
11,12.0,4715.4756,4799.995,685207.3,685302.44,146799.03,0.0
12,13.0,4216.2944,4292.002,685207.2,685302.4,154116.3,0.0
13,14.0,3800.5022,3894.9106,685207.3,685302.4,161265.23,0.0
14,15.0,3484.2688,3533.0872,685207.4,685302.44,168043.22,0.0
15,16.0,3185.5154,3230.8486,685207.3,685302.4,175042.83,0.0
16,17.0,2942.1267,2988.6045,685207.3,685302.44,181629.25,0.0
17,18.0,2727.6284,2774.5996,685207.3,685302.44,187754.95,0.0
18,19.0,2541.2664,2590.0732,685207.3,685302.44,194166.14,0.0
19,20.0,2384.235,2439.181,685207.2,685302.44,199481.53,0.0
20,21.0,2254.9612,2289.5073,685207.2,685302.4,205039.12,0.0
21,22.0,2121.1382,2157.543,685207.3,685302.4,210790.34,0.0
22,23.0,2007.3362,2040.5813,685207.3,685302.4,216736.28,0.0
23,24.0,1906.3346,1935.3148,685207.3,685302.44,221998.66,0.0
24,25.0,1811.9135,1843.2036,685207.3,685302.4,227457.12,0.0
25,26.0,1721.6287,1748.4785,685207.3,685302.44,233482.23,0.0
26,27.0,1643.0251,1664.544,685207.3,685302.4,238882.61,0.0
27,28.0,1573.9958,1586.637,685207.2,685302.4,244724.88,0.0
28,29.0,1501.4913,1518.6592,685207.3,685302.4,250408.02,0.0
29,30.0,1437.5529,1454.9746,685207.3,685302.44,255825.62,0.0
30,31.0,1384.6288,1395.1556,685207.2,685302.4,261225.45,0.0
31,32.0,1331.1068,1342.9492,685207.3,685302.4,266314.75,0.0
32,33.0,1280.364,1295.1847,685207.3,685302.4,271510.22,0.0
33,34.0,1238.7913,1247.5562,685207.3,685302.44,276627.06,0.0
34,35.0,1194.4355,1204.5933,685207.3,685302.4,281926.0,0.0
35,36.0,1156.3112,1159.9983,685207.2,685302.4,287119.6,0.0
36,37.0,1113.0035,1121.4043,685207.3,685302.4,292534.72,0.0
37,38.0,1078.0743,1084.0743,685207.3,685302.44,297835.34,0.0
38,39.0,1039.4181,1050.0769,685207.4,685302.44,303142.9,0.0
39,40.0,1012.01416,1016.57935,685207.3,685302.44,308597.53,0.0
40,41.0,982.2836,985.7709,685207.3,685302.4,313560.75,0.0
41,42.0,950.73,954.38055,685207.3,685302.44,319089.56,0.0
42,43.0,921.4714,924.1192,685207.3,685302.4,324795.2,0.0
43,44.0,894.29095,896.58264,685207.3,685302.44,330391.94,0.0
44,45.0,869.5895,871.0679,685207.2,685302.4,335883.84,0.0
45,46.0,845.9699,849.2257,685207.3,685302.44,340987.25,0.0
46,47.0,823.562,825.7416,685207.2,685302.44,346106.1,0.0
47,48.0,800.0003,803.719,685207.2,685302.44,351761.22,0.0
48,49.0,778.0417,782.0134,685207.3,685302.44,356901.47,0.0
49,50.0,758.64496,762.9671,685207.3,685302.44,362798.28,0.0
50,51.0,738.5046,745.369,685207.3,685302.3,367557.78,0.0
51,52.0,722.55524,725.4247,685207.2,685302.44,373184.3,0.0
52,53.0,703.9587,706.8861,685207.3,685302.4,379078.94,0.0
53,54.0,685.14154,689.4664,685207.3,685302.44,385144.53,0.0
54,55.0,668.26447,673.4037,685207.3,685302.4,390992.22,0.0
55,56.0,652.1952,657.6656,685207.3,685302.44,396716.8,0.0
56,57.0,637.1932,643.0932,685207.3,685302.4,401934.4,0.0
57,58.0,624.944,630.0466,685207.3,685302.4,407287.16,0.0
58,59.0,611.2382,615.9342,685207.2,685302.4,412887.78,0.0
59,60.0,597.06006,602.5094,685207.3,685302.44,418710.44,0.0
60,61.0,583.1701,589.9085,685207.2,685302.4,424339.66,0.0
61,62.0,570.3875,577.9553,685207.4,685302.4,430508.44,0.0
62,63.0,559.9525,566.7622,685207.2,685302.44,435493.97,0.0
63,64.0,548.85724,555.03723,685207.3,685302.4,441344.78,0.0
64,65.0,536.3039,544.20197,685207.3,685302.44,447307.03,0.0
65,66.0,525.60846,534.23395,685207.3,685302.4,453145.72,0.0
66,67.0,515.4495,523.65173,685207.3,685302.44,459023.2,0.0
67,68.0,507.061,515.74097,685207.3,685302.44,464483.72,0.0
68,69.0,499.4855,509.17505,685207.3,685302.4,468657.66,0.0
69,70.0,490.51175,499.37976,685207.3,685302.44,473306.06,0.0
70,71.0,479.8903,489.9414,685207.3,685302.44,479820.7,0.0
71,72.0,472.20782,481.95837,685207.3,685302.4,485809.03,0.0
72,73.0,465.61362,474.5476,685207.3,685302.4,491128.6,0.0
73,74.0,457.49295,468.23645,685207.3,685302.4,496087.28,0.0
74,75.0,450.78754,459.42603,685207.3,685302.3,501464.06,0.0
75,76.0,444.21408,454.6396,685207.3,685302.4,506132.7,0.0
76,77.0,436.77457,446.99094,685207.3,685302.44,510519.9,0.0
77,78.0,429.67514,439.86612,685207.3,685302.4,517054.5,0.0
78,79.0,424.0611,433.17328,685207.3,685302.44,521646.84,0.0
79,80.0,416.28058,427.86917,685207.3,685302.44,520270.28,0.0
80,81.0,402.3724,417.8484,685207.2,685302.4,503811.75,0.0
81,82.0,401.12573,408.97726,685207.2,685302.4,542823.94,0.0
82,83.0,385.73505,386.5062,685207.3,685302.4,526986.56,0.0
83,84.0,377.74005,396.1341,685207.3,685302.4,527276.6,0.0
84,85.0,373.30054,390.16412,685207.3,685302.44,525901.9,0.0
85,86.0,353.1664,390.11725,685207.2,685302.4,523880.0,0.0
86,87.0,344.99332,371.1884,685207.3,685302.44,541812.06,0.0
87,88.0,347.86465,348.28912,685207.3,685302.44,555721.75,0.0
88,89.0,323.8759,343.62332,685207.3,685302.44,530934.44,0.0
89,90.0,313.2761,316.427,685207.3,685302.3,545718.2,0.0
90,91.0,292.9112,302.86926,685207.2,685302.44,548931.44,0.0
91,92.0,298.13086,304.60614,685207.3,685302.4,568524.6,0.0
92,93.0,286.68353,282.0924,685207.3,685302.4,561389.1,0.0
93,94.0,264.11688,292.65622,685207.2,685302.44,572973.56,0.0
94,95.0,264.95392,257.27368,685207.3,685302.4,557879.56,0.0
95,96.0,247.63881,268.81653,685207.3,685302.4,573533.06,0.0
96,97.0,242.77376,219.10797,685207.3,685302.44,564687.0,0.0
97,98.0,229.61221,263.11166,685207.3,685302.4,601066.6,0.0
98,99.0,230.2573,262.39282,685207.2,685302.4,592023.25,0.0
99,100.0,253.1114,276.08893,685207.3,685302.4,602513.3,0.0
100,101.0,211.0425,218.37726,685207.3,685302.4,601730.1,0.0
101,102.0,207.28024,201.93735,685207.3,685302.44,600910.7,0.0
102,103.0,185.06168,185.75577,685207.3,685302.4,606437.6,0.0
103,104.0,203.06242,240.38268,685207.3,685302.44,629452.3,0.0
104,105.0,185.46916,172.92839,685207.3,685302.4,623123.4,0.0
105,106.0,161.4492,172.13635,685207.3,685302.44,625890.06,0.0
106,107.0,177.9225,152.28255,685207.3,685302.44,647942.6,0.0
107,108.0,154.14357,156.93573,685207.2,685302.4,637526.0,0.0
108,109.0,145.23787,159.00404,685207.3,685302.4,642381.2,0.0
109,110.0,145.49109,152.00267,685207.2,685302.44,637273.6,0.0
110,111.0,169.5742,187.22662,685207.2,685302.44,656211.06,0.0
111,112.0,143.73428,139.09317,685207.3,685302.44,660823.3,0.0
112,113.0,126.30514,136.08012,685207.3,685302.44,661552.4,0.0
113,114.0,114.05205,138.68689,685207.3,685302.44,663136.0,0.0
114,115.0,118.16347,145.01855,685207.3,685302.4,666944.1,0.0
115,116.0,142.3046,147.84686,685207.3,685302.4,666303.0,0.0
116,117.0,121.23732,139.51094,685207.3,685302.44,672354.44,0.0
117,118.0,161.07185,236.91681,685207.3,685302.4,679727.2,0.0
118,119.0,126.45597,130.04114,685207.3,685302.4,660444.6,0.0
119,120.0,123.62636,128.59457,685207.3,685302.4,668448.3,0.0
120,121.0,122.49714,198.97928,685207.3,685302.44,658962.56,0.0
121,122.0,145.87508,142.62158,685207.2,685302.3,665189.56,0.0
122,123.0,118.98568,122.89598,685207.3,685302.44,677069.44,0.0
123,124.0,117.47422,144.70496,685207.3,685302.4,663591.56,0.0
124,125.0,125.59966,139.54395,685207.3,685302.3,686462.9,0.0
125,126.0,107.056465,120.0851,685207.2,685302.44,678565.2,0.0
126,127.0,105.168335,120.18929,685207.3,685302.44,667435.7,0.0
127,128.0,105.11033,137.83911,685207.2,685302.4,675125.5,0.0
128,129.0,108.62937,123.349205,685207.3,685302.4,681565.56,0.0
129,130.0,103.17775,117.85478,685207.2,685302.4,680472.5,0.0
130,131.0,102.654594,118.523705,685207.3,685302.4,680073.06,0.0
131,132.0,160.70924,142.82767,685207.3,685302.44,671047.2,0.0
132,133.0,128.06485,130.84023,685207.3,685302.44,693689.0,0.0
133,134.0,100.49803,112.1709,685207.2,685302.4,679908.7,0.0
134,135.0,138.0243,149.26624,685207.3,685302.3,689575.3,0.0
135,136.0,130.10687,171.33578,685207.3,685302.4,686151.7,0.0
136,137.0,108.6867,116.462776,685207.3,685302.4,684061.4,0.0
137,138.0,114.28601,136.50848,685207.3,685302.4,677004.06,0.0
138,139.0,109.97154,123.72804,685207.3,685302.4,697350.9,0.0
139,140.0,135.88614,153.34808,685207.3,685302.4,678580.1,0.0
140,141.0,128.45282,144.72568,685207.2,685302.4,677248.8,0.0
141,142.0,119.53075,130.68016,685207.4,685302.4,689555.44,0.0
142,143.0,104.09883,128.09723,685207.3,685302.4,689535.8,0.0
143,144.0,104.574394,124.56038,685207.2,685302.4,683889.9,0.0
144,145.0,116.15279,139.92976,685207.3,685302.3,671743.8,0.0
145,146.0,113.123604,132.17657,685207.3,685302.4,680999.56,0.0
146,147.0,105.64026,117.10859,685207.4,685302.4,680824.3,0.0
147,148.0,123.71306,136.5156,685207.2,685302.4,691299.3,0.0
148,149.0,110.173584,111.893074,685207.2,685302.4,682037.3,0.0
149,150.0,97.4699,120.74434,685207.3,685302.44,688255.56,0.0
150,151.0,83.18152,100.94843,685207.3,685302.4,687556.1,0.0
151,152.0,97.825554,107.16327,685207.3,685302.4,684889.8,0.0
152,153.0,86.8151,211.16623,685207.3,685302.4,691756.6,0.0
153,154.0,90.86299,117.207275,685207.3,685302.44,696499.0,0.0
154,155.0,120.0255,119.17512,685207.2,685302.4,697732.1,0.0
155,156.0,91.318375,203.04688,685207.3,685302.4,692129.8,0.0
156,157.0,80.65496,104.7527,685207.4,685302.44,687628.9,0.0
157,158.0,73.699936,103.59644,685207.3,685302.4,694598.6,0.0
158,159.0,65.580414,112.738846,685207.3,685302.4,697221.4,0.0
159,160.0,90.62816,120.46966,685207.3,685302.4,688781.1,0.0
160,161.0,75.33849,104.74902,685207.3,685302.44,690648.2,0.0
161,162.0,111.182556,141.92221,685207.4,685302.44,689079.06,0.0
162,163.0,113.268234,138.14873,685207.3,685302.4,691248.2,0.0
163,164.0,94.96413,119.13603,685207.3,685302.44,688392.9,0.0
164,165.0,96.63643,115.442444,685207.3,685302.4,685323.7,0.0
165,166.0,102.453064,115.42966,685207.3,685302.44,682782.4,0.0
166,167.0,78.9618,111.1391,685207.3,685302.4,694647.06,0.0
167,168.0,78.16682,103.23742,685207.4,685302.44,684811.56,0.0
168,169.0,67.20658,109.07863,685207.3,685302.4,690017.4,0.0
169,170.0,74.60661,96.65404,685207.3,685302.4,690251.5,0.0
170,171.0,68.480064,127.19698,685207.3,685302.44,693954.2,0.0
171,172.0,101.351875,113.64627,685207.3,685302.4,697444.94,0.0
172,173.0,93.31555,102.76949,685207.2,685302.4,685220.9,0.0
173,174.0,74.2824,110.205635,685207.2,685302.4,700608.3,0.0
174,175.0,100.25286,104.04889,685207.3,685302.4,695936.0,0.0
175,176.0,79.96029,104.6129,685207.3,685302.4,698921.9,0.0
176,177.0,85.9085,106.095314,685207.3,685302.4,698645.8,0.0
177,178.0,77.38784,103.71281,685207.3,685302.44,694361.8,0.0
178,179.0,150.94446,173.47937,685207.3,685302.4,695288.5,0.0
179,180.0,125.1767,129.25868,685207.3,685302.4,695514.8,0.0
180,181.0,93.52276,115.22683,685207.3,685302.44,688028.4,0.0
181,182.0,83.89059,101.78877,685207.3,685302.44,699815.56,0.0
182,183.0,124.73851,116.51411,685207.3,685302.4,706012.3,0.0
183,184.0,83.941605,99.33225,685207.3,685302.3,698224.9,0.0
184,185.0,67.51963,97.71531,685207.3,685302.44,695515.3,0.0
185,186.0,70.998375,102.32773,685207.3,685302.44,691966.06,0.0
186,187.0,72.28905,99.46472,685207.3,685302.4,698930.9,0.0
187,188.0,78.24829,103.745056,685207.3,685302.4,685159.44,0.0
188,189.0,72.68586,100.96471,685207.2,685302.4,695513.6,0.0
189,190.0,76.49231,107.14746,685207.3,685302.44,693559.06,0.0
190,191.0,75.71363,104.47408,685207.3,685302.4,697179.56,0.0
191,192.0,76.62251,102.237656,685207.4,685302.4,692063.3,0.0
192,193.0,68.10284,100.07494,685207.2,685302.4,695013.44,0.0
193,194.0,60.87198,92.289215,685207.2,685302.4,693832.3,0.0
194,195.0,63.061546,114.85315,685207.3,685302.44,690550.2,0.0
195,196.0,71.76575,202.21373,685207.3,685302.4,694314.94,0.0
196,197.0,81.85353,104.636154,685207.3,685302.4,701910.56,0.0
197,198.0,83.68737,96.829025,685207.3,685302.44,700817.9,0.0
198,199.0,65.75805,143.47269,685207.2,685302.44,690033.44,0.0
199,200.0,78.62469,92.34994,685207.2,685302.4,686154.4,0.0
200,201.0,94.17592,119.282394,685207.3,685302.4,693144.9,0.0
201,202.0,70.99977,92.09469,685207.3,685302.4,696448.7,0.0
202,203.0,59.065845,100.83677,685207.2,685302.44,693833.3,0.0
203,204.0,60.198627,97.2128,685207.3,685302.4,696368.4,0.0
204,205.0,96.434494,100.64447,685207.3,685302.4,689648.0,0.0
205,206.0,77.90425,99.347755,685207.2,685302.4,692808.6,0.0
206,207.0,72.305016,100.37382,685207.3,685302.44,695737.9,0.0
207,208.0,63.721233,100.78981,685207.3,685302.44,693371.5,0.0
208,209.0,69.081795,95.614204,685207.2,685302.44,688904.44,0.0
209,210.0,106.53609,107.40557,685207.3,685302.4,703545.1,0.0
210,211.0,79.14764,104.66557,685207.3,685302.4,697928.56,0.0
211,212.0,75.51261,94.45625,685207.4,685302.44,694528.2,0.0
212,213.0,59.087482,96.971725,685207.3,685302.4,695499.8,0.0
213,214.0,60.776146,93.893394,685207.2,685302.44,693088.6,0.0
214,215.0,65.59313,102.90325,685207.3,685302.4,698104.0,0.0
215,216.0,64.42229,93.40682,685207.3,685302.44,691090.2,0.0
216,217.0,65.542946,93.28128,685207.3,685302.44,692591.2,0.0
217,218.0,85.06158,100.86488,685207.3,685302.44,687573.8,0.0
218,219.0,66.44524,99.29937,685207.2,685302.4,699536.9,0.0
219,220.0,77.39094,102.30434,685207.4,685302.44,697748.06,0.0
220,221.0,104.08962,186.43402,685207.3,685302.3,700491.6,0.0
221,222.0,128.34227,158.04028,685207.3,685302.4,688707.2,0.0
222,223.0,108.17528,116.10576,685207.2,685302.4,698016.9,0.0
223,224.0,80.80129,151.21689,685207.3,685302.44,695840.8,0.0
224,225.0,82.61513,108.3462,685207.3,685302.44,690532.94,0.0
225,226.0,91.83092,117.79628,685207.2,685302.44,690325.0,0.0
226,227.0,87.49192,102.619286,685207.3,685302.4,687699.9,0.0
227,228.0,87.67875,120.49401,685207.2,685302.44,699456.2,0.0
228,229.0,81.78628,115.975204,685207.3,685302.44,684585.6,0.0
229,230.0,92.512314,110.86765,685207.4,685302.4,696974.0,0.0
230,231.0,71.99568,101.37015,685207.3,685302.44,698951.94,0.0
231,232.0,74.190346,112.77432,685207.3,685302.44,688377.0,0.0
232,233.0,71.5746,100.75779,685207.2,685302.3,696060.0,0.0
233,234.0,71.76533,95.790794,685207.3,685302.4,688675.7,0.0
234,235.0,63.163628,108.34163,685207.2,685302.4,699319.56,0.0
235,236.0,71.029396,97.73027,685207.3,685302.4,693790.2,0.0
236,237.0,73.75354,114.49466,685207.3,685302.44,699528.8,0.0
237,238.0,138.61287,122.472595,685207.3,685302.44,716929.44,0.0
238,239.0,85.461266,97.4236,685207.3,685302.4,695676.9,0.0
239,240.0,76.76386,109.86526,685207.2,685302.4,701843.9,0.0
240,241.0,64.702446,97.1825,685207.3,685302.4,695960.9,0.0
241,242.0,62.61529,100.008,685207.4,685302.44,695480.9,0.0
242,243.0,59.864357,94.79022,685207.3,685302.4,695940.3,0.0
243,244.0,72.798996,96.60704,685207.3,685302.44,697251.0,0.0
244,245.0,62.18842,102.92318,685207.2,685302.44,693664.6,0.0
245,246.0,64.18958,95.68804,685207.2,685302.44,699094.3,0.0
246,247.0,72.69482,117.95679,685207.3,685302.4,689271.9,0.0
247,248.0,64.60832,115.52253,685207.3,685302.4,698486.06,0.0
248,249.0,66.20671,94.110504,685207.2,685302.4,692101.44,0.0
249,250.0,57.697906,97.204865,685207.3,685302.4,695610.44,0.0
250,251.0,64.77391,94.68643,685207.3,685302.44,696954.1,0.0
251,252.0,70.66772,95.859055,685207.3,685302.4,700468.06,0.0
252,253.0,66.86446,109.83656,685207.4,685302.44,698210.56,0.0
253,254.0,98.24159,112.3717,685207.4,685302.44,702913.94,0.0
254,255.0,81.30979,116.50183,685207.3,685302.4,696794.44,0.0
255,256.0,64.959114,99.83526,685207.3,685302.44,694378.4,0.0
256,257.0,58.60586,94.8768,685207.2,685302.44,697088.06,0.0
257,258.0,56.1319,92.44548,685207.2,685302.4,693824.6,0.0
258,259.0,57.229492,120.201614,685207.3,685302.44,700289.8,0.0
259,260.0,97.1731,121.017685,685207.3,685302.44,691761.2,0.0
260,261.0,81.02851,97.578,685207.3,685302.44,701631.4,0.0
261,262.0,71.05743,94.25052,685207.4,685302.44,694180.2,0.0
262,263.0,55.40723,90.75297,685207.3,685302.44,693011.8,0.0
263,264.0,57.7105,96.12947,685207.3,685302.4,696204.56,0.0
264,265.0,112.812325,181.3299,685207.2,685302.4,708528.5,0.0
265,266.0,123.41981,134.89899,685207.2,685302.44,700036.0,0.0
266,267.0,95.24622,101.78812,685207.3,685302.4,693183.6,0.0
267,268.0,62.292168,127.83532,685207.2,685302.44,694648.0,0.0
268,269.0,70.62344,95.81148,685207.2,685302.44,694491.06,0.0
269,270.0,65.699165,95.383385,685207.3,685302.44,695535.2,0.0
270,271.0,67.804306,95.936005,685207.3,685302.44,698579.56,0.0
271,272.0,70.323875,96.847534,685207.2,685302.4,695795.5,0.0
272,273.0,61.44207,95.703285,685207.3,685302.44,694549.2,0.0
273,274.0,70.39964,98.68392,685207.3,685302.4,704446.3,0.0
274,275.0,60.894833,90.01174,685207.3,685302.44,700069.56,0.0
275,276.0,61.009068,93.388504,685207.3,685302.4,696888.9,0.0
276,277.0,58.264126,92.2568,685207.2,685302.4,695703.8,0.0
277,278.0,71.14119,92.8831,685207.3,685302.44,696853.7,0.0
278,279.0,72.04254,94.79239,685207.3,685302.4,694493.44,0.0
279,280.0,83.3877,108.96407,685207.2,685302.44,688170.5,0.0
280,281.0,71.6664,97.2777,685207.3,685302.44,700084.56,0.0
281,282.0,58.012184,97.81259,685207.3,685302.44,692706.56,0.0
282,283.0,66.69315,96.47144,685207.2,685302.4,697155.06,0.0
283,284.0,62.750553,95.32474,685207.3,685302.44,696426.4,0.0
284,285.0,61.677773,111.324646,685207.2,685302.44,693737.1,0.0
285,286.0,67.39635,94.54263,685207.2,685302.4,695085.1,0.0
286,287.0,68.16494,94.1293,685207.3,685302.4,694650.94,0.0
287,288.0,61.97372,98.526306,685207.3,685302.4,693482.8,0.0
288,289.0,63.680176,94.37481,685207.2,685302.44,698536.4,0.0
289,290.0,59.062443,92.542206,685207.3,685302.4,696359.9,0.0
290,291.0,61.506493,91.561455,685207.3,685302.44,696391.44,0.0
291,292.0,60.903835,90.93128,685207.3,685302.44,698190.4,0.0
292,293.0,60.148388,93.65571,685207.3,685302.44,701042.8,0.0
293,294.0,61.67807,99.8259,685207.3,685302.3,694399.94,0.0
294,295.0,73.2643,114.15837,685207.4,685302.4,688918.2,0.0
295,296.0,74.58695,98.84931,685207.3,685302.4,696529.06,0.0
296,297.0,68.03053,96.35153,685207.3,685302.4,696366.9,0.0
297,298.0,75.936264,94.55443,685207.3,685302.4,688502.94,0.0
298,299.0,72.51919,96.79088,685207.3,685302.4,695273.3,0.0
299,300.0,63.054253,102.87219,685207.3,685302.44,695922.0,0.0
300,301.0,64.16084,101.332695,685207.2,685302.44,692571.9,0.0
301,302.0,95.99837,103.68458,685207.2,685302.4,694381.9,0.0
302,303.0,91.21678,117.95558,685207.3,685302.4,700237.0,0.0
303,304.0,75.70192,103.116646,685207.3,685302.4,694682.7,0.0
304,305.0,60.385414,96.21173,685207.3,685302.4,698824.3,0.0
305,306.0,65.158646,96.57834,685207.3,685302.44,693856.1,0.0
306,307.0,56.338604,94.46048,685207.2,685302.44,697385.2,0.0
307,308.0,57.32514,95.95575,685207.3,685302.4,691052.94,0.0
308,309.0,58.292236,96.83798,685207.3,685302.4,694153.7,0.0
309,310.0,58.091686,93.37474,685207.3,685302.44,695094.5,0.0
310,311.0,59.55776,97.60013,685207.3,685302.4,694209.3,0.0
311,312.0,56.391354,97.375084,685207.3,685302.44,697387.06,0.0
312,313.0,55.95054,99.37397,685207.2,685302.44,698317.0,0.0
313,314.0,56.690884,98.16666,685207.3,685302.4,695281.44,0.0
314,315.0,53.56161,98.80916,685207.3,685302.4,695555.1,0.0
315,316.0,58.07683,98.9382,685207.2,685302.4,696819.94,0.0
316,317.0,59.98908,93.36371,685207.2,685302.44,699642.7,0.0
317,318.0,66.24323,93.0049,685207.3,685302.44,694745.06,0.0
318,319.0,74.05897,139.98769,685207.3,685302.4,694490.06,0.0
319,320.0,78.20695,92.64647,685207.3,685302.44,701124.2,0.0
320,321.0,57.97456,95.71907,685207.3,685302.4,696077.6,0.0
321,322.0,61.717827,97.56604,685207.4,685302.4,692745.06,0.0
322,323.0,60.71818,94.458115,685207.3,685302.4,693869.4,0.0
323,324.0,58.290154,96.871574,685207.3,685302.44,694531.94,0.0
324,325.0,57.917137,98.200966,685207.4,685302.44,693520.44,0.0
325,326.0,61.285236,94.79796,685207.3,685302.44,700322.9,0.0
326,327.0,55.577217,92.13537,685207.3,685302.44,694549.6,0.0
327,328.0,92.19718,92.941956,685207.3,685302.4,691489.3,0.0
328,329.0,59.427486,94.82966,685207.3,685302.44,702301.2,0.0
329,330.0,62.416897,98.032845,685207.3,685302.4,693925.1,0.0
330,331.0,64.55175,97.11525,685207.3,685302.44,694383.4,0.0
331,332.0,62.062355,99.1211,685207.3,685302.4,690050.56,0.0
332,333.0,55.290295,95.80672,685207.3,685302.4,696869.0,0.0
333,334.0,71.05756,101.32127,685207.2,685302.4,701927.7,0.0
334,335.0,57.324863,91.5105,685207.3,685302.4,694380.2,0.0
335,336.0,72.8218,98.95022,685207.3,685302.44,695849.6,0.0
336,337.0,83.1466,104.75166,685207.3,685302.44,697653.06,0.0
337,338.0,76.08976,103.98388,685207.3,685302.3,696112.9,0.0
338,339.0,68.25936,106.751816,685207.3,685302.4,696374.44,0.0
339,340.0,62.93726,97.87824,685207.3,685302.44,696772.0,0.0
340,341.0,64.96825,93.06733,685207.3,685302.4,698599.5,0.0
341,342.0,57.95757,101.970924,685207.3,685302.4,696095.7,0.0
342,343.0,59.941402,190.31317,685207.4,685302.4,699496.2,0.0
343,344.0,85.83156,94.917885,685207.2,685302.4,696047.1,0.0
344,345.0,54.237774,102.48041,685207.3,685302.4,693327.9,0.0
345,346.0,59.285606,90.59444,685207.3,685302.4,698026.7,0.0
346,347.0,54.818783,113.05021,685207.3,685302.4,699155.2,0.0
347,348.0,56.359158,99.279884,685207.3,685302.44,691260.6,0.0
348,349.0,67.57562,94.89159,685207.3,685302.44,696204.9,0.0
349,350.0,79.11477,152.15314,685207.4,685302.4,702513.5,0.0
350,351.0,81.17179,95.9076,685207.3,685302.44,687585.06,0.0
351,352.0,62.725883,98.60984,685207.4,685302.4,696367.56,0.0
352,353.0,80.50557,95.19854,685207.2,685302.4,694950.94,0.0
353,354.0,67.172874,98.38995,685207.3,685302.44,692884.94,0.0
354,355.0,61.364075,97.17703,685207.2,685302.44,695929.2,0.0
355,356.0,61.632454,92.225006,685207.2,685302.4,698265.94,0.0
356,357.0,56.131268,98.14997,685207.3,685302.4,695037.2,0.0
357,358.0,58.991035,91.25814,685207.3,685302.4,704287.0,0.0
358,359.0,58.59585,87.40942,685207.3,685302.4,697765.2,0.0
359,360.0,57.333416,90.92216,685207.2,685302.4,694765.1,0.0
360,361.0,64.61105,103.53171,685207.2,685302.4,697946.56,0.0
361,362.0,81.103386,94.12385,685207.3,685302.4,707043.3,0.0
362,363.0,120.456856,151.53554,685207.4,685302.5,684351.0,0.0
363,364.0,98.70668,115.13664,685207.2,685302.4,693049.94,0.0
364,365.0,86.96814,129.5401,685207.3,685302.44,702245.5,0.0
365,366.0,81.22014,93.306114,685207.3,685302.4,700629.4,0.0
366,367.0,63.684547,102.24855,685207.4,685302.44,689603.1,0.0
367,368.0,60.152275,92.22189,685207.3,685302.44,698333.3,0.0
368,369.0,63.151043,90.60234,685207.2,685302.4,696003.94,0.0
369,370.0,59.230747,95.88117,685207.2,685302.44,696631.3,0.0
370,371.0,58.814182,97.56751,685207.3,685302.4,693883.0,0.0
371,372.0,58.29671,97.29506,685207.3,685302.4,692987.0,0.0
372,373.0,62.65972,100.981926,685207.3,685302.4,696156.56,0.0
373,374.0,59.77293,98.50629,685207.3,685302.44,694303.4,0.0
374,375.0,67.56179,93.55642,685207.3,685302.44,696017.44,0.0
375,376.0,79.46521,96.085594,685207.3,685302.44,705501.2,0.0
376,377.0,94.49726,96.594406,685207.3,685302.44,699517.06,0.0
377,378.0,64.88484,98.679245,685207.3,685302.4,694135.4,0.0
378,379.0,56.5166,105.58858,685207.3,685302.4,696661.8,0.0
379,380.0,60.327587,93.851654,685207.2,685302.4,695138.4,0.0
380,381.0,60.415066,92.76772,685207.3,685302.44,696973.5,0.0
381,382.0,97.094055,97.46685,685207.3,685302.4,698526.1,0.0
382,383.0,60.324017,91.99894,685207.2,685302.4,695224.56,0.0
383,384.0,69.64106,110.95419,685207.3,685302.4,695290.8,0.0
384,385.0,74.88436,94.04676,685207.4,685302.4,696285.9,0.0
385,386.0,104.531044,117.60847,685207.3,685302.4,694080.6,0.0
386,387.0,92.91869,106.05314,685207.3,685302.44,691992.44,0.0
387,388.0,69.01659,94.54335,685207.3,685302.4,700384.9,0.0
388,389.0,60.720795,100.48157,685207.2,685302.4,695220.1,0.0
389,390.0,59.554688,90.09307,685207.3,685302.3,696020.06,0.0
390,391.0,56.06066,90.85392,685207.4,685302.4,694433.0,0.0
391,392.0,54.565155,90.312515,685207.3,685302.4,695344.3,0.0
392,393.0,67.06223,96.80521,685207.4,685302.44,694378.44,0.0
393,394.0,61.981953,96.78848,685207.2,685302.4,691056.8,0.0
394,395.0,62.57556,90.00151,685207.3,685302.4,692397.44,0.0
395,396.0,58.294735,92.155106,685207.2,685302.4,697448.2,0.0
396,397.0,56.68017,90.85985,685207.3,685302.4,696374.8,0.0
397,398.0,56.482822,92.17392,685207.3,685302.44,695053.44,0.0
398,399.0,58.613506,99.40607,685207.3,685302.4,694606.3,0.0
399,400.0,58.12933,90.13209,685207.2,685302.4,695695.94,0.0
400,401.0,60.345764,108.91429,685207.3,685302.4,694637.5,0.0
401,402.0,62.908394,99.59909,685207.3,685302.4,694820.6,0.0
402,403.0,73.21433,88.521576,685207.2,685302.4,695559.44,0.0
403,404.0,68.72675,90.80476,685207.3,685302.4,697566.7,0.0
404,405.0,56.235615,89.93815,685207.3,685302.4,696308.8,0.0
405,406.0,53.436554,93.41107,685207.3,685302.44,697804.3,0.0
406,407.0,58.824665,90.47034,685207.2,685302.44,700233.6,0.0
407,408.0,54.06158,107.434975,685207.3,685302.44,696687.3,0.0
408,409.0,56.416924,92.38554,685207.3,685302.4,699906.06,0.0
409,410.0,54.045235,96.30211,685207.3,685302.4,697443.1,0.0
410,411.0,57.799854,94.45012,685207.3,685302.4,694708.2,0.0
411,412.0,57.38794,96.60707,685207.3,685302.44,695309.4,0.0
412,413.0,57.09712,92.561935,685207.3,685302.44,696677.4,0.0
413,414.0,57.260895,94.26297,685207.3,685302.4,697687.2,0.0
414,415.0,70.06059,89.177795,685207.2,685302.4,701938.2,0.0
415,416.0,71.00958,132.57921,685207.3,685302.44,696123.9,0.0
416,417.0,76.98523,114.22952,685207.3,685302.4,688152.3,0.0
417,418.0,107.48891,161.04385,685207.3,685302.4,708398.44,0.0
418,419.0,121.052025,117.55117,685207.3,685302.4,710129.94,0.0
419,420.0,77.25031,117.19383,685207.3,685302.44,696736.94,0.0
420,421.0,70.734215,97.47903,685207.2,685302.44,696613.06,0.0
421,422.0,67.77519,91.37079,685207.3,685302.4,695367.2,0.0
422,423.0,57.157043,102.245026,685207.3,685302.44,695886.8,0.0
423,424.0,57.623905,95.13255,685207.3,685302.44,697078.2,0.0
424,425.0,62.281586,103.085236,685207.3,685302.3,701770.0,0.0
425,426.0,62.491985,100.44253,685207.3,685302.4,699616.44,0.0
426,427.0,72.36965,88.829956,685207.3,685302.4,697090.3,0.0
427,428.0,65.62594,91.70708,685207.3,685302.44,699036.9,0.0
428,429.0,55.906376,91.86934,685207.2,685302.4,696647.1,0.0
429,430.0,66.59966,97.91359,685207.3,685302.44,699020.94,0.0
430,431.0,60.21993,89.15094,685207.3,685302.44,697636.8,0.0
431,432.0,54.94048,95.11822,685207.3,685302.4,701194.0,0.0
432,433.0,55.582726,91.50166,685207.2,685302.4,694270.44,0.0
433,434.0,58.648724,91.95664,685207.3,685302.4,693581.94,0.0
434,435.0,65.9083,94.95548,685207.3,685302.4,697025.44,0.0
435,436.0,57.439117,94.27231,685207.3,685302.4,692858.3,0.0
436,437.0,63.400635,90.016205,685207.2,685302.44,696539.56,0.0
437,438.0,60.349598,89.501274,685207.3,685302.4,692146.0,0.0
438,439.0,51.011143,102.714966,685207.2,685302.44,696077.1,0.0
439,440.0,54.87624,92.37181,685207.3,685302.4,698916.56,0.0
440,441.0,53.760162,91.92825,685207.3,685302.4,698812.4,0.0
441,442.0,51.415276,90.49864,685207.3,685302.4,692321.2,0.0
442,443.0,58.72814,94.984184,685207.3,685302.44,694499.8,0.0
443,444.0,68.97587,104.44005,685207.3,685302.4,697307.9,0.0
444,445.0,56.943913,93.27133,685207.3,685302.4,692738.2,0.0
445,446.0,59.705177,101.20375,685207.3,685302.4,697683.9,0.0
446,447.0,57.38622,89.71665,685207.4,685302.4,691028.9,0.0
447,448.0,59.92995,94.02248,685207.2,685302.4,696404.7,0.0
448,449.0,57.753284,117.52752,685207.2,685302.4,695839.2,0.0
449,450.0,126.8444,139.48561,685207.2,685302.4,703219.6,0.0
450,451.0,104.14678,101.390884,685207.3,685302.4,706296.94,0.0
451,452.0,79.898384,111.53373,685207.3,685302.44,684047.1,0.0
452,453.0,67.12831,124.163055,685207.3,685302.3,700843.94,0.0
453,454.0,62.000652,88.35132,685207.3,685302.44,694910.2,0.0
454,455.0,57.883232,95.08641,685207.4,685302.4,696739.44,0.0
455,456.0,53.171024,91.044235,685207.2,685302.44,697869.9,0.0
456,457.0,54.46894,90.383934,685207.3,685302.4,695799.7,0.0
457,458.0,58.18497,93.395676,685207.3,685302.4,692737.44,0.0
458,459.0,50.767506,91.29395,685207.3,685302.4,695609.4,0.0
459,460.0,52.789604,89.693054,685207.2,685302.44,699919.6,0.0
460,461.0,60.693264,100.50388,685207.2,685302.4,701971.2,0.0
461,462.0,63.74018,99.90324,685207.2,685302.4,695595.94,0.0
462,463.0,54.84669,96.8345,685207.3,685302.4,695229.3,0.0
463,464.0,54.751873,99.97876,685207.3,685302.44,699245.94,0.0
464,465.0,74.534744,116.001045,685207.2,685302.4,695877.4,0.0
465,466.0,66.538025,93.99617,685207.3,685302.44,692627.7,0.0
466,467.0,62.079037,93.84128,685207.2,685302.44,696264.0,0.0
467,468.0,52.914177,92.46093,685207.3,685302.4,694949.4,0.0
468,469.0,57.58727,92.16416,685207.2,685302.44,694905.3,0.0
469,470.0,57.85066,94.41252,685207.3,685302.44,694712.5,0.0
470,471.0,84.566345,167.67584,685207.2,685302.4,702607.4,0.0
471,472.0,113.020874,117.51114,685207.3,685302.44,689824.3,0.0
472,473.0,82.43386,102.061165,685207.3,685302.4,700316.0,0.0
473,474.0,59.00237,90.93768,685207.3,685302.4,690645.0,0.0
474,475.0,59.78943,94.657104,685207.3,685302.4,696528.06,0.0
475,476.0,55.010983,93.0273,685207.3,685302.44,694921.7,0.0
476,477.0,55.715393,90.3267,685207.4,685302.44,696405.2,0.0
477,478.0,55.966297,89.981674,685207.3,685302.44,700178.0,0.0
478,479.0,64.76109,104.99638,685207.3,685302.4,696351.8,0.0
479,480.0,59.46783,91.51918,685207.3,685302.4,692562.7,0.0
480,481.0,59.087147,93.6013,685207.3,685302.44,690238.06,0.0
481,482.0,58.766052,90.60657,685207.4,685302.44,698154.0,0.0
482,483.0,55.189007,90.96741,685207.3,685302.44,700226.3,0.0
483,484.0,51.143658,90.70489,685207.3,685302.4,696822.4,0.0
484,485.0,54.85877,89.68248,685207.3,685302.4,696479.5,0.0
485,486.0,51.177254,96.9858,685207.2,685302.44,696167.4,0.0
486,487.0,50.837994,89.62395,685207.4,685302.4,693798.94,0.0
487,488.0,47.846893,89.408226,685207.3,685302.4,697351.5,0.0
488,489.0,51.97448,95.48182,685207.3,685302.4,695746.1,0.0
489,490.0,51.7306,93.208984,685207.2,685302.4,696769.1,0.0
490,491.0,63.53129,92.438545,685207.3,685302.4,698831.9,0.0
491,492.0,53.789486,98.37944,685207.2,685302.4,696181.7,0.0
492,493.0,61.773804,90.7357,685207.3,685302.4,696557.8,0.0
493,494.0,51.844616,92.63951,685207.3,685302.44,695167.6,0.0
494,495.0,53.12835,92.22091,685207.3,685302.4,696809.1,0.0
495,496.0,50.903194,90.49673,685207.3,685302.44,699210.1,0.0
496,497.0,48.656002,90.18403,685207.3,685302.4,693753.0,0.0
497,498.0,53.92094,93.70035,685207.3,685302.44,694828.3,0.0
498,499.0,66.240616,102.18379,685207.3,685302.3,700991.56,0.0
499,500.0,60.449505,101.73074,685207.2,685302.4,692691.44,0.0
500,501.0,56.494625,97.293526,685207.3,685302.4,695899.44,0.0
501,502.0,63.908394,102.61631,685207.3,685302.4,697466.2,0.0
502,503.0,105.89018,137.43115,685207.3,685302.44,705121.6,0.0
503,504.0,66.02528,90.355095,685207.2,685302.44,696148.56,0.0
504,505.0,62.17846,98.65859,685207.4,685302.4,703566.8,0.0
505,506.0,80.847466,89.6564,685207.2,685302.4,700015.7,0.0
506,507.0,81.655594,96.6891,685207.2,685302.4,702817.9,0.0
507,508.0,65.04246,92.21922,685207.4,685302.44,692491.56,0.0
508,509.0,74.329,92.041046,685207.4,685302.4,694685.2,0.0
509,510.0,61.82722,92.397736,685207.3,685302.44,691760.1,0.0
510,511.0,58.05656,89.51578,685207.3,685302.4,691773.44,0.0
511,512.0,51.392204,91.176575,685207.3,685302.4,696070.5,0.0
512,513.0,51.622707,92.07877,685207.4,685302.44,695587.5,0.0
513,514.0,60.4032,95.42096,685207.2,685302.44,694219.56,0.0
514,515.0,65.45672,99.66464,685207.2,685302.4,694796.6,0.0
515,516.0,58.48501,91.451546,685207.3,685302.3,692850.5,0.0
516,517.0,55.2692,92.00829,685207.3,685302.44,697100.7,0.0
517,518.0,54.628056,94.12601,685207.3,685302.4,695034.56,0.0
518,519.0,52.21851,89.92128,685207.2,685302.4,693749.44,0.0
519,520.0,53.684948,100.94038,685207.3,685302.4,697988.56,0.0
520,521.0,51.63534,87.53339,685207.3,685302.44,697560.8,0.0
521,522.0,52.37548,90.99577,685207.3,685302.4,697181.4,0.0
522,523.0,54.680035,107.5748,685207.3,685302.44,695477.4,0.0
523,524.0,54.567223,91.56247,685207.2,685302.44,694357.06,0.0
524,525.0,59.046318,94.79297,685207.4,685302.4,696005.3,0.0
525,526.0,56.17825,92.636826,685207.3,685302.44,695981.1,0.0
526,527.0,61.714016,93.67189,685207.3,685302.44,697195.3,0.0
527,528.0,58.145107,91.59406,685207.3,685302.4,693552.2,0.0
528,529.0,63.215485,91.590935,685207.3,685302.4,699001.7,0.0
529,530.0,51.856663,90.25421,685207.3,685302.4,697001.06,0.0
530,531.0,59.75219,108.92171,685207.3,685302.44,697899.9,0.0
531,532.0,65.02759,90.53454,685207.3,685302.44,700111.1,0.0
532,533.0,54.559044,99.06578,685207.3,685302.44,696418.3,0.0
533,534.0,57.168205,91.42349,685207.3,685302.4,691020.0,0.0
534,535.0,71.50837,92.89261,685207.2,685302.4,697801.9,0.0
535,536.0,81.67211,113.69324,685207.4,685302.44,698814.3,0.0
536,537.0,60.20874,93.60484,685207.3,685302.4,689922.2,0.0
537,538.0,54.80025,85.29337,685207.3,685302.4,699469.94,0.0
538,539.0,50.84029,90.58564,685207.3,685302.3,695657.06,0.0
539,540.0,53.849895,91.21456,685207.3,685302.4,697574.0,0.0
540,541.0,53.77405,90.41044,685207.3,685302.4,694549.06,0.0
541,542.0,49.497406,92.75896,685207.3,685302.44,693795.4,0.0
542,543.0,53.243687,89.97209,685207.3,685302.4,692206.6,0.0
543,544.0,51.884697,87.93315,685207.3,685302.4,694281.3,0.0
544,545.0,49.35632,91.19551,685207.3,685302.44,696958.2,0.0
545,546.0,50.726368,88.68776,685207.3,685302.44,693452.5,0.0
546,547.0,59.27897,134.81825,685207.3,685302.44,696474.3,0.0
547,548.0,83.85557,95.898674,685207.3,685302.4,692917.56,0.0
548,549.0,60.361397,95.75953,685207.3,685302.44,698958.4,0.0
549,550.0,56.637447,90.37404,685207.3,685302.4,697179.56,0.0
550,551.0,55.980263,91.679146,685207.3,685302.4,695587.4,0.0
551,552.0,63.077457,90.051254,685207.3,685302.44,697905.44,0.0
552,553.0,124.98591,167.99617,685207.3,685302.3,687199.2,0.0
553,554.0,91.34795,118.33924,685207.3,685302.4,684355.6,0.0
554,555.0,66.999275,94.643196,685207.3,685302.4,695798.8,0.0
555,556.0,54.958477,95.965576,685207.3,685302.44,694106.4,0.0
556,557.0,58.51632,92.72258,685207.4,685302.4,702020.3,0.0
557,558.0,74.410416,115.64106,685207.4,685302.44,700067.94,0.0
558,559.0,59.10968,89.583786,685207.4,685302.44,696643.44,0.0
559,560.0,58.179432,94.97623,685207.3,685302.3,695707.4,0.0
560,561.0,53.907112,86.94373,685207.3,685302.44,694992.5,0.0
561,562.0,60.22334,88.41798,685207.3,685302.44,694690.9,0.0
562,563.0,54.76922,90.86196,685207.3,685302.44,695227.2,0.0
563,564.0,52.532055,89.34534,685207.3,685302.44,695474.1,0.0
564,565.0,55.894165,98.9921,685207.2,685302.44,701771.0,0.0
565,566.0,75.84821,98.39393,685207.4,685302.3,690796.7,0.0
566,567.0,59.532505,120.47273,685207.3,685302.44,693203.5,0.0
567,568.0,71.131935,87.93562,685207.2,685302.4,698525.9,0.0
568,569.0,52.574577,90.02649,685207.2,685302.44,693641.5,0.0
569,570.0,49.619892,93.17171,685207.3,685302.44,693206.8,0.0
570,571.0,50.5765,86.84491,685207.3,685302.44,695685.06,0.0
571,572.0,48.78632,87.94907,685207.3,685302.4,695384.2,0.0
572,573.0,61.575462,95.32582,685207.2,685302.4,698958.7,0.0
573,574.0,91.78589,153.20238,685207.3,685302.4,694385.94,0.0
574,575.0,107.55128,97.42468,685207.3,685302.4,688284.1,0.0
575,576.0,59.416523,96.006134,685207.3,685302.4,694207.7,0.0
576,577.0,54.71182,89.53117,685207.2,685302.44,694746.3,0.0
577,578.0,53.837666,90.81382,685207.4,685302.44,692604.7,0.0
578,579.0,65.560265,92.684586,685207.2,685302.4,695702.8,0.0
579,580.0,56.404682,88.69413,685207.3,685302.44,690076.8,0.0
580,581.0,67.86854,92.807846,685207.3,685302.3,702102.1,0.0
581,582.0,69.236755,91.982544,685207.3,685302.44,696521.8,0.0
582,583.0,66.215866,91.57453,685207.4,685302.4,701709.9,0.0
583,584.0,51.402527,93.26483,685207.3,685302.4,693046.5,0.0
584,585.0,53.08175,93.624535,685207.2,685302.4,697450.06,0.0
585,586.0,50.60016,90.40263,685207.4,685302.44,695598.0,0.0
586,587.0,52.441723,89.50414,685207.3,685302.4,695942.9,0.0
587,588.0,53.22642,94.04827,685207.3,685302.44,694727.4,0.0
588,589.0,58.468166,96.460434,685207.3,685302.44,695004.9,0.0
589,590.0,63.780373,102.435356,685207.3,685302.44,694383.3,0.0
590,591.0,110.10526,107.71489,685207.3,685302.4,691941.5,0.0
591,592.0,61.138237,134.77103,685207.2,685302.3,694465.06,0.0
592,593.0,61.11829,90.456215,685207.3,685302.44,696441.6,0.0
593,594.0,59.11481,87.33075,685207.3,685302.4,700326.8,0.0
594,595.0,56.45663,90.26806,685207.3,685302.44,698942.56,0.0
595,596.0,51.53465,99.74608,685207.4,685302.44,697090.06,0.0
596,597.0,53.39372,87.630264,685207.3,685302.44,698334.94,0.0
597,598.0,53.03073,90.20509,685207.3,685302.4,694829.44,0.0
598,599.0,90.626045,220.51964,685207.3,685302.44,712981.0,0.0
599,600.0,111.923386,103.02518,685207.2,685302.4,690729.2,0.0
600,601.0,84.66222,109.281,685207.2,685302.44,703619.94,0.0
601,602.0,68.760216,116.48949,685207.3,685302.44,694653.1,0.0
602,603.0,94.936134,101.391335,685207.2,685302.4,702933.8,0.0
603,604.0,65.05169,94.68115,685207.3,685302.4,695087.0,0.0
604,605.0,66.16511,95.45982,685207.2,685302.44,692281.6,0.0
605,606.0,58.760998,89.1836,685207.3,685302.4,694868.8,0.0
606,607.0,56.73332,92.99148,685207.3,685302.4,694629.4,0.0
607,608.0,63.32072,99.16799,685207.3,685302.44,697076.1,0.0
608,609.0,60.2584,92.83134,685207.3,685302.44,695523.2,0.0
609,610.0,54.80414,94.54515,685207.3,685302.4,694692.7,0.0
610,611.0,76.773994,95.78653,685207.3,685302.44,703551.56,0.0
611,612.0,56.737297,92.67735,685207.3,685302.4,697014.4,0.0
612,613.0,56.927876,91.1333,685207.2,685302.4,692799.0,0.0
613,614.0,54.773613,90.86136,685207.3,685302.4,697363.6,0.0
614,615.0,53.947247,98.94988,685207.3,685302.44,698852.1,0.0
615,616.0,58.205677,92.15964,685207.2,685302.4,695301.3,0.0
616,617.0,53.185047,130.54086,685207.2,685302.44,694325.56,0.0
617,618.0,60.416256,100.29668,685207.3,685302.4,692527.0,0.0
618,619.0,52.78017,91.517296,685207.3,685302.4,697434.3,0.0
619,620.0,56.21739,101.08521,685207.2,685302.4,694278.1,0.0
620,621.0,51.295155,90.49361,685207.2,685302.44,694485.94,0.0
621,622.0,56.403698,91.83013,685207.2,685302.44,697836.9,0.0
622,623.0,56.590843,91.313354,685207.3,685302.4,697040.3,0.0
623,624.0,53.79322,95.37686,685207.3,685302.3,695603.5,0.0
624,625.0,53.778378,96.45265,685207.3,685302.4,693354.6,0.0
625,626.0,52.21412,88.53299,685207.3,685302.4,691796.8,0.0
626,627.0,58.614918,93.298996,685207.3,685302.4,700489.06,0.0
627,628.0,53.674183,92.84831,685207.2,685302.44,692688.6,0.0
628,629.0,61.671852,99.14131,685207.4,685302.4,701448.5,0.0
629,630.0,58.433716,89.411545,685207.3,685302.4,696032.2,0.0
630,631.0,54.87281,95.60381,685207.3,685302.4,692216.94,0.0
631,632.0,54.11851,92.10365,685207.3,685302.44,697011.1,0.0
632,633.0,53.03705,92.16473,685207.3,685302.44,691219.94,0.0
633,634.0,51.8296,89.44394,685207.2,685302.44,695043.2,0.0
634,635.0,54.7669,90.94732,685207.3,685302.44,697170.4,0.0
635,636.0,50.96527,89.805786,685207.3,685302.44,694484.9,0.0
636,637.0,68.82788,97.982956,685207.2,685302.4,693358.9,0.0
637,638.0,64.015144,107.79175,685207.3,685302.4,698840.56,0.0
638,639.0,57.80706,89.36075,685207.2,685302.4,694299.9,0.0
639,640.0,52.695225,88.02204,685207.2,685302.3,695717.5,0.0
640,641.0,51.84257,122.74431,685207.3,685302.3,699624.94,0.0
641,642.0,54.86492,90.42374,685207.2,685302.4,700528.9,0.0
642,643.0,102.383835,120.430214,685207.3,685302.44,708836.7,0.0
643,644.0,64.85033,90.772995,685207.3,685302.4,697668.7,0.0
644,645.0,68.97017,92.66737,685207.3,685302.4,694057.5,0.0
645,646.0,52.802326,94.18137,685207.3,685302.4,699396.0,0.0
646,647.0,50.82265,92.20127,685207.3,685302.4,696906.9,0.0
647,648.0,50.94338,90.19612,685207.2,685302.4,695122.2,0.0
648,649.0,49.805874,87.42474,685207.3,685302.44,694757.9,0.0
649,650.0,59.857388,93.46645,685207.3,685302.4,697498.56,0.0
650,651.0,61.5643,125.376205,685207.2,685302.44,695241.56,0.0
651,652.0,75.77959,102.10863,685207.3,685302.4,694642.9,0.0
652,653.0,60.24841,93.331505,685207.3,685302.4,693588.1,0.0
653,654.0,53.987247,88.30691,685207.3,685302.4,695722.6,0.0
654,655.0,54.101692,91.407524,685207.3,685302.44,700638.0,0.0
655,656.0,59.04113,93.81099,685207.3,685302.44,700287.94,0.0
656,657.0,54.002705,90.42557,685207.3,685302.44,697522.44,0.0
657,658.0,54.75845,92.33309,685207.3,685302.4,698513.56,0.0
658,659.0,52.599445,92.46306,685207.3,685302.44,694839.3,0.0
659,660.0,60.23717,89.80989,685207.3,685302.4,690764.1,0.0
660,661.0,53.883656,92.761635,685207.3,685302.44,694391.0,0.0
661,662.0,52.58481,91.3835,685207.3,685302.3,694682.6,0.0
662,663.0,64.71994,98.46163,685207.4,685302.4,695217.3,0.0
663,664.0,58.266655,97.54957,685207.2,685302.44,698232.94,0.0
664,665.0,54.757572,93.68649,685207.3,685302.44,697646.6,0.0
665,666.0,51.78329,90.5005,685207.3,685302.44,690964.7,0.0
666,667.0,52.499115,89.38084,685207.2,685302.4,696169.2,0.0
667,668.0,73.83842,99.41205,685207.3,685302.44,702828.7,0.0
668,669.0,67.74672,115.42978,685207.2,685302.4,690722.6,0.0
669,670.0,73.96241,99.637634,685207.3,685302.4,690608.1,0.0
670,671.0,66.65128,96.08676,685207.3,685302.4,701084.2,0.0
671,672.0,71.77073,88.96586,685207.3,685302.3,695726.56,0.0
672,673.0,56.337437,89.796974,685207.3,685302.44,695511.8,0.0
673,674.0,51.627136,95.86106,685207.3,685302.44,698440.0,0.0
674,675.0,49.65484,91.061005,685207.3,685302.4,697246.06,0.0
675,676.0,53.772022,94.85795,685207.4,685302.44,691648.44,0.0
676,677.0,61.620846,87.77475,685207.3,685302.44,697212.4,0.0
677,678.0,52.19801,92.97473,685207.3,685302.4,694026.4,0.0
678,679.0,56.49805,109.0914,685207.2,685302.44,699880.1,0.0
679,680.0,82.524185,91.29889,685207.3,685302.4,700881.94,0.0
680,681.0,70.45005,99.61436,685207.3,685302.4,701071.56,0.0
681,682.0,57.038754,89.7903,685207.4,685302.44,692731.6,0.0
682,683.0,58.492798,104.587875,685207.3,685302.4,689716.2,0.0
683,684.0,50.338596,97.27938,685207.3,685302.4,696878.56,0.0
684,685.0,69.28881,97.23004,685207.3,685302.44,699285.56,0.0
685,686.0,55.426044,91.25614,685207.3,685302.44,695106.9,0.0
686,687.0,52.669727,91.17499,685207.4,685302.44,690903.44,0.0
687,688.0,53.528687,91.395004,685207.3,685302.4,698513.44,0.0
688,689.0,62.72813,102.820526,685207.3,685302.4,690315.44,0.0
689,690.0,55.09668,88.039825,685207.2,685302.4,700662.56,0.0
690,691.0,56.089043,97.52484,685207.4,685302.44,690611.06,0.0
691,692.0,74.01567,96.40579,685207.3,685302.4,695816.4,0.0
692,693.0,64.259384,97.522675,685207.3,685302.4,690328.94,0.0
693,694.0,109.50383,119.386536,685207.2,685302.44,702570.0,0.0
694,695.0,66.51838,97.22867,685207.3,685302.4,696923.8,0.0
695,696.0,55.930855,89.570206,685207.3,685302.4,697172.0,0.0
696,697.0,49.86117,105.86026,685207.2,685302.4,693376.1,0.0
697,698.0,58.31079,91.47168,685207.3,685302.4,695110.2,0.0
698,699.0,52.74524,90.74237,685207.3,685302.4,695753.06,0.0
699,700.0,55.303555,88.822815,685207.44,685302.44,696553.4,0.0
700,701.0,53.920246,93.1584,685207.3,685302.44,695532.9,0.0
701,702.0,64.44026,95.38339,685207.3,685302.44,697118.06,0.0
702,703.0,62.534264,92.79956,685207.3,685302.4,697453.6,0.0
703,704.0,53.072193,89.11314,685207.3,685302.4,696577.4,0.0
704,705.0,53.122295,108.84116,685207.3,685302.4,694550.7,0.0
705,706.0,55.062054,90.80629,685207.3,685302.44,697984.44,0.0
706,707.0,58.893555,153.54594,685207.3,685302.4,695696.06,0.0
707,708.0,62.722473,90.96835,685207.3,685302.44,701438.5,0.0
708,709.0,55.55023,93.36541,685207.3,685302.44,697785.06,0.0
709,710.0,59.243225,105.25199,685207.4,685302.44,694259.0,0.0
710,711.0,61.56029,102.14488,685207.3,685302.44,691597.8,0.0
711,712.0,65.8957,97.01428,685207.3,685302.4,693069.44,0.0
712,713.0,55.119785,111.65273,685207.2,685302.44,697173.0,0.0
713,714.0,58.487755,97.83594,685207.2,685302.44,692489.9,0.0
714,715.0,55.11004,90.4051,685207.3,685302.4,694811.0,0.0
715,716.0,51.229633,95.85692,685207.3,685302.4,693031.1,0.0
716,717.0,59.214516,90.60028,685207.3,685302.4,695116.44,0.0
717,718.0,53.117546,89.05871,685207.3,685302.4,694023.56,0.0
718,719.0,57.10194,99.14854,685207.4,685302.44,697566.06,0.0
719,720.0,61.82441,92.45235,685207.3,685302.44,697217.0,0.0
720,721.0,53.680202,88.852585,685207.3,685302.4,694028.1,0.0
721,722.0,51.438538,88.34498,685207.3,685302.4,695655.2,0.0
722,723.0,50.747196,114.42381,685207.4,685302.44,694831.9,0.0
723,724.0,51.3557,90.20197,685207.4,685302.44,698318.0,0.0
724,725.0,48.499573,87.18588,685207.3,685302.44,693321.9,0.0
725,726.0,49.30496,89.55822,685207.3,685302.44,696316.3,0.0
726,727.0,53.439907,96.69021,685207.3,685302.4,696460.7,0.0
727,728.0,54.546528,91.98943,685207.2,685302.4,697015.06,0.0
728,729.0,89.99913,119.24766,685207.3,685302.3,707488.3,0.0
729,730.0,59.179554,88.97248,685207.3,685302.44,700588.5,0.0
730,731.0,51.126476,90.89541,685207.3,685302.4,693921.56,0.0
731,732.0,48.722404,87.40457,685207.2,685302.4,696572.8,0.0
732,733.0,48.179253,87.07481,685207.3,685302.44,695122.8,0.0
733,734.0,49.62428,88.36482,685207.3,685302.44,696310.06,0.0
734,735.0,47.966003,87.88277,685207.3,685302.44,695486.9,0.0
735,736.0,61.19433,93.43214,685207.3,685302.44,694238.1,0.0
736,737.0,67.99511,95.15018,685207.3,685302.44,694381.4,0.0
737,738.0,81.9317,129.8175,685207.2,685302.4,687774.0,0.0
738,739.0,80.45842,91.85501,685207.3,685302.4,703618.94,0.0
739,740.0,51.868122,93.95266,685207.3,685302.44,699928.0,0.0
740,741.0,58.497524,101.56644,685207.3,685302.4,695275.56,0.0
741,742.0,54.069244,89.02909,685207.3,685302.4,696911.7,0.0
742,743.0,61.524788,91.92976,685207.3,685302.4,693314.2,0.0
743,744.0,61.257694,91.20264,685207.2,685302.4,691263.4,0.0
744,745.0,61.009056,89.2926,685207.2,685302.4,697822.3,0.0
745,746.0,56.446224,88.265785,685207.3,685302.4,692650.7,0.0
746,747.0,59.62328,90.59652,685207.3,685302.44,699700.7,0.0
747,748.0,58.689514,100.43501,685207.3,685302.4,694085.94,0.0
748,749.0,58.430676,88.61653,685207.3,685302.4,693696.5,0.0
749,750.0,71.097565,94.98079,685207.2,685302.44,692128.44,0.0
750,751.0,51.52784,118.488846,685207.3,685302.4,694997.9,0.0
751,752.0,55.94528,87.164444,685207.4,685302.4,696719.06,0.0
752,753.0,50.7178,91.21439,685207.3,685302.4,695267.8,0.0
753,754.0,52.180023,95.503914,685207.3,685302.4,695802.0,0.0
754,755.0,55.178856,87.6744,685207.3,685302.44,698345.8,0.0
755,756.0,48.318657,87.180145,685207.3,685302.44,694250.06,0.0
756,757.0,46.645405,86.405785,685207.3,685302.4,695004.8,0.0
757,758.0,47.791203,86.91469,685207.3,685302.4,697533.94,0.0
758,759.0,49.680607,86.84027,685207.3,685302.44,700403.7,0.0
759,760.0,56.41678,89.51386,685207.3,685302.4,698037.0,0.0
760,761.0,57.053444,88.55197,685207.3,685302.44,691622.2,0.0
761,762.0,57.857414,90.58646,685207.3,685302.44,698698.8,0.0
762,763.0,49.93091,86.73518,685207.3,685302.44,694813.94,0.0
763,764.0,50.27749,87.068146,685207.3,685302.44,693649.5,0.0
764,765.0,53.346233,86.72797,685207.3,685302.44,698344.3,0.0
765,766.0,62.33065,105.9019,685207.3,685302.44,692148.5,0.0
766,767.0,60.350033,88.038864,685207.3,685302.4,696626.1,0.0
767,768.0,54.73466,87.807144,685207.3,685302.4,697759.44,0.0
768,769.0,52.211662,88.02274,685207.3,685302.44,696327.8,0.0
769,770.0,62.116947,237.80888,685207.4,685302.4,701863.06,0.0
770,771.0,86.01072,90.049385,685207.2,685302.4,695505.0,0.0
771,772.0,65.98195,105.40894,685207.3,685302.4,697412.2,0.0
772,773.0,83.39973,92.556335,685207.3,685302.44,696462.9,0.0
773,774.0,51.37023,89.040344,685207.3,685302.4,693749.6,0.0
774,775.0,57.619434,92.23775,685207.3,685302.4,700783.1,0.0
775,776.0,49.591797,88.55011,685207.3,685302.4,696208.1,0.0
776,777.0,52.74131,86.118004,685207.3,685302.44,694921.44,0.0
777,778.0,61.859676,123.63804,685207.3,685302.44,699307.6,0.0
778,779.0,64.42576,95.98707,685207.3,685302.4,699591.8,0.0
779,780.0,68.71456,87.84817,685207.3,685302.4,691574.0,0.0
780,781.0,50.77112,92.15446,685207.3,685302.4,697046.8,0.0
781,782.0,54.350185,92.75917,685207.3,685302.44,696893.3,0.0
782,783.0,52.259975,90.18504,685207.4,685302.4,695197.0,0.0
783,784.0,48.83034,89.20787,685207.3,685302.4,696298.5,0.0
784,785.0,49.408142,89.307945,685207.4,685302.44,694931.2,0.0
785,786.0,49.58565,92.1848,685207.3,685302.44,693872.6,0.0
786,787.0,51.67379,87.066475,685207.4,685302.44,697771.94,0.0
787,788.0,48.73105,87.90311,685207.3,685302.4,697651.5,0.0
788,789.0,53.29725,94.03058,685207.2,685302.4,698048.1,0.0
789,790.0,53.007973,91.282455,685207.3,685302.44,693899.06,0.0
790,791.0,51.480785,92.90709,685207.3,685302.44,696819.7,0.0
791,792.0,50.650352,89.578995,685207.2,685302.4,694019.5,0.0
792,793.0,49.60318,88.29349,685207.3,685302.44,692740.2,0.0
793,794.0,50.47321,92.43666,685207.4,685302.44,694350.8,0.0
794,795.0,51.004925,93.01939,685207.3,685302.44,698795.0,0.0
795,796.0,57.551884,97.731415,685207.3,685302.44,696190.56,0.0
796,797.0,65.65185,94.82138,685207.3,685302.4,702229.1,0.0
797,798.0,60.207855,100.51171,685207.1,685302.44,693494.3,0.0
798,799.0,60.16825,91.00638,685207.3,685302.4,691277.1,0.0
799,800.0,53.64868,89.03592,685207.3,685302.44,698802.0,0.0
800,801.0,56.91132,93.733665,685207.3,685302.4,694577.56,0.0
801,802.0,69.34191,105.823654,685207.3,685302.4,694035.7,0.0
802,803.0,56.820354,99.63097,685207.3,685302.4,690752.0,0.0
803,804.0,52.910442,89.57265,685207.2,685302.4,695585.6,0.0
804,805.0,54.058292,89.8976,685207.3,685302.44,697411.0,0.0
805,806.0,57.98141,96.37839,685207.3,685302.4,691105.8,0.0
806,807.0,54.73704,88.74875,685207.3,685302.4,693453.4,0.0
807,808.0,51.96413,88.445694,685207.3,685302.44,695153.2,0.0
808,809.0,53.221527,101.02136,685207.4,685302.4,698997.6,0.0
809,810.0,54.22329,89.17842,685207.3,685302.4,692210.5,0.0
810,811.0,56.358086,92.28725,685207.4,685302.4,693650.7,0.0
811,812.0,53.081276,88.25957,685207.3,685302.4,697836.0,0.0
812,813.0,53.05823,87.94051,685207.4,685302.44,691336.06,0.0
813,814.0,60.449127,91.417404,685207.2,685302.4,697788.3,0.0
814,815.0,55.48742,91.31292,685207.3,685302.4,693675.5,0.0
815,816.0,57.366795,108.14766,685207.3,685302.44,692190.94,0.0
816,817.0,67.90153,91.6539,685207.3,685302.4,694525.56,0.0
817,818.0,70.39391,109.0297,685207.3,685302.4,694817.1,0.0
818,819.0,73.359634,98.7274,685207.3,685302.44,690102.8,0.0
819,820.0,57.20486,89.41717,685207.3,685302.44,692513.1,0.0
820,821.0,55.02815,88.895645,685207.2,685302.44,695539.9,0.0
821,822.0,51.95512,89.744705,685207.3,685302.4,693191.9,0.0
822,823.0,61.63692,96.314415,685207.4,685302.4,696426.2,0.0
823,824.0,55.95703,91.10371,685207.3,685302.4,694790.56,0.0
824,825.0,54.50748,96.163414,685207.4,685302.44,696800.6,0.0
825,826.0,52.001404,89.26736,685207.3,685302.44,695746.1,0.0
826,827.0,53.30259,88.60672,685207.3,685302.44,697649.3,0.0
827,828.0,51.576027,90.997345,685207.3,685302.4,694131.8,0.0
828,829.0,52.009823,89.32095,685207.3,685302.44,694762.9,0.0
829,830.0,62.383366,94.34487,685207.3,685302.4,698974.0,0.0
830,831.0,58.148613,97.13206,685207.4,685302.4,699754.56,0.0
831,832.0,55.01464,92.36703,685207.3,685302.4,691587.44,0.0
832,833.0,53.736988,96.66991,685207.3,685302.3,694492.8,0.0
833,834.0,54.404575,90.40754,685207.3,685302.3,696156.6,0.0
834,835.0,53.630375,92.40858,685207.3,685302.44,691936.3,0.0
835,836.0,61.49593,92.37395,685207.3,685302.4,693347.6,0.0
836,837.0,59.576637,90.7348,685207.2,685302.4,693688.5,0.0
837,838.0,56.680798,101.23471,685207.3,685302.4,698800.1,0.0
838,839.0,58.68736,92.10043,685207.3,685302.4,695575.3,0.0
839,840.0,58.94317,90.97128,685207.3,685302.44,697306.7,0.0
840,841.0,80.34489,92.8226,685207.3,685302.44,698083.8,0.0
841,842.0,60.737217,95.84497,685207.3,685302.4,692839.3,0.0
842,843.0,63.110603,92.70714,685207.3,685302.44,694770.5,0.0
843,844.0,67.60228,88.69037,685207.3,685302.44,695039.94,0.0
844,845.0,54.465343,93.84102,685207.3,685302.4,697944.94,0.0
845,846.0,54.163887,88.11121,685207.3,685302.4,694760.44,0.0
846,847.0,54.714733,89.548416,685207.3,685302.4,698957.6,0.0
847,848.0,55.876434,91.502014,685207.3,685302.4,699575.3,0.0
848,849.0,54.16389,89.19177,685207.4,685302.4,697960.4,0.0
849,850.0,55.57827,92.91272,685207.2,685302.44,697846.2,0.0
850,851.0,52.464573,87.64325,685207.3,685302.4,695824.44,0.0
851,852.0,55.13154,95.07868,685207.3,685302.44,696118.56,0.0
852,853.0,57.344677,91.39169,685207.3,685302.44,698357.8,0.0
853,854.0,54.366924,88.07318,685207.2,685302.4,695445.56,0.0
854,855.0,51.98109,90.708626,685207.2,685302.4,694910.4,0.0
855,856.0,54.31251,93.42258,685207.2,685302.4,693640.4,0.0
856,857.0,58.109505,93.7142,685207.3,685302.44,696394.7,0.0
857,858.0,52.562996,89.12525,685207.2,685302.44,695402.6,0.0
858,859.0,49.07082,87.89667,685207.3,685302.4,694030.4,0.0
859,860.0,50.93703,89.587074,685207.3,685302.4,693881.7,0.0
860,861.0,62.368473,89.387764,685207.3,685302.3,699220.4,0.0
861,862.0,57.18339,91.44368,685207.3,685302.4,693430.56,0.0
862,863.0,56.327637,90.3916,685207.2,685302.4,695046.44,0.0
863,864.0,52.50234,93.20432,685207.3,685302.4,694854.6,0.0
864,865.0,50.249035,91.57558,685207.4,685302.44,696560.2,0.0
865,866.0,53.107388,88.797745,685207.3,685302.4,695058.06,0.0
866,867.0,52.30188,101.73728,685207.3,685302.44,694637.7,0.0
867,868.0,51.34145,99.81219,685207.3,685302.44,694801.0,0.0
868,869.0,60.451336,91.77855,685207.3,685302.4,697597.44,0.0
869,870.0,51.522045,99.962616,685207.3,685302.4,696229.0,0.0
870,871.0,54.856106,90.16737,685207.3,685302.4,695737.06,0.0
871,872.0,51.61738,89.84219,685207.2,685302.44,696237.44,0.0
872,873.0,54.771843,93.458046,685207.2,685302.4,695276.9,0.0
873,874.0,75.718124,99.350624,685207.3,685302.4,694607.94,0.0
874,875.0,61.709133,97.88465,685207.3,685302.4,699304.94,0.0
875,876.0,65.11802,116.31858,685207.3,685302.4,695359.2,0.0
876,877.0,64.43257,89.242226,685207.3,685302.44,691301.3,0.0
877,878.0,60.121887,92.12827,685207.2,685302.44,697449.2,0.0
878,879.0,66.880424,93.29521,685207.3,685302.44,697199.4,0.0
879,880.0,61.444874,88.998825,685207.3,685302.4,693954.56,0.0
880,881.0,53.226593,92.45038,685207.2,685302.4,694441.2,0.0
881,882.0,51.1997,89.16351,685207.3,685302.4,694898.94,0.0
882,883.0,52.76098,89.057556,685207.2,685302.3,697814.56,0.0
883,884.0,50.696804,90.83114,685207.3,685302.4,695209.4,0.0
884,885.0,49.11353,91.34746,685207.2,685302.44,697601.7,0.0
885,886.0,50.909145,87.75579,685207.3,685302.4,694858.9,0.0
886,887.0,51.749126,100.90294,685207.3,685302.44,694801.4,0.0
887,888.0,53.98695,89.94469,685207.4,685302.4,691733.56,0.0
888,889.0,50.26624,91.90479,685207.4,685302.44,698240.3,0.0
889,890.0,48.19428,90.02845,685207.3,685302.4,697996.44,0.0
890,891.0,48.89829,88.82065,685207.3,685302.44,696518.6,0.0
891,892.0,49.210766,90.835655,685207.2,685302.44,696913.6,0.0
892,893.0,69.85065,121.30714,685207.3,685302.44,692420.8,0.0
893,894.0,71.20598,94.4628,685207.3,685302.44,697955.4,0.0
894,895.0,70.20991,96.41304,685207.3,685302.4,695026.9,0.0
895,896.0,53.002483,91.36913,685207.3,685302.44,694311.7,0.0
896,897.0,55.71232,88.51407,685207.3,685302.44,692516.3,0.0
897,898.0,52.72718,101.88035,685207.2,685302.4,697433.9,0.0
898,899.0,55.66871,105.82633,685207.2,685302.44,695966.2,0.0
899,900.0,58.924305,90.00422,685207.3,685302.4,700924.6,0.0
900,901.0,65.008316,94.22441,685207.3,685302.4,698316.5,0.0
901,902.0,56.257324,89.8704,685207.3,685302.4,694463.1,0.0
902,903.0,55.178307,88.45508,685207.3,685302.44,697625.0,0.0
903,904.0,55.39776,91.48608,685207.3,685302.44,696968.1,0.0
904,905.0,52.125465,88.40726,685207.4,685302.4,696979.06,0.0
905,906.0,50.134922,89.09921,685207.3,685302.44,696572.1,0.0
906,907.0,49.61303,91.03383,685207.3,685302.4,694239.5,0.0
907,908.0,49.614956,86.546104,685207.3,685302.44,696211.56,0.0
908,909.0,50.589016,86.70077,685207.2,685302.4,694017.94,0.0
909,910.0,55.38462,88.4064,685207.3,685302.4,696268.1,0.0
910,911.0,51.949135,90.29398,685207.3,685302.4,695296.1,0.0
911,912.0,53.14095,87.33846,685207.3,685302.44,696673.4,0.0
912,913.0,48.396263,91.78143,685207.3,685302.44,695922.1,0.0
913,914.0,48.520878,87.75571,685207.3,685302.4,695084.1,0.0
914,915.0,55.40072,91.49176,685207.3,685302.4,698969.9,0.0
915,916.0,50.971134,94.35498,685207.2,685302.4,692078.3,0.0
916,917.0,57.99898,88.33226,685207.3,685302.44,698838.44,0.0
917,918.0,70.35452,91.77441,685207.3,685302.44,699573.8,0.0
918,919.0,50.76076,88.63361,685207.3,685302.44,696412.1,0.0
919,920.0,51.955326,93.895966,685207.3,685302.4,693488.4,0.0
920,921.0,50.434338,88.25928,685207.3,685302.4,696799.44,0.0
921,922.0,69.98668,93.97427,685207.4,685302.4,693100.8,0.0
922,923.0,55.454937,103.0596,685207.3,685302.4,695069.94,0.0
923,924.0,73.79762,115.981544,685207.3,685302.4,695525.1,0.0
924,925.0,79.90343,109.607735,685207.3,685302.4,691403.1,0.0
925,926.0,79.90543,130.90353,685207.3,685302.44,696905.5,0.0
926,927.0,76.36253,94.61309,685207.3,685302.4,698393.2,0.0
927,928.0,56.972446,90.41227,685207.3,685302.44,692818.0,0.0
928,929.0,54.85677,91.836174,685207.3,685302.44,694958.6,0.0
929,930.0,55.510284,91.35651,685207.3,685302.4,696374.7,0.0
930,931.0,49.96419,94.800964,685207.3,685302.4,695497.7,0.0
931,932.0,52.4027,93.635284,685207.3,685302.4,694406.9,0.0
932,933.0,54.905273,91.04693,685207.3,685302.4,696198.06,0.0
933,934.0,47.66077,90.26854,685207.2,685302.44,696276.94,0.0
934,935.0,49.527996,88.73779,685207.3,685302.4,694633.5,0.0
935,936.0,48.73092,87.73637,685207.3,685302.44,697378.0,0.0
936,937.0,49.78842,86.74469,685207.2,685302.4,694182.4,0.0
937,938.0,48.57482,88.99698,685207.2,685302.44,696343.06,0.0
938,939.0,52.714146,86.68671,685207.3,685302.44,695972.8,0.0
939,940.0,60.480267,98.440605,685207.3,685302.44,696370.44,0.0
940,941.0,63.72791,89.942635,685207.3,685302.4,697519.8,0.0
941,942.0,99.5915,153.56006,685207.3,685302.4,695338.7,0.0
942,943.0,107.32616,96.97444,685207.3,685302.4,687980.9,0.0
943,944.0,79.46344,111.35255,685207.3,685302.5,706317.56,0.0
944,945.0,97.69857,110.543945,685207.3,685302.44,694906.8,0.0
945,946.0,62.07413,93.06708,685207.3,685302.44,695451.44,0.0
946,947.0,53.170982,89.42469,685207.3,685302.44,696227.1,0.0
947,948.0,52.446285,90.30554,685207.4,685302.44,693781.5,0.0
948,949.0,54.71748,91.59892,685207.3,685302.4,696069.5,0.0
949,950.0,53.017735,87.06845,685207.3,685302.44,695270.9,0.0
950,951.0,55.78598,90.96914,685207.3,685302.44,695617.1,0.0
951,952.0,51.66159,91.91257,685207.3,685302.4,697297.1,0.0
952,953.0,52.179333,91.10286,685207.2,685302.44,695550.6,0.0
953,954.0,52.846367,88.22258,685207.3,685302.4,692540.3,0.0
954,955.0,49.12774,86.51204,685207.3,685302.44,697286.2,0.0
955,956.0,54.808323,86.347786,685207.3,685302.44,693478.94,0.0
956,957.0,54.065468,94.64522,685207.3,685302.44,697781.0,0.0
957,958.0,52.337135,87.80126,685207.3,685302.4,695127.0,0.0
958,959.0,49.260212,86.82153,685207.2,685302.4,693314.94,0.0
959,960.0,55.028538,87.86977,685207.3,685302.4,695571.9,0.0
960,961.0,49.546936,96.71179,685207.3,685302.4,696268.06,0.0
961,962.0,92.88478,121.7472,685207.2,685302.44,698302.06,0.0
962,963.0,68.579765,89.24388,685207.4,685302.4,697219.9,0.0
963,964.0,60.14709,104.50812,685207.3,685302.4,686124.56,0.0
964,965.0,68.13703,96.04317,685207.3,685302.44,694723.06,0.0
965,966.0,55.14587,87.55303,685207.2,685302.4,696824.7,0.0
966,967.0,62.90762,92.70306,685207.3,685302.4,695036.44,0.0
967,968.0,51.871258,89.819885,685207.2,685302.4,693565.5,0.0
968,969.0,54.088673,91.40036,685207.4,685302.4,696764.4,0.0
969,970.0,56.607327,90.95843,685207.2,685302.4,695864.9,0.0
970,971.0,52.158485,99.392334,685207.4,685302.44,692856.8,0.0
971,972.0,52.502476,86.96146,685207.3,685302.44,694276.94,0.0
972,973.0,56.476257,89.43336,685207.3,685302.4,695733.4,0.0
973,974.0,63.84359,93.207,685207.3,685302.4,698582.0,0.0
974,975.0,72.75436,102.4507,685207.2,685302.3,691441.9,0.0
975,976.0,70.66688,92.32732,685207.2,685302.4,700220.0,0.0
976,977.0,63.734814,93.71843,685207.2,685302.44,695611.9,0.0
977,978.0,54.945858,92.11928,685207.3,685302.3,693771.56,0.0
978,979.0,63.18374,133.74466,685207.3,685302.4,701508.4,0.0
979,980.0,84.27916,115.26857,685207.3,685302.44,697498.1,0.0
980,981.0,69.61568,93.74303,685207.4,685302.44,695488.44,0.0
981,982.0,54.795628,96.98619,685207.3,685302.4,693694.06,0.0
982,983.0,50.757046,90.29443,685207.3,685302.4,694867.06,0.0
983,984.0,49.483288,87.47715,685207.3,685302.4,695199.9,0.0
984,985.0,51.32608,92.067314,685207.4,685302.44,695428.44,0.0
985,986.0,50.22284,89.02019,685207.3,685302.4,697350.06,0.0
986,987.0,55.12574,97.58696,685207.3,685302.44,698104.1,0.0
987,988.0,50.992653,92.6203,685207.3,685302.4,693229.56,0.0
988,989.0,49.104656,91.03371,685207.2,685302.4,697672.94,0.0
989,990.0,54.56124,90.01947,685207.3,685302.3,698347.8,0.0
990,991.0,50.111538,89.93042,685207.3,685302.44,695645.4,0.0
991,992.0,50.398434,89.74423,685207.3,685302.4,695269.5,0.0
992,993.0,51.491264,87.262665,685207.4,685302.44,701064.3,0.0
993,994.0,49.2212,90.62255,685207.3,685302.4,696067.5,0.0
994,995.0,51.280224,88.742134,685207.3,685302.44,694317.4,0.0
995,996.0,49.1656,86.953125,685207.3,685302.44,698027.8,0.0
996,997.0,52.609722,93.10278,685207.4,685302.4,696561.0,0.0
997,998.0,48.33789,89.26669,685207.3,685302.4,696602.9,0.0
998,999.0,48.878532,89.2525,685207.3,685302.4,697544.3,0.0
999,1000.0,51.07359,91.04483,685207.2,685302.44,697604.3,0.0
1000,1001.0,60.708637,86.46336,685207.3,685302.44,701428.7,0.0
1001,1002.0,57.93864,93.86007,685207.3,685302.44,694245.06,0.0
1002,1003.0,58.054356,88.868195,685207.4,685302.44,697266.9,0.0
1003,1004.0,50.351585,87.41905,685207.3,685302.4,695812.56,0.0
1004,1005.0,56.65694,90.973724,685207.3,685302.4,697419.9,0.0
1005,1006.0,50.799786,89.423134,685207.4,685302.44,694206.0,0.0
1006,1007.0,52.158115,88.10796,685207.2,685302.4,695817.7,0.0
1007,1008.0,54.46529,86.030655,685207.3,685302.44,692488.56,0.0
1008,1009.0,56.590027,92.032135,685207.4,685302.4,693954.7,0.0
1009,1010.0,58.60018,89.98221,685207.4,685302.4,697832.8,0.0
1010,1011.0,60.04615,91.15997,685207.2,685302.4,690458.4,0.0
1011,1012.0,51.664127,100.90357,685207.3,685302.44,698534.0,0.0
1012,1013.0,51.428288,90.24969,685207.3,685302.4,692628.2,0.0
1013,1014.0,50.49358,87.77532,685207.3,685302.4,694870.94,0.0
1014,1015.0,49.457085,87.03687,685207.3,685302.4,696807.0,0.0
1015,1016.0,47.966526,89.170006,685207.3,685302.4,696510.7,0.0
1016,1017.0,47.180714,89.14391,685207.3,685302.4,695845.9,0.0
1017,1018.0,49.247036,92.52463,685207.2,685302.44,696674.5,0.0
1018,1019.0,51.688763,91.86118,685207.3,685302.44,698556.2,0.0
1019,1020.0,51.169163,92.22903,685207.4,685302.4,697716.1,0.0
1020,1021.0,56.995003,114.9554,685207.3,685302.4,694853.6,0.0
1021,1022.0,65.13616,108.3367,685207.3,685302.44,699770.7,0.0
1022,1023.0,78.77192,116.463776,685207.3,685302.4,695993.3,0.0
1023,1024.0,64.83938,94.67297,685207.3,685302.44,693125.1,0.0
1024,1025.0,60.66007,93.10468,685207.3,685302.4,696592.3,0.0
1025,1026.0,58.98062,93.283104,685207.3,685302.44,699247.7,0.0
1026,1027.0,69.64136,98.270615,685207.3,685302.4,698342.2,0.0
1027,1028.0,61.695854,95.33243,685207.3,685302.4,694672.06,0.0
1028,1029.0,55.377693,89.61513,685207.3,685302.4,696302.4,0.0
1029,1030.0,49.570408,86.84725,685207.2,685302.44,698890.06,0.0
1030,1031.0,46.793438,89.14166,685207.2,685302.4,698260.3,0.0
1031,1032.0,48.40211,89.458855,685207.4,685302.44,696522.8,0.0
1032,1033.0,47.56384,87.24078,685207.3,685302.4,695783.5,0.0
1033,1034.0,48.132145,89.32478,685207.3,685302.44,697813.6,0.0
1034,1035.0,48.11689,88.58757,685207.2,685302.4,696348.1,0.0
1035,1036.0,47.522793,88.96728,685207.3,685302.4,696032.8,0.0
1036,1037.0,51.66818,88.05676,685207.3,685302.4,693027.1,0.0
1037,1038.0,48.536915,88.951614,685207.2,685302.4,697197.6,0.0
