,epoch,loss,val_loss,ivw,evw,ivw_ann,f_loss
0,1.0,27705.383,42902.703,21255.531,21257.596,114.43117,16623.227
1,2.0,7329.2925,7047.4995,36278.273,36284.207,352.54462,4397.575
2,3.0,3482.0698,4461.1553,28688.828,28692.596,403.23438,2089.2422
3,4.0,3315.369,3057.6006,39040.63,39047.53,572.86804,1989.2213
4,5.0,2385.1357,2181.7354,39040.633,39047.53,689.6531,1431.0813
5,6.0,1886.7444,1614.21,44076.965,44085.45,867.2979,1132.0465
6,7.0,1195.7759,1229.8657,36522.793,36528.203,931.0434,717.46545
7,8.0,518.2351,964.301,21255.53,21257.594,810.00006,310.941
8,9.0,758.3919,774.45953,36522.797,36528.203,1185.8212,455.03513
9,10.0,629.9514,635.83234,36659.71,36665.676,1296.3955,377.97083
10,11.0,529.1098,536.50836,36126.33,36132.19,1396.0203,317.46588
11,12.0,457.14648,461.5436,36125.562,36131.42,1506.9493,274.2879
12,13.0,430.27597,402.47488,39040.633,39047.53,1667.8842,258.16556
13,14.0,428.60583,354.89767,40900.43,40908.664,1753.3726,257.16348
14,15.0,287.48987,314.9906,33850.406,33855.336,1789.2583,172.49391
15,16.0,330.1471,281.95935,44426.21,44434.766,2155.538,198.08823
16,17.0,238.60056,253.26978,34125.824,34130.81,1993.3566,143.16034
17,18.0,176.55762,228.72859,27310.002,27313.604,1831.1992,105.93457
18,19.0,199.76701,207.52226,36800.04,36805.94,2301.03,119.86019
19,20.0,102.06992,188.5804,21255.53,21257.592,1843.438,61.24195
20,21.0,165.69606,172.02742,36522.793,36528.2,2520.5571,99.417625
21,22.0,167.93562,157.36499,39040.63,39047.53,2648.5,100.761375
22,23.0,108.750885,143.91042,28266.451,28270.201,2362.9666,65.25053
23,24.0,127.48526,131.98155,36522.793,36528.203,2863.4175,76.49115
24,25.0,93.474396,121.163086,28195.303,28199.057,2546.6182,56.08463
25,26.0,100.99082,111.41291,34004.766,34009.723,2966.2937,60.594498
26,27.0,124.43643,102.623146,40456.637,40464.805,3166.0903,74.66184
27,28.0,90.99905,94.49063,36522.797,36528.2,3355.923,54.599426
28,29.0,84.01482,87.131,36522.793,36528.2,3486.5132,50.408886
29,30.0,99.77322,80.42908,40580.87,40589.1,3550.8079,59.863926
30,31.0,71.409935,74.19273,36522.797,36528.2,3758.454,42.845955
31,32.0,59.370937,68.55696,30595.635,30600.059,3452.5623,35.62256
32,33.0,68.09741,63.383865,39040.63,39047.53,4069.3333,40.858444
33,34.0,72.718346,58.59137,40860.56,40868.8,4138.393,43.631
34,35.0,65.42634,54.1455,39937.82,39945.9,4209.472,39.255795
35,36.0,49.000137,50.0598,35962.39,35968.258,4391.485,29.400082
36,37.0,44.31783,46.31686,35872.207,35878.023,4578.084,26.590693
37,38.0,43.09779,42.84001,36236.758,36242.668,4712.7285,25.858671
38,39.0,30.135624,39.622814,28160.523,28164.252,4307.761,18.081373
39,40.0,37.109894,36.68428,36861.117,36867.156,5118.494,22.265936
40,41.0,30.697977,33.938015,33986.617,33991.562,5128.129,18.418787
41,42.0,30.784136,31.427195,35588.348,35594.117,5342.2217,18.470482
42,43.0,30.948368,29.095451,38444.973,38451.766,5709.18,18.569021
43,44.0,26.597588,26.925707,36145.9,36151.766,5793.544,15.958552
44,45.0,16.796947,24.911114,24871.62,24874.504,4937.4365,10.078167
45,46.0,15.509816,23.053076,24871.617,24874.508,5106.406,9.305889
46,47.0,14.323362,21.335579,24871.62,24874.506,5279.7534,8.594017
47,48.0,16.701946,19.759375,30595.633,30600.059,6018.1147,10.021168
48,49.0,17.87242,18.285952,35996.668,36002.516,6845.1235,10.723451
49,50.0,18.443848,16.923235,38444.977,38451.766,7212.154,11.06631
50,51.0,16.926691,15.6498,38444.977,38451.766,7453.492,10.1560135
51,52.0,15.707358,14.472707,38444.977,38451.766,7701.009,9.424414
52,53.0,8.857222,13.377859,24871.62,24874.506,6429.2773,5.3143325
53,54.0,9.447061,12.370582,28735.02,28738.799,7218.4253,5.668236
54,55.0,11.111561,11.442146,36197.867,36203.727,8375.558,6.666937
55,56.0,7.7826743,10.574235,28269.094,28272.84,7582.032,4.6696043
56,57.0,6.4020457,9.774899,24871.617,24874.506,7306.385,3.8412273
57,58.0,4.421415,9.025723,21255.53,21257.594,7183.881,2.6528485
58,59.0,10.021352,8.348399,44098.637,44107.117,10430.163,6.012811
59,60.0,6.500395,7.7036915,30595.633,30600.062,8855.346,3.9002364
60,61.0,5.9135375,7.123011,30595.635,30600.062,9132.332,3.548122
61,62.0,5.940152,6.5736737,34071.727,34076.7,10163.169,3.5640907
62,63.0,5.042157,6.070447,30595.635,30600.062,9711.854,3.025294
63,64.0,6.1908045,5.605134,38444.977,38451.77,11230.36,3.7144823
64,65.0,4.409073,5.1716704,30595.635,30600.062,10314.651,2.6454434
65,66.0,4.414583,4.771236,34355.547,34360.555,11545.991,2.6487498
66,67.0,1.9526664,4.398346,21255.53,21257.594,9458.576,1.1715999
67,68.0,2.5591471,4.058873,24871.62,24874.504,10228.073,1.535488
68,69.0,3.6032143,3.7424474,36522.797,36528.2,13115.556,2.1619284
69,70.0,3.3025787,3.4490461,36522.797,36528.195,13504.495,1.9815469
70,71.0,3.0686789,3.1786642,36522.793,36528.195,13898.386,1.8412073
71,72.0,1.3201293,2.926477,21255.53,21257.596,10939.766,0.79207754
72,73.0,1.1659036,2.6951418,21255.53,21257.596,11254.974,0.6995421
73,74.0,3.1898015,2.4871702,40354.36,40362.492,14839.018,1.9138811
74,75.0,0.97211117,2.285559,21255.531,21257.594,11902.596,0.5832667
75,76.0,1.4444337,2.1060534,27509.523,27513.154,13553.265,0.8666602
76,77.0,1.8815967,1.939115,35587.035,35592.805,15811.21,1.128958
77,78.0,1.705171,1.7842375,36522.797,36528.203,16886.143,1.0231024
78,79.0,1.5739744,1.6407431,36522.793,36528.2,17347.01,0.9443846
79,80.0,1.6583846,1.5108317,39040.633,39047.527,17921.559,0.99503064
80,81.0,1.3142743,1.388348,36522.793,36528.195,18284.008,0.7885645
81,82.0,1.6235428,1.2784495,44924.324,44932.945,20546.71,0.9741256
82,83.0,0.79878956,1.1741617,28168.148,28171.844,16802.336,0.47927374
83,84.0,1.0341346,1.0807188,36522.797,36528.2,19736.602,0.6204808
84,85.0,1.1041406,0.9955406,39040.63,39047.527,20352.443,0.6624843
85,86.0,1.2172472,0.91547036,40403.22,40411.37,20330.201,0.73034835
86,87.0,0.80899453,0.8413907,36522.793,36528.203,21240.68,0.4853967
87,88.0,0.9610183,0.7752646,44049.957,44058.434,23407.117,0.5766109
88,89.0,0.27542958,0.7122469,21255.531,21257.594,17033.078,0.16525775
89,90.0,0.8432243,0.6580778,44622.414,44630.984,24798.775,0.5059345
90,91.0,0.58806616,0.6056753,36522.797,36528.2,23298.041,0.35283968
91,92.0,0.7693771,0.5594684,40200.027,40208.16,23352.523,0.46162617
92,93.0,0.40991977,0.51486576,30595.635,30600.062,21567.492,0.24595183
93,94.0,0.28691638,0.47449514,24871.62,24874.504,19971.113,0.17214982
94,95.0,0.3813782,0.43938076,34231.04,34236.016,24415.07,0.2288269
95,96.0,0.3551479,0.40618137,34538.63,34543.67,25082.883,0.21308874
96,97.0,0.493964,0.37633845,44400.33,44408.88,28770.238,0.29637834
97,98.0,0.3463827,0.34848532,36767.16,36773.17,26601.502,0.20782961
98,99.0,0.26271343,0.32378513,30595.633,30600.062,24313.605,0.15762804
99,100.0,0.33937082,0.3018209,39040.633,39047.53,28121.93,0.20362248
100,101.0,0.20548214,0.2811606,27825.898,27829.584,24121.227,0.12328926
101,102.0,0.2957949,0.2637172,39040.63,39047.53,29112.166,0.17747694
102,103.0,0.26461494,0.24719872,35987.043,35992.914,28667.812,0.15876895
103,104.0,0.1656527,0.23216264,27949.79,27953.523,25331.723,0.099391624
104,105.0,0.24573629,0.21932253,39040.633,39047.53,30524.236,0.14744176
105,106.0,0.2877598,0.20784229,40566.824,40575.043,30170.75,0.17265588
106,107.0,0.19169801,0.19728228,36522.797,36528.2,31205.059,0.11501879
107,108.0,0.16078615,0.18757993,30595.635,30600.059,28004.508,0.09647168
108,109.0,0.118034124,0.17913726,21255.53,21257.594,24500.69,0.070820466
109,110.0,0.1887824,0.17237741,39040.63,39047.527,32566.316,0.11326943
110,111.0,0.21458346,0.16620848,44407.64,44416.184,35606.06,0.12875006
111,112.0,0.14049028,0.16002329,30595.635,30600.062,29280.75,0.08429417
112,113.0,0.22332716,0.15536374,40356.305,40364.414,33552.535,0.1339963
113,114.0,0.16564493,0.15077724,39040.63,39047.53,33853.49,0.099386945
114,115.0,0.11790308,0.14714152,28443.295,28447.107,29158.83,0.070741855
115,116.0,0.13188437,0.14408526,34734.67,34739.68,33488.23,0.07913061
116,117.0,0.13293831,0.14118573,34133.344,34138.332,32811.81,0.07976298
117,118.0,0.17783707,0.13880037,40454.652,40462.816,33831.473,0.10670223
118,119.0,0.15521543,0.1367709,44570.125,44578.684,37743.066,0.09312925
119,120.0,0.12997134,0.13454337,35540.168,35545.92,33523.42,0.0779828
120,121.0,0.1719902,0.1335092,40686.67,40694.86,34473.445,0.10319412
121,122.0,0.14575365,0.13194588,38444.973,38451.77,34836.992,0.08745218
122,123.0,0.12070659,0.13043529,30595.635,30600.059,31202.209,0.07242394
123,124.0,0.121008396,0.12896138,21255.53,21257.596,27071.533,0.072605036
124,125.0,0.119639024,0.12860255,21255.531,21257.594,27118.05,0.07178341
125,126.0,0.12829946,0.128314,24871.62,24874.504,28450.152,0.07697968
126,127.0,0.1282086,0.12802874,24871.617,24874.504,28504.402,0.07692516
127,128.0,0.119521275,0.12832463,30595.635,30600.062,31375.049,0.07171276
128,129.0,0.1352254,0.12785488,38444.973,38451.77,35219.934,0.081135236
129,130.0,0.12534565,0.12758674,36522.797,36528.2,35503.387,0.07520738
130,131.0,0.12803836,0.12676352,24871.62,24874.504,28560.693,0.076823026
131,132.0,0.14303671,0.12746643,45418.676,45427.316,39552.812,0.085822016
132,133.0,0.1293848,0.12749936,35874.18,35879.984,34602.938,0.07763086
133,134.0,0.14910679,0.12711187,45192.844,45201.453,39592.945,0.08946407
134,135.0,0.1169374,0.12645884,34466.336,34471.36,34480.945,0.07016244
135,136.0,0.12558207,0.12666331,36506.46,36512.39,34889.22,0.07534925
136,137.0,0.16061845,0.12679206,40857.27,40865.516,35055.516,0.09637108
137,138.0,0.12030857,0.12661344,37027.34,37033.293,35598.234,0.07218514
138,139.0,0.13776642,0.12658475,39040.63,39047.527,35777.137,0.082659855
139,140.0,0.13986012,0.12659107,44597.824,44606.39,38731.797,0.08391607
140,141.0,0.106658205,0.12553795,27920.709,27924.418,30263.281,0.06399492
141,142.0,0.12153559,0.12263551,27890.041,27893.744,30576.215,0.07292136
142,143.0,0.13610263,0.124653526,38444.973,38451.766,35587.883,0.08166158
143,144.0,0.11390196,0.12410867,27800.277,27803.955,30413.885,0.06834118
144,145.0,0.14188412,0.12507531,44622.684,44631.27,38865.08,0.085130475
145,146.0,0.11634146,0.12462827,30595.635,30600.059,31708.135,0.06980488
146,147.0,0.120771475,0.12421206,36445.41,36451.316,35147.082,0.07246289
147,148.0,0.11580014,0.124762416,30595.633,30600.062,31720.986,0.069480084
148,149.0,0.12856479,0.12491284,27902.115,27905.78,30801.277,0.07713887
149,150.0,0.12044346,0.12442604,21255.53,21257.594,27440.629,0.07226607
150,151.0,0.13492544,0.12577307,39040.633,39047.527,35891.812,0.08095525
151,152.0,0.1278567,0.12564313,24871.617,24874.506,28686.783,0.076714024
152,153.0,0.1274678,0.12548262,21255.53,21257.594,27370.432,0.076480664
153,154.0,0.15154427,0.12699173,38444.973,38451.766,35289.984,0.09092656
154,155.0,0.14064795,0.12722687,36375.535,36381.406,35506.574,0.084388755
155,156.0,0.13629341,0.12678522,38444.973,38451.77,35346.457,0.08177605
156,157.0,0.12794858,0.12602083,24871.62,24874.506,28652.715,0.07676914
157,158.0,0.120071515,0.12595055,21255.53,21257.594,27328.732,0.07204291
158,159.0,0.12107696,0.12596285,30595.633,30600.062,31565.836,0.07264616
159,160.0,0.16025889,0.12639244,40936.97,40945.22,35308.547,0.09615532
160,161.0,0.12556256,0.1257024,30595.633,30600.062,31605.164,0.07533754
161,162.0,0.12191714,0.1261245,30595.635,30600.062,31539.508,0.07315028
162,163.0,0.12742847,0.12595446,36226.14,36232.01,34939.086,0.07645708
163,164.0,0.1326635,0.12560706,38444.973,38451.766,35432.008,0.07959809
164,165.0,0.12141972,0.12443859,21255.527,21257.592,27447.238,0.07285183
165,166.0,0.11987856,0.12553293,37036.06,37042.01,35729.273,0.07192712
166,167.0,0.107360035,0.12563795,27941.277,27944.996,30276.857,0.06441602
167,168.0,0.13260064,0.12678812,38444.973,38451.77,35298.418,0.07956037
168,169.0,0.16593377,0.12676387,40912.484,40920.664,35770.793,0.099560246
169,170.0,0.12064269,0.12591296,21255.53,21257.592,27346.818,0.07238562
170,171.0,0.12494172,0.12666957,36522.793,36528.203,35598.16,0.07496502
171,172.0,0.11532222,0.12554216,34126.95,34131.934,34108.406,0.06919333
172,173.0,0.11642708,0.12587424,34451.195,34456.242,34314.375,0.06985625
173,174.0,0.1319764,0.12610944,38444.973,38451.77,35379.594,0.07918583
174,175.0,0.12057495,0.12576689,30595.633,30600.062,31583.398,0.07234497
175,176.0,0.13535072,0.12664539,39040.63,39047.527,35763.766,0.08121043
176,177.0,0.11999791,0.12530667,21255.531,21257.592,27362.266,0.071998745
177,178.0,0.1314829,0.12662938,38444.973,38451.766,35372.02,0.07888973
178,179.0,0.1319521,0.13045762,34761.086,34766.12,32459.371,0.079170436
179,180.0,0.15810332,0.12639001,40482.18,40490.36,34662.594,0.094861925
180,181.0,0.117691,0.1236294,30595.633,30600.062,31503.322,0.0706146
181,182.0,0.11672582,0.12167597,21255.527,21257.592,27266.137,0.07003547
182,183.0,0.11914551,0.119151264,24871.617,24874.504,28523.115,0.07148729
183,184.0,0.10238572,0.116171785,30595.635,30600.059,31345.166,0.061431415
184,185.0,0.12056393,0.112885185,38444.98,38451.773,35818.934,0.072338335
185,186.0,0.10482934,0.113851175,21255.53,21257.594,26303.262,0.062897585
186,187.0,0.10241625,0.11197424,36522.797,36528.2,35656.086,0.06144974
187,188.0,0.088146456,0.10770705,33531.867,33536.75,33158.883,0.052887864
188,189.0,0.096277714,0.11142954,21255.53,21257.596,26228.164,0.05776661
189,190.0,0.08497805,0.10563833,27924.543,27928.258,30062.508,0.050986815
190,191.0,0.074288964,0.0979389,30595.635,30600.062,32300.996,0.0445733
191,192.0,0.060031667,0.095446505,27282.145,27285.738,29922.326,0.036018983
192,193.0,0.063484766,0.0894309,34289.637,34294.625,35209.08,0.03809084
193,194.0,0.0733845,0.087121665,43950.22,43958.684,40323.066,0.04403068
194,195.0,0.057211056,0.089680195,44456.28,44464.812,41141.664,0.034326617
195,196.0,0.05056169,0.083337426,30595.635,30600.062,31867.184,0.030336976
196,197.0,0.042439416,0.081543416,30595.635,30600.062,32374.521,0.025463633
197,198.0,0.035909183,0.07711244,34647.707,34652.797,36590.516,0.021545459
198,199.0,0.03268017,0.07557639,36674.746,36680.715,37368.938,0.01960809
199,200.0,0.046428163,0.07682897,24871.617,24874.506,27400.32,0.027856864
200,201.0,0.04273104,0.075780205,24871.617,24874.504,27264.074,0.025638571
201,202.0,0.034838755,0.07391301,40515.27,40523.453,37710.945,0.020903235
202,203.0,0.024290776,0.072820015,38444.977,38451.77,38201.016,0.014574451
203,204.0,0.024542425,0.072311476,39040.633,39047.527,38295.81,0.014725443
204,205.0,0.022164756,0.07389933,30595.635,30600.059,32217.166,0.013298593
205,206.0,0.020471038,0.071254306,30595.633,30600.062,31796.17,0.012282427
206,207.0,0.02467649,0.07095508,40146.043,40154.145,38336.89,0.01480539
207,208.0,0.019672995,0.071918875,30595.635,30600.062,32338.479,0.011802088
208,209.0,0.01709033,0.06518969,36522.793,36528.2,38000.63,0.010252237
209,210.0,0.026204288,0.07187,24871.617,24874.504,26597.979,0.015721314
210,211.0,0.022930875,0.070805825,21255.531,21257.594,23224.42,0.0137559455
211,212.0,0.011573438,0.07578996,39040.63,39047.53,39894.945,0.0069438824
212,213.0,0.01779295,0.058775492,30595.635,30600.059,30723.535,0.01067546
213,214.0,0.019098511,0.07168325,30595.635,30600.062,31428.535,0.011458778
214,215.0,0.0063801934,0.06063475,44086.266,44094.754,44475.027,0.0038279155
215,216.0,0.008937031,0.07466238,40393.51,40401.67,39452.703,0.0053618946
216,217.0,0.010144987,0.07567106,40024.844,40032.953,39643.9,0.006086773
217,218.0,0.021019911,0.06381459,24871.617,24874.506,25725.78,0.012609157
218,219.0,0.044245243,0.078762,21255.53,21257.592,21708.377,0.026547046
219,220.0,0.021023545,0.07821449,21255.53,21257.592,22610.805,0.01261276
220,221.0,0.005422901,0.056930974,36471.95,36477.87,37829.965,0.0032534678
221,222.0,0.0077765603,0.04774355,34510.902,34515.957,35103.797,0.00466488
222,223.0,0.0064442637,0.07474838,41065.316,41073.535,40138.8,0.003861605
223,224.0,0.0017445891,0.0820595,38444.977,38451.77,38474.734,0.0010454361
224,225.0,0.06933844,0.06910527,21255.527,21257.594,22036.54,0.04160205
225,226.0,0.008753916,0.054136254,34683.965,34689.066,36327.7,0.005251553
226,227.0,0.0038753997,0.053006258,36169.312,36175.188,36998.168,0.0023246992
227,228.0,0.011464906,0.14899307,37034.242,37040.195,35338.19,0.006878422
228,229.0,0.0011683688,0.04535162,38444.973,38451.766,39008.43,0.0006999655
229,230.0,0.01373691,0.0851554,36522.797,36528.2,36876.17,0.008241481
230,231.0,0.013152873,0.05066988,24871.62,24874.506,25905.914,0.007891247
231,232.0,0.0036594244,0.03667524,33819.535,33824.465,34490.86,0.0021950363
232,233.0,0.009363764,0.04964714,30595.633,30600.062,30982.938,0.0056176367
233,234.0,0.03481151,0.049535237,34142.89,34147.88,33717.027,0.02088638
234,235.0,0.007825784,0.04979357,30595.633,30600.059,30828.812,0.004694301
235,236.0,0.0051004235,0.046200763,30595.635,30600.059,31527.844,0.003059493
236,237.0,0.03778356,0.47530043,27310.79,27314.389,22722.523,0.022669462
237,238.0,0.007807011,0.05076255,36522.797,36528.2,37330.08,0.0046837307
238,239.0,0.003480337,0.051661864,39040.63,39047.53,39094.94,0.002088076
239,240.0,0.01150754,0.06422141,33524.92,33529.8,33978.45,0.006904258
240,241.0,0.0076901615,0.05007337,30595.635,30600.062,30431.398,0.0046140123
241,242.0,0.016205268,0.058981843,24871.617,24874.504,25765.502,0.009721752
242,243.0,0.0031420605,0.050121732,40542.02,40550.215,40312.992,0.0018851134
243,244.0,0.036368147,0.18388407,24871.617,24874.506,21904.145,0.021817967
244,245.0,0.011620033,0.0447485,24871.62,24874.506,25481.986,0.0069686314
245,246.0,0.0037579495,0.052145958,27976.115,27979.848,28617.338,0.0022537613
246,247.0,0.010026838,0.13504854,39040.63,39047.527,36882.316,0.0060159587
247,248.0,0.009210192,0.04050816,24871.62,24874.506,25496.49,0.0055253324
248,249.0,0.00998538,0.042316295,24871.617,24874.506,25436.174,0.0059900167
249,250.0,0.005974582,0.048585586,33771.53,33776.44,34118.062,0.003584423
250,251.0,0.042212542,0.060920343,21255.53,21257.596,21485.805,0.02532478
251,252.0,0.000891456,0.040639732,38444.977,38451.766,39147.23,0.0005346491
252,253.0,0.0024461003,0.045449965,44933.09,44941.68,44800.47,0.0014673063
253,254.0,0.005901462,0.040869787,36522.793,36528.195,36922.81,0.0035398523
254,255.0,0.011761271,0.056482375,30595.635,30600.059,30907.84,0.007056122
255,256.0,0.013302755,0.045493416,24871.617,24874.506,25536.902,0.007979227
256,257.0,0.00836401,0.044841554,36522.793,36528.203,36668.27,0.0050173565
257,258.0,0.0018050333,0.038746133,45097.484,45106.11,44483.668,0.001081622
258,259.0,0.0011847402,0.035215143,44670.156,44678.758,44332.82,0.0007107709
259,260.0,0.0006451602,0.03198111,38444.973,38451.77,38910.547,0.000387005
260,261.0,0.009608851,0.121333346,39040.633,39047.53,38248.535,0.0057645943
261,262.0,0.0075968364,0.047517695,30595.633,30600.062,30978.822,0.0045570666
262,263.0,0.011180316,0.046251774,24871.617,24874.504,25682.373,0.0067060646
263,264.0,0.0023889297,0.047552645,28423.492,28427.217,28763.959,0.0014331429
264,265.0,0.00053468224,0.033195835,45427.79,45436.566,45109.09,0.00032053833
265,266.0,0.004612934,0.033160996,36522.797,36528.2,37102.863,0.0027671896
266,267.0,0.009142615,0.13033925,38444.977,38451.766,37483.48,0.0054850215
267,268.0,0.0023700998,0.034591544,36720.21,36726.113,36631.89,0.0014177042
268,269.0,0.0046526967,0.054173753,44544.367,44552.914,44467.395,0.002790708
269,270.0,0.0038422155,0.045207527,36311.81,36317.695,37156.71,0.002302901
270,271.0,0.0008657381,0.037755895,38444.973,38451.77,38298.695,0.0005186399
271,272.0,0.0017314935,0.046720747,36513.594,36519.523,37182.93,0.0010380801
272,273.0,0.0028829603,0.049601544,36119.75,36125.61,36484.31,0.001727676
273,274.0,0.00080314674,0.035688728,39040.63,39047.53,39057.39,0.00048169054
274,275.0,0.045494005,0.034410626,21255.53,21257.596,21359.012,0.027292496
275,276.0,0.017793952,0.059383683,24871.62,24874.506,24845.396,0.0106754685
276,277.0,0.008535457,0.06732482,27602.473,27606.133,28691.033,0.005120186
277,278.0,0.013092528,0.086247,30595.633,30600.062,29760.29,0.007853579
278,279.0,0.00717547,0.0339255,36522.797,36528.2,36836.74,0.004304433
279,280.0,0.000769135,0.03454155,44579.87,44588.426,44760.547,0.00046101294
280,281.0,0.0036687134,0.035990342,34099.117,34104.098,34761.34,0.002200923
281,282.0,0.006664901,0.036044884,36522.797,36528.203,36786.684,0.003998716
282,283.0,0.0046477597,0.03549711,30595.633,30600.062,30493.504,0.0027882284
283,284.0,0.00084646005,0.033938885,38444.973,38451.766,38051.816,0.00050772174
284,285.0,0.0068169087,0.038992018,36522.797,36528.2,37352.543,0.00408985
285,286.0,0.0042594885,0.037545078,33516.594,33521.465,33467.54,0.0025554951
286,287.0,0.0047337147,0.07402057,39040.63,39047.527,39018.984,0.0028399804
287,288.0,0.000989949,0.040116742,39932.797,39940.883,39636.92,0.0005938619
288,289.0,0.0011409272,0.03719942,39907.25,39915.324,39197.53,0.00068430195
289,290.0,0.003935459,0.040781338,30595.635,30600.062,30768.445,0.0023601025
290,291.0,0.010567406,0.072300166,30595.635,30600.062,31510.715,0.0063081984
291,292.0,0.0049308725,0.04171373,30595.635,30600.062,30332.701,0.0029409805
292,293.0,0.009999187,0.069738805,24871.62,24874.506,24870.873,0.0059885215
293,294.0,0.004262401,0.038876526,33717.547,33722.453,33945.766,0.0025521878
294,295.0,0.007795451,0.046147857,34185.074,34190.1,35489.96,0.0046685883
295,296.0,0.002262419,0.023109552,39040.63,39047.527,38874.92,0.0013510098
296,297.0,0.0013772147,0.023919942,39040.633,39047.527,38474.195,0.00081617
297,298.0,0.0032674584,0.026414085,30595.633,30600.062,30518.604,0.0019571425
298,299.0,0.0017106276,0.023092382,21255.53,21257.596,21630.07,0.001015003
299,300.0,0.0059990413,0.03491312,30595.633,30600.062,30570.91,0.0035966241
300,301.0,0.0009798646,0.03278531,38444.977,38451.77,38539.895,0.00058531284
301,302.0,0.0014597224,0.032867834,45164.312,45173.02,45414.47,0.00087241706
302,303.0,0.0008331967,0.031233486,44602.53,44611.086,44190.992,0.00049776793
303,304.0,0.0018365543,0.033199392,36398.793,36404.695,36585.49,0.0010999241
304,305.0,0.0068488414,0.03255639,24871.617,24874.504,25107.697,0.0041082604
305,306.0,0.00176018,0.053698994,41164.992,41173.234,40160.652,0.0010540009
306,307.0,0.0035522368,0.039126474,28296.664,28300.426,28511.23,0.002120149
307,308.0,0.008696082,0.023719035,36522.793,36528.203,36105.39,0.0052158986
308,309.0,0.010679127,0.16323464,39040.63,39047.527,37803.613,0.0064039333
309,310.0,0.0039080395,0.03326015,33808.086,33813.01,34149.742,0.002343238
310,311.0,0.0058330465,0.046840634,36522.797,36528.203,37310.02,0.0034980674
311,312.0,0.0055578053,0.030923344,24871.617,24874.504,24930.6,0.0033288016
312,313.0,0.030643724,0.06308623,24871.62,24874.506,26059.227,0.018382587
313,314.0,0.0045887576,0.046102565,28722.951,28726.725,28993.848,0.002749686
314,315.0,0.006399452,0.066955835,40999.16,41007.434,39978.316,0.00383827
315,316.0,0.007578156,0.03626146,24871.62,24874.504,25133.596,0.0045451187
316,317.0,0.0063086897,0.057392552,30595.635,30600.062,30643.133,0.0037841776
317,318.0,0.004446236,0.06131816,30595.633,30600.062,31115.004,0.002667115
318,319.0,0.004718556,0.03894743,36522.797,36528.2,36879.76,0.0028306488
319,320.0,0.013998932,0.072734736,30595.635,30600.059,31307.816,0.0083892485
320,321.0,0.004052412,0.041745078,34284.04,34289.023,34767.758,0.002430548
321,322.0,0.0048651826,0.057887536,45296.973,45305.617,45500.008,0.002917596
322,323.0,0.0017713159,0.039130073,41082.383,41090.688,40580.793,0.0010619106
323,324.0,0.0020143576,0.038802043,38444.977,38451.766,38281.543,0.00120823
324,325.0,0.0015549423,0.03856837,35543.043,35548.797,35393.418,0.0009321138
325,326.0,0.0044874107,0.08972533,27922.35,27926.062,28058.336,0.0026917215
326,327.0,0.0038921344,0.037456363,36522.797,36528.2,37446.6,0.002334698
327,328.0,0.0030800067,0.10962372,38444.973,38451.77,38722.734,0.0018459116
328,329.0,0.0038553071,0.048380606,30595.635,30600.059,31487.396,0.002311484
329,330.0,0.0042774626,0.053343788,38444.97,38451.77,37280.824,0.0025661043
330,331.0,0.0031384418,0.04859435,38444.977,38451.766,37746.824,0.0018826734
331,332.0,0.0042590653,0.040795557,30595.633,30600.062,30726.916,0.0025549356
332,333.0,0.06391553,0.05672453,27109.514,27113.098,24113.604,0.03834804
333,334.0,0.010676318,0.05208781,24871.62,24874.504,25433.887,0.0063994015
334,335.0,0.0037726474,0.04053469,36522.797,36528.195,37300.402,0.0022619143
335,336.0,0.03779246,0.121850386,21255.53,21257.594,21715.146,0.022669816
336,337.0,0.006036545,0.0457933,27322.234,27325.838,27309.05,0.0036210732
337,338.0,0.007524944,0.106174335,44063.137,44071.613,43076.4,0.0045146663
338,339.0,0.006015947,0.03732449,21255.53,21257.594,21581.39,0.0036076803
339,340.0,0.008051273,0.052958246,35739.133,35744.91,36743.984,0.004828089
340,341.0,0.007346201,0.04762746,24871.617,24874.504,25454.506,0.004404664
341,342.0,0.0021639923,0.03873284,36387.56,36393.434,36697.617,0.0012964997
342,343.0,0.0033361227,0.041962687,34234.01,34239.047,34660.758,0.0020004723
343,344.0,0.00224888,0.048616696,38444.977,38451.77,38720.223,0.0013475551
344,345.0,0.006896513,0.047094997,24871.62,24874.504,25026.428,0.004137255
345,346.0,0.017073667,0.06798181,27906.523,27910.242,29601.285,0.010243062
346,347.0,0.011816783,0.064663626,34082.043,34087.016,35700.316,0.0070869094
347,348.0,0.01004196,0.059469,27324.188,27327.795,28034.305,0.0060210447
348,349.0,0.004434864,0.04762763,39040.633,39047.53,39184.61,0.0026584943
349,350.0,0.010489765,0.05891027,36627.5,36633.45,38504.93,0.00629119
350,351.0,0.014282276,0.056135647,24871.621,24874.504,25528.023,0.008564552
351,352.0,0.014331008,0.05038141,24871.617,24874.506,25209.207,0.008593827
352,353.0,0.004741693,0.050106212,30595.635,30600.062,31759.826,0.002843398
353,354.0,0.0042587756,0.05210332,36061.37,36067.203,37108.867,0.0025537633
354,355.0,0.0036417241,0.050275963,44631.74,44640.31,44658.254,0.0021826578
355,356.0,0.006322374,0.049683858,30595.635,30600.062,31036.545,0.0037922875
356,357.0,0.0052828714,0.048258565,33510.93,33515.8,34723.188,0.0031691515
357,358.0,0.0039937412,0.049134444,30595.633,30600.066,31233.691,0.002394619
358,359.0,0.0022132008,0.056181297,36019.957,36025.78,36606.574,0.0013266242
359,360.0,0.030740155,0.1461108,21255.531,21257.594,20208.54,0.018442914
360,361.0,0.008323704,0.05285211,30595.633,30600.062,30996.451,0.004992071
361,362.0,0.048151415,0.053997535,28196.824,28200.58,28654.54,0.028879842
362,363.0,0.005785788,0.049095567,30595.635,30600.059,31748.205,0.0034693717
363,364.0,0.0042883568,0.047726065,36522.797,36528.203,37299.926,0.0025714736
364,365.0,0.005070074,0.057195492,30595.635,30600.062,30837.777,0.0030408995
365,366.0,0.022821844,0.063470855,28587.46,28591.23,30187.791,0.013691046
366,367.0,0.01010189,0.05405527,30595.633,30600.062,30785.865,0.0060589365
367,368.0,0.0049865036,0.053531457,30595.633,30600.062,31028.68,0.002982729
368,369.0,0.004424311,0.055257317,30595.633,30600.062,31564.354,0.0026493361
369,370.0,0.0032386659,0.046015404,39040.63,39047.53,38867.168,0.001939858
370,371.0,0.011719362,0.070647895,30595.635,30600.062,31202.812,0.0070206267
371,372.0,0.00976306,0.05757859,21255.527,21257.594,21393.562,0.005836885
372,373.0,0.011237022,0.0771527,40556.707,40564.875,40666.414,0.0067385864
373,374.0,0.003267994,0.041101433,34783.055,34788.195,35332.742,0.001956488
374,375.0,0.011563603,0.22659405,35850.145,35855.965,33443.832,0.0069339536
375,376.0,0.0037382618,0.04439369,30595.635,30600.062,30552.34,0.0022402052
376,377.0,0.00973992,0.0666206,30595.633,30600.062,29587.805,0.0058362386
377,378.0,0.0049394607,0.043852333,30595.633,30600.059,30942.848,0.002959768
378,379.0,0.0012861553,0.03184519,35843.56,35849.37,36199.48,0.000770055
379,380.0,0.006622388,0.044809252,24871.617,24874.506,24879.477,0.003965756
380,381.0,0.0026468819,0.037034575,36522.797,36528.2,37102.19,0.0015863072
381,382.0,0.0024457448,0.03393884,28422.174,28425.98,29444.486,0.0014656731
382,383.0,0.012505252,0.24173495,21255.53,21257.592,22390.55,0.007480254
383,384.0,0.006141684,0.03730508,24871.617,24874.504,24844.664,0.0036657287
384,385.0,0.003958988,0.041590683,39040.63,39047.527,38677.918,0.0023720877
385,386.0,0.0022988513,0.041712254,30595.633,30600.062,31318.445,0.0013768013
386,387.0,0.00088081945,0.030435659,44393.203,44401.742,44238.64,0.0005270184
387,388.0,0.008853427,0.065751955,36522.797,36528.195,36837.3,0.005304372
388,389.0,0.0054415693,0.061356552,40840.2,40848.37,39329.42,0.0032630302
389,390.0,0.0023217858,0.043724827,36079.39,36085.234,36782.016,0.0013893791
390,391.0,0.0020716202,0.04247104,35626.453,35632.23,36257.58,0.0012387562
391,392.0,0.0021558506,0.044714436,40758.387,40766.594,40317.06,0.0012903875
392,393.0,0.0032187756,0.030734185,24871.62,24874.504,24738.398,0.0019294984
393,394.0,0.00435891,0.042383537,21255.53,21257.594,21629.506,0.0026135028
394,395.0,0.0021059085,0.03321582,34893.055,34898.098,35172.78,0.0012625934
395,396.0,0.0009097562,0.02767112,27964.674,27968.4,28558.898,0.0005449282
396,397.0,0.0011648615,0.042686325,39040.633,39047.527,39152.34,0.0006974158
397,398.0,0.0006485687,0.03720744,38444.973,38451.766,38516.297,0.00038733528
398,399.0,0.0017693123,0.039341524,44759.51,44768.14,44648.812,0.0010603797
399,400.0,0.0018212037,0.03297792,44439.547,44448.094,44565.87,0.0010900191
400,401.0,0.012761983,0.116654605,35548.113,35553.875,33684.734,0.0076550553
401,402.0,0.0013909176,0.05096093,35531.49,35537.242,35750.895,0.0008333938
402,403.0,0.0032675804,0.036506694,30595.633,30600.062,31096.527,0.0019581737
403,404.0,0.0050014206,0.042902127,36522.797,36528.2,37550.496,0.0029982629
404,405.0,0.001191539,0.032010086,34304.953,34309.953,34501.84,0.0007132089
405,406.0,0.0024146987,0.030335903,38444.977,38451.766,38668.695,0.0014478997
406,407.0,0.004205812,0.032268092,30595.633,30600.062,30105.68,0.0025203074
407,408.0,0.004737578,0.045692697,34796.92,34802.066,34722.918,0.0028406628
408,409.0,0.0013637793,0.03383484,40170.055,40178.164,40110.953,0.000817074
409,410.0,0.0041219085,0.03046454,24871.617,24874.504,24812.236,0.002470698
410,411.0,0.0019997412,0.031816617,36522.797,36528.2,37075.188,0.0011979869
411,412.0,0.0022298917,0.033861324,36522.797,36528.203,36513.316,0.0013360851
412,413.0,0.0009931254,0.03005652,30595.635,30600.059,30663.854,0.00059459085
413,414.0,0.001190469,0.03196431,45150.297,45158.973,45812.074,0.00071089924
414,415.0,0.0007096876,0.03276465,38444.97,38451.77,38406.805,0.00042502873
415,416.0,0.0011734383,0.033101063,35534.938,35540.69,35850.043,0.00070369657
416,417.0,0.000732647,0.031539824,39040.63,39047.527,38960.016,0.00043788864
417,418.0,0.0008184612,0.025379889,34553.51,34558.562,34960.312,0.00048987416
418,419.0,0.00095221057,0.03223907,30595.635,30600.062,30565.865,0.0005701595
419,420.0,0.0022266742,0.03286974,30595.635,30600.062,30931.076,0.0013349515
420,421.0,0.00038571507,0.03506582,44627.902,44636.48,45123.598,0.00022929441
421,422.0,0.0008792284,0.036435172,36154.24,36160.11,36335.14,0.00052691286
422,423.0,0.00034827998,0.03508573,39040.63,39047.53,38826.793,0.00020773608
423,424.0,0.001683185,0.028441207,36522.797,36528.203,37071.98,0.0010088959
424,425.0,0.002081006,0.030746404,38444.973,38451.766,39007.55,0.0012453212
425,426.0,0.007415312,0.05440371,36522.797,36528.203,34929.203,0.0044473065
426,427.0,0.002760739,0.02531932,30595.633,30600.059,30168.996,0.0016512352
427,428.0,0.0004885734,0.020953335,40574.67,40582.875,40033.47,0.00029127605
428,429.0,0.001374249,0.032693617,39040.63,39047.535,39311.14,0.0008228265
429,430.0,0.0010461815,0.030015074,39040.633,39047.53,39171.53,0.00062563457
430,431.0,0.00046996208,0.04921059,36239.152,36245.062,36239.33,0.00028052466
431,432.0,0.005329637,0.04035811,24871.617,24874.506,24461.4,0.0031952015
432,433.0,0.00076091045,0.02453328,36693.742,36699.633,37119.37,0.000456122
433,434.0,0.0009406298,0.0154612595,30595.635,30600.059,30770.281,0.00056311185
434,435.0,0.0010944668,0.03849068,21255.53,21257.596,21299.816,0.0006557543
435,436.0,0.0014989973,0.022918694,27899.635,27903.346,28371.262,0.0008987324
436,437.0,0.0007116922,0.01715558,30595.639,30600.062,30538.135,0.00042650817
437,438.0,0.0013060552,0.021886399,24871.617,24874.504,25013.871,0.0007819998
438,439.0,0.0021867,0.032627285,35565.17,35570.94,35647.31,0.001310949
439,440.0,0.0023894338,0.016472979,24871.62,24874.502,24830.23,0.0014318997
440,441.0,0.0011313063,0.018785885,33946.84,33951.77,34387.477,0.0006783642
441,442.0,0.0017797353,0.028739862,24871.62,24874.504,24621.83,0.0010663639
442,443.0,0.0013561192,0.044875458,27878.758,27882.453,27538.484,0.00081318256
443,444.0,0.0010393088,0.018309992,36574.047,36579.92,36920.566,0.0006227081
444,445.0,0.001092922,0.011093039,30595.635,30600.062,30233.865,0.0006552647
445,446.0,0.0045447536,0.051621623,30595.635,30600.059,31461.535,0.0027248124
446,447.0,0.0019599702,0.033777963,39040.633,39047.527,39226.625,0.0011738235
447,448.0,0.0059504434,0.04867292,34073.445,34078.42,34099.605,0.0035648884
448,449.0,0.0038048422,0.06545767,38444.977,38451.77,38355.418,0.0022800325
449,450.0,0.0030116688,0.033798035,24871.617,24874.504,25015.258,0.0018051182
450,451.0,0.00397732,0.038978096,21255.53,21257.596,21574.758,0.002384139
451,452.0,0.057837196,0.052762166,35387.066,35392.81,35010.547,0.034698244
452,453.0,0.0006455137,0.023823768,39922.89,39930.965,39474.17,0.00038636161
453,454.0,0.0020734994,0.031444926,40155.29,40163.4,40270.594,0.0012387078
454,455.0,0.0013998034,0.03661642,33503.133,33508.004,33304.62,0.0008378112
455,456.0,0.00047902565,0.02391952,44916.83,44925.44,44640.215,0.00028535572
456,457.0,0.0005615598,0.022051752,28426.318,28430.041,28543.74,0.0003357509
457,458.0,0.00041410865,0.027040599,34352.434,34357.45,34415.105,0.0002476346
458,459.0,0.0005827281,0.018273,39040.633,39047.527,38692.85,0.00034840673
459,460.0,0.0007029802,0.038090795,30595.635,30600.059,30766.227,0.00042100725
460,461.0,0.012431391,0.16693687,30595.635,30600.062,29491.334,0.0074565164
461,462.0,0.0016965382,0.021849085,30595.633,30600.062,30374.309,0.0010167095
462,463.0,0.0016618789,0.022394216,30595.633,30600.062,31048.621,0.0009966369
463,464.0,0.0006429575,0.023387909,38444.977,38451.77,38295.98,0.0003848663
464,465.0,0.0012111547,0.030380292,30595.633,30600.062,30600.898,0.00072627567
465,466.0,0.0009923122,0.027794123,44522.727,44531.266,44874.066,0.00059462566
466,467.0,0.0018396901,0.024817234,30595.635,30600.062,30397.438,0.0011031937
467,468.0,0.0012413459,0.027735837,30595.635,30600.062,30914.834,0.0007432988
468,469.0,0.001185179,0.0371394,21255.53,21257.594,21463.344,0.0007103917
469,470.0,0.00023481956,0.027301349,38444.977,38451.773,38694.547,0.00014028477
470,471.0,0.00034549824,0.026156666,36082.605,36088.45,36178.574,0.00020672189
471,472.0,0.0005105896,0.025907794,30595.633,30600.066,30700.271,0.0003059283
472,473.0,0.00026180234,0.030274384,45271.805,45280.438,45647.26,0.00015640905
473,474.0,0.0012918231,0.028278193,21255.527,21257.594,21210.002,0.00077444105
474,475.0,0.00027705193,0.02591782,36110.15,36116.01,36212.64,0.00016560504
475,476.0,0.0010840041,0.026297595,30595.633,30600.062,30183.365,0.000650182
476,477.0,0.001016403,0.02243566,35570.062,35575.83,36005.766,0.0006083021
477,478.0,0.0018627,0.029420026,36522.797,36528.2,36131.098,0.0011168962
478,479.0,0.0017479942,0.033828236,36522.797,36528.203,37224.117,0.0010481081
479,480.0,0.006354705,0.22655302,21255.53,21257.592,20493.98,0.0038111778
480,481.0,0.0006351721,0.026139064,21255.527,21257.592,21411.32,0.00037982935
481,482.0,0.0004236986,0.018627036,39040.633,39047.527,38701.89,0.00025389405
482,483.0,0.0018257634,0.023128258,24871.62,24874.504,24736.96,0.0010950449
483,484.0,0.000530072,0.021003945,35557.543,35563.305,35790.56,0.00031739293
484,485.0,0.00044889437,0.02290851,40288.508,40296.62,40070.51,0.00026840423
485,486.0,0.0018611857,0.027121983,33535.645,33540.535,34269.812,0.0011162573
486,487.0,0.0010909871,0.025876142,36108.273,36114.13,36301.02,0.0006539226
487,488.0,0.0017797136,0.028491369,30595.633,30600.062,30028.16,0.0010674526
488,489.0,0.0013395372,0.025565436,30595.635,30600.062,30416.479,0.00080333673
489,490.0,0.0011229435,0.019660817,30595.635,30600.059,30433.406,0.0006734797
490,491.0,0.0004537633,0.02709529,39040.63,39047.527,39131.48,0.00027068987
491,492.0,0.0004538949,0.028993169,44606.938,44615.5,44454.215,0.000271064
492,493.0,0.0013332061,0.028825399,30595.635,30600.062,30237.791,0.00079954317
493,494.0,0.00031119524,0.02635414,44926.887,44935.51,44849.74,0.00018518498
494,495.0,0.0064764316,0.22716226,21255.531,21257.594,20542.844,0.0038851846
495,496.0,0.00037257475,0.028208792,36541.926,36547.848,36525.113,0.00022293821
496,497.0,0.0022209408,0.02997168,33507.152,33512.023,34658.2,0.0013297935
497,498.0,0.00038690536,0.02439662,36788.152,36794.074,37025.465,0.00023176444
498,499.0,0.00028452466,0.022574522,38444.977,38451.77,38350.547,0.00016964112
499,500.0,0.0026498132,0.031607352,21255.53,21257.594,21596.064,0.0015893811
500,501.0,0.00027031984,0.014017676,21255.531,21257.592,21263.703,0.00016108595
501,502.0,0.00055238587,0.03555634,30595.635,30600.059,30862.928,0.00033088238
502,503.0,0.001614994,0.031688735,24871.62,24874.506,24815.822,0.00096857164
503,504.0,0.0015324112,0.031363394,24871.62,24874.504,24876.73,0.0009187275
504,505.0,0.0007733686,0.028714277,30595.633,30600.059,30902.916,0.000463549
505,506.0,0.00018110294,0.021882331,44038.46,44046.93,43987.953,0.00010782029
506,507.0,0.00047174215,0.019402932,27974.22,27977.969,28095.898,0.00028264857
507,508.0,0.0107043125,0.07630263,24871.617,24874.504,25357.293,0.0064121755
508,509.0,0.0021406075,0.03611836,30595.635,30600.062,30542.428,0.0012756635
509,510.0,0.0027479387,0.04028824,30595.633,30600.062,30987.383,0.0016462414
510,511.0,0.0029042142,0.14112371,39040.63,39047.527,38947.67,0.001740103
511,512.0,0.0012224737,0.036902767,36154.703,36160.562,36690.37,0.00073139195
512,513.0,0.006679409,0.05035297,36919.26,36925.324,37435.016,0.004005373
513,514.0,0.0052071493,0.05053726,38444.973,38451.77,37592.406,0.0031198205
514,515.0,0.0031984774,0.10393935,30595.635,30600.062,30428.117,0.001916742
515,516.0,0.0029951797,0.03837583,30595.633,30600.062,31093.254,0.0017941807
516,517.0,0.0015369509,0.037325505,34420.633,34425.67,34873.945,0.0009169745
517,518.0,0.0033990708,0.0770271,30595.635,30600.062,30990.688,0.0020380337
518,519.0,0.0013655038,0.033762872,44831.105,44839.715,44899.793,0.00081792404
519,520.0,0.0030062194,0.050383195,36289.562,36295.445,35633.7,0.0018031714
520,521.0,0.0014176103,0.03732594,38444.973,38451.766,38936.87,0.0008475806
521,522.0,0.0027134856,0.03875757,36522.797,36528.2,37074.066,0.0016262247
522,523.0,0.005998832,0.05968694,30595.633,30600.062,30406.049,0.003594322
523,524.0,0.007216856,0.04691576,21255.53,21257.592,21524.553,0.0043092347
524,525.0,0.0029086026,0.038054667,44754.984,44763.62,44752.18,0.0017427842
525,526.0,0.011385435,0.074694544,36691.773,36697.656,36193.414,0.0068271062
526,527.0,0.004890452,0.040866684,34712.63,34717.63,34838.504,0.0029320011
527,528.0,0.0016557586,0.04514848,39040.633,39047.527,38867.203,0.0009914662
528,529.0,0.0070654494,0.07716303,36522.793,36528.203,34398.875,0.004237167
529,530.0,0.02811373,0.07547854,36441.1,36447.016,36892.867,0.016865171
530,531.0,0.010018991,0.064232446,36522.793,36528.203,36798.664,0.0060085277
531,532.0,0.008865245,0.07868081,36522.797,36528.203,36468.85,0.005309638
532,533.0,0.0067615677,0.060835328,39040.633,39047.527,39130.176,0.004048906
533,534.0,0.012399037,0.0855211,21255.531,21257.592,21620.764,0.007428319
534,535.0,0.0034390325,0.04729723,39040.63,39047.527,39764.586,0.0020582303
535,536.0,0.0067113563,0.04602158,24871.62,24874.506,25921.041,0.0040185405
536,537.0,0.041932598,0.04305875,43865.08,43873.543,44162.305,0.025145411
537,538.0,0.006684505,0.038417034,33466.895,33471.754,32765.084,0.0040004193
538,539.0,0.0029801792,0.045327708,36522.793,36528.2,37009.402,0.0017849313
539,540.0,0.0038695699,0.043553013,27285.23,27288.826,28131.477,0.0023175834
540,541.0,0.005274956,0.046900224,24871.617,24874.504,25752.764,0.003162288
541,542.0,0.0021670512,0.042251524,34193.08,34198.074,34902.66,0.0012987794
542,543.0,0.0022300032,0.04702913,39040.625,39047.53,39325.426,0.0013362119
543,544.0,0.0025173242,0.039292898,36522.797,36528.2,36609.26,0.0015087799
544,545.0,0.0020541002,0.03690853,36522.797,36528.195,36888.203,0.0012296092
545,546.0,0.0012412091,0.037863955,36276.902,36282.832,36688.402,0.0007437615
546,547.0,0.0009722642,0.037689734,45263.895,45272.613,45233.555,0.00058237236
547,548.0,0.001743863,0.038704243,28244.32,28248.037,28814.781,0.0010446721
548,549.0,0.0013758785,0.038113687,28226.213,28229.977,28741.197,0.00082392036
549,550.0,0.014258238,0.049889915,27340.336,27343.945,26316.562,0.008553742
550,551.0,0.0016988864,0.040333938,39040.63,39047.527,39469.934,0.0010182444
551,552.0,0.0013676881,0.040676896,38444.973,38451.77,39165.65,0.0008195512
552,553.0,0.0021055609,0.04099793,33950.613,33955.605,34250.156,0.0012622343
553,554.0,0.005261112,0.044185575,30595.635,30600.059,29763.768,0.0031551234
554,555.0,0.0021963187,0.04611078,27835.795,27839.482,28165.633,0.001316626
555,556.0,0.021881968,0.015875943,21255.527,21257.592,21566.383,0.012888451
556,557.0,0.0029644733,0.045048896,38444.973,38451.766,39503.234,0.0017771939
557,558.0,0.0070708087,0.058568332,33520.55,33525.426,32715.71,0.0042405464
558,559.0,0.0020835565,0.043735348,38444.973,38451.766,39207.92,0.001249052
559,560.0,0.0029032133,0.04531982,40447.324,40455.484,40646.355,0.0017405746
560,561.0,0.004615729,0.042281788,24871.617,24874.508,25263.393,0.0027671917
561,562.0,0.0032854802,0.043358505,27758.48,27762.15,28839.457,0.0019706776
562,563.0,0.0027392367,0.041650698,33761.746,33766.652,34306.168,0.0016422698
563,564.0,0.0020779602,0.046939045,38444.977,38451.77,39036.625,0.0012461713
564,565.0,0.003564949,0.04041865,24871.617,24874.506,25171.54,0.0021369124
565,566.0,0.001162264,0.040921252,38444.977,38451.766,38712.55,0.0006968859
566,567.0,0.0011104879,0.04087649,44082.066,44090.547,44002.16,0.0006656894
567,568.0,0.0018461924,0.04192058,27976.854,27980.584,28544.086,0.0011071034
568,569.0,0.0022454232,0.04192691,27668.467,27672.145,28193.209,0.0013468646
569,570.0,0.0014533895,0.04011766,30595.635,30600.062,30970.803,0.00087123684
570,571.0,0.0026544076,0.047381666,45503.254,45511.914,46161.277,0.0015910876
571,572.0,0.004006389,0.03479172,30595.633,30600.062,31565.896,0.002402709
572,573.0,0.018688072,0.061300594,24871.617,24874.506,26384.531,0.011205347
573,574.0,0.0035067673,0.044329844,33845.53,33850.47,34831.508,0.0021023508
574,575.0,0.0044616167,0.04725139,30595.633,30600.062,30602.785,0.0026743403
575,576.0,0.0017118677,0.043147363,41214.42,41222.77,41421.246,0.0010253035
576,577.0,0.0020274168,0.04483788,36522.797,36528.2,37004.58,0.0012148591
577,578.0,0.0023329807,0.04362293,28484.451,28488.28,29395.836,0.001397588
578,579.0,0.0011886938,0.042079262,39040.63,39047.527,39479.39,0.0007115798
579,580.0,0.0033467466,0.04393524,21255.527,21257.594,22061.113,0.0020061163
580,581.0,0.0012029927,0.043511726,36387.742,36393.652,36789.72,0.0007206837
581,582.0,0.0009610744,0.042446356,38444.977,38451.77,39088.47,0.00057554536
582,583.0,0.0048501138,0.0532075,39040.633,39047.527,39301.188,0.0029076042
583,584.0,0.0045506684,0.043891363,30595.635,30600.062,30875.621,0.0027287398
584,585.0,0.0035587298,0.042283613,21255.527,21257.594,21876.55,0.0021328153
585,586.0,0.0024582194,0.07174467,38444.973,38451.766,39124.516,0.0014730182
586,587.0,0.0039779004,0.04445248,21255.53,21257.596,22064.912,0.002384715
587,588.0,0.00094571966,0.036799956,39930.703,39938.78,39557.508,0.00056540506
588,589.0,0.0026937244,0.037056815,33495.82,33500.688,33709.676,0.0016145456
589,590.0,0.0010791534,0.030669995,39898.71,39906.785,39260.645,0.0006457809
590,591.0,0.0010221365,0.03455549,33734.84,33739.734,34417.14,0.00061279297
591,592.0,0.0029960878,0.033619735,27908.943,27912.652,27930.936,0.0017971016
592,593.0,0.001273552,0.03313199,36581.71,36587.617,37388.97,0.0007633137
593,594.0,0.00175257,0.0348008,30595.635,30600.059,29937.023,0.0010502628
594,595.0,0.0003010275,0.03237744,38444.977,38451.77,38498.67,0.0001797601
595,596.0,0.0007539865,0.030010216,40078.785,40086.87,39620.438,0.00045012764
596,597.0,0.0003249482,0.020824285,44698.184,44706.773,44740.63,0.00019424669
597,598.0,0.0026504574,0.038511798,24871.62,24874.502,25287.215,0.0015892446
598,599.0,0.0015564854,0.03871426,35843.973,35849.78,36695.066,0.000933558
599,600.0,0.0013557599,0.037969112,40417.516,40425.668,39986.535,0.000811198
600,601.0,0.0013319677,0.04276293,33802.71,33807.637,34121.047,0.0007987603
601,602.0,0.0016351,0.03595678,30595.635,30600.062,31102.326,0.0009799402
602,603.0,0.0014080389,0.03519556,30595.633,30600.066,30533.428,0.000843838
603,604.0,0.00094946846,0.03473647,39040.637,39047.53,38735.418,0.000568673
604,605.0,0.0022996685,0.03472813,36522.793,36528.2,36433.53,0.0013769823
605,606.0,0.001533215,0.032129217,36522.793,36528.195,36949.652,0.00091938634
606,607.0,0.0016467777,0.033901438,34566.895,34571.883,35267.97,0.0009874813
607,608.0,0.0008832591,0.03405039,39040.633,39047.527,38974.586,0.0005289427
608,609.0,0.0012862002,0.033655673,39939.266,39947.348,39611.316,0.00076569605
609,610.0,0.0014011265,0.030721078,35891.91,35897.742,36243.418,0.0008381607
610,611.0,0.032967355,0.032160133,21255.53,21257.592,21255.951,0.019766338
611,612.0,0.0023390818,0.029699048,24871.62,24874.506,24807.393,0.0014018775
612,613.0,0.0017513502,0.032034926,36128.17,36134.027,35880.926,0.0010501272
613,614.0,0.001145563,0.03140478,36758.293,36764.297,37315.605,0.0006864571
614,615.0,0.0008948307,0.03155646,35577.938,35583.703,35936.723,0.0005363825
615,616.0,0.0012945196,0.031028751,30595.635,30600.059,30423.143,0.0007758441
616,617.0,0.0111445235,0.18318164,27313.086,27316.69,25325.547,0.006684201
617,618.0,0.0041821725,0.04614871,30595.635,30600.059,30167.379,0.0025081025
618,619.0,0.0023298187,0.04308346,36522.797,36528.2,37547.465,0.0013970216
619,620.0,0.0010979639,0.042122953,39040.63,39047.53,38983.77,0.0006582853
620,621.0,0.0009933846,0.042239174,38444.973,38451.77,39029.203,0.0005949512
621,622.0,0.00084468874,0.042061985,39910.105,39918.176,39932.316,0.0005031569
622,623.0,0.007166111,0.21065271,39040.633,39047.53,37405.65,0.004297475
623,624.0,0.00093995035,0.027648747,39040.633,39047.527,39138.316,0.00056292664
624,625.0,0.0009505835,0.018330688,34453.39,34458.457,34961.08,0.000569651
625,626.0,0.0009128313,0.026380384,44644.844,44653.42,44277.832,0.0005472417
626,627.0,0.00015620854,0.018916015,38444.973,38451.766,38301.242,9.322122e-05
627,628.0,0.0024021764,0.028108133,24871.621,24874.506,24651.965,0.0014400742
628,629.0,0.00024571203,0.031346053,45008.094,45016.742,44915.453,0.00014672524
629,630.0,0.001481072,0.03078055,21255.53,21257.594,21681.367,0.000888062
630,631.0,0.009708702,0.08321011,21255.527,21257.596,20458.762,0.0058244215
631,632.0,0.00025429038,0.029475443,44645.723,44654.3,44520.22,0.00015123018
632,633.0,0.033810925,0.029492147,43864.246,43872.703,43824.69,0.02028179
633,634.0,0.0008427717,0.02824891,30595.635,30600.059,31116.295,0.00050545105
634,635.0,0.037899345,0.07610284,34043.996,34048.957,38623.984,0.022735892
635,636.0,0.027946698,0.05431138,21255.53,21257.594,22839.172,0.016700614
636,637.0,0.008469653,0.057184365,34828.61,34833.645,35971.22,0.005070231
637,638.0,0.007179286,0.049742747,40867.555,40875.742,41255.258,0.0043002623
638,639.0,0.0049466365,0.049181115,38444.977,38451.77,39684.824,0.0029631956
639,640.0,0.005428254,0.04682872,34086.484,34091.465,35446.527,0.0032527202
640,641.0,0.009399472,0.05956475,39040.633,39047.53,38043.97,0.005630341
641,642.0,0.0032245782,0.043568417,36152.3,36158.184,37205.062,0.0019299096
642,643.0,0.003958443,0.045991287,34839.6,34844.76,35016.664,0.0023717112
643,644.0,0.0024952823,0.042378407,38444.973,38451.77,38732.812,0.0014938578
644,645.0,0.002451611,0.06663404,44077.62,44086.105,44204.34,0.0014623692
645,646.0,0.0060391417,0.047805145,34775.504,34780.516,35417.363,0.0036123442
646,647.0,0.0064488575,0.061888643,35571.824,35577.59,34918.504,0.0038662388
647,648.0,0.0033704431,0.042588964,39040.63,39047.527,39565.85,0.0020158445
648,649.0,0.0036357725,0.042217776,39040.633,39047.527,38989.168,0.0021734114
649,650.0,0.0023386814,0.04736931,36522.797,36528.2,37246.992,0.0013969872
650,651.0,0.0027639228,0.04302571,38444.973,38451.766,39165.164,0.0016494947
651,652.0,0.0027376877,0.043411054,34864.164,34869.332,36116.64,0.0016264371
652,653.0,0.0038660814,0.039540965,24871.62,24874.504,25072.848,0.0023169897
653,654.0,0.0015273788,0.03574039,40204.004,40212.133,40335.723,0.0009112925
654,655.0,0.0041740625,0.04159665,36522.793,36528.203,36146.297,0.0025033383
655,656.0,0.0019290064,0.035570536,30595.633,30600.059,30653.996,0.0011563866
656,657.0,0.004435847,0.035214547,21255.53,21257.592,21913.582,0.0026585767
657,658.0,0.0021302935,0.03544225,30595.633,30600.062,31221.742,0.0012766809
658,659.0,0.0016288542,0.039840046,28480.254,28484.084,29263.482,0.000975992
659,660.0,0.0014238395,0.034418773,30595.633,30600.062,30648.406,0.00085341913
660,661.0,0.0044500716,0.048907228,36522.797,36528.2,37580.15,0.0026606312
661,662.0,0.010940913,0.040244315,21255.53,21257.594,21866.986,0.0065472713
662,663.0,0.0015458867,0.046702906,44696.527,44705.125,45186.63,0.00091459375
663,664.0,0.0018776036,0.039822403,38444.977,38451.77,38441.844,0.0011248463
664,665.0,0.0015834165,0.03311502,44600.055,44608.58,45358.68,0.00092589005
665,666.0,0.0017506996,0.032358896,36279.645,36285.58,35996.703,0.0010447274
666,667.0,0.0011330371,0.027661031,36522.797,36528.2,36688.316,0.00067789014
667,668.0,0.0011439216,0.027160253,30595.633,30600.062,30886.715,0.00068377185
668,669.0,0.0027211383,0.0328409,34730.676,34735.688,35307.023,0.0015736525
669,670.0,0.0011310818,0.03167882,30595.635,30600.059,30991.617,0.00066361914
670,671.0,0.038409933,0.044884395,21255.53,21257.592,20812.47,0.022924192
671,672.0,0.00217193,0.022019876,24871.617,24874.506,25000.916,0.0012670931
672,673.0,0.00056563754,0.01690004,39040.63,39047.527,38718.984,0.00032406935
673,674.0,0.0023067715,0.044391513,40543.688,40551.895,40804.938,0.0013535033
674,675.0,0.015925562,0.05608507,24871.62,24874.506,26279.607,0.009551511
675,676.0,0.013236338,0.05205475,24871.62,24874.506,26621.232,0.0079386085
676,677.0,0.058519594,0.04967736,21255.53,21257.592,23062.645,0.035101037
677,678.0,0.0052860063,0.047920085,40308.938,40317.066,41184.64,0.0031306841
678,679.0,0.0073838052,0.04865419,30595.635,30600.062,31670.5,0.004424905
679,680.0,0.006907787,0.04710283,30595.635,30600.062,31577.383,0.00413516
680,681.0,0.00489758,0.04570974,38444.973,38451.77,39493.66,0.0029282914
681,682.0,0.0038336483,0.044871714,38444.973,38451.77,39058.98,0.0022935553
682,683.0,0.011065395,0.044964947,21255.53,21257.594,22512.258,0.006626919
683,684.0,0.0033990103,0.04251133,39040.63,39047.53,39565.332,0.0020285614
684,685.0,0.0036617848,0.04164404,39040.63,39047.527,39028.99,0.0021785598
685,686.0,0.005879492,0.046008337,21255.53,21257.594,21902.426,0.0035192966
686,687.0,0.0014013237,0.04607652,38444.973,38451.77,38786.047,0.00083509437
687,688.0,0.004889689,0.05230482,36505.695,36511.652,37082.727,0.0029241592
688,689.0,0.0035516934,0.04531338,36149.125,36154.996,36754.742,0.0021089714
689,690.0,0.004971524,0.050428435,44863.926,44872.547,44874.223,0.002967828
690,691.0,0.003579559,0.038368378,24871.617,24874.506,24710.994,0.002117677
691,692.0,0.009565933,0.42847794,21255.53,21257.594,21488.959,0.005685443
692,693.0,0.001744873,0.03915596,36522.797,36528.2,36453.14,0.0010336104
693,694.0,0.001827008,0.04341232,38444.973,38451.77,38994.984,0.0010704162
694,695.0,0.003522409,0.045181103,30595.633,30600.062,30079.379,0.0021048517
695,696.0,0.001514111,0.036337517,27302.389,27305.992,27415.803,0.0008853473
696,697.0,0.0012976237,0.042547897,36402.984,36408.89,36686.14,0.0007643704
697,698.0,0.0010246446,0.036285296,30595.635,30600.062,30648.852,0.00059092336
698,699.0,0.0019094633,0.041944392,38444.973,38451.766,38098.72,0.0011327988
699,700.0,0.0010706066,0.034321085,24871.62,24874.504,25280.684,0.0006358257
700,701.0,0.0029970543,0.043659672,33741.285,33746.18,34164.844,0.0017946468
701,702.0,0.0010752351,0.035815593,30595.635,30600.059,30449.371,0.0006424304
702,703.0,0.0027748013,0.04604163,30595.635,30600.062,30964.352,0.001662177
703,704.0,0.0038026965,0.028970629,21255.53,21257.594,21284.81,0.002278115
704,705.0,0.0015777131,0.033532783,30595.635,30600.062,30266.584,0.0009424821
705,706.0,0.0009651638,0.031868406,38444.973,38451.766,38786.973,0.0005759631
706,707.0,0.0011567952,0.033744425,30595.633,30600.062,30876.0,0.0006927514
707,708.0,0.0037938356,0.05042457,28345.977,28349.752,28120.32,0.0022731144
708,709.0,0.030381402,0.027097164,21255.53,21257.592,21813.092,0.018188225
709,710.0,0.0029838125,0.036715746,27336.604,27340.213,28304.611,0.0017864878
710,711.0,0.007831056,2.2068236,27993.422,27997.18,27092.508,0.004694962
711,712.0,0.0023401133,0.038766257,33720.652,33725.555,33632.016,0.0014021979
712,713.0,0.002593127,0.07936789,30595.635,30600.059,30734.504,0.0015526401
713,714.0,0.0018893969,0.03044295,33528.477,33533.36,33268.53,0.0011319713
714,715.0,0.0032595305,0.039911766,36522.793,36528.2,36769.676,0.0019493592
715,716.0,0.0012532263,0.03844106,39040.63,39047.53,39037.375,0.000749551
716,717.0,0.000579887,0.037777662,44964.316,44972.914,44954.906,0.00034400335
717,718.0,0.0029853731,0.047027774,35572.97,35578.734,35852.703,0.0017850628
718,719.0,0.0013595399,0.041732326,39040.633,39047.53,39118.367,0.000813934
719,720.0,0.0019741543,0.039988875,27912.854,27916.562,28673.412,0.0011799166
720,721.0,0.00090722303,0.03929325,38444.973,38451.766,38622.61,0.00054142147
721,722.0,0.0015930589,0.040367577,36522.797,36528.2,36637.035,0.0009533679
722,723.0,0.004228372,0.10048333,21255.53,21257.592,21398.838,0.0025319813
723,724.0,0.002396954,0.040612813,28021.691,28025.385,28433.586,0.0014325015
724,725.0,0.0012783313,0.03553555,38444.973,38451.77,38648.266,0.0007625744
725,726.0,0.0044194036,0.08108642,34089.9,34094.883,33308.64,0.0026481417
726,727.0,0.0077849496,0.04224777,24871.617,24874.504,25892.516,0.004657241
727,728.0,0.0025187624,0.03504571,36695.25,36701.152,37080.098,0.0014997385
728,729.0,0.007629523,0.17621309,24871.617,24874.504,24015.531,0.0045682574
729,730.0,0.00533216,0.038720705,41239.797,41248.035,40653.89,0.0031708202
730,731.0,0.0021038065,0.034078903,34251.88,34256.867,34421.043,0.001242989
731,732.0,0.0032150848,0.08991941,39040.63,39047.527,38191.773,0.0019168747
732,733.0,0.0028569503,0.035136458,36522.793,36528.2,36823.35,0.0016891396
733,734.0,0.0018392955,0.026671825,36522.797,36528.2,36758.28,0.0010962648
734,735.0,0.0007602583,0.027711174,44078.273,44086.758,44636.094,0.00044759896
735,736.0,0.001178657,0.026069365,36433.465,36439.4,37227.42,0.0007010219
736,737.0,0.0014397803,0.025938418,21255.527,21257.594,21923.438,0.00084959785
737,738.0,0.0015386767,0.038364902,34437.695,34442.734,35011.26,0.0009119588
738,739.0,0.0005452672,0.037707694,44074.96,44083.44,43976.426,0.0003161881
739,740.0,0.0014831006,0.0353743,34038.516,34043.473,34235.754,0.0008854512
740,741.0,0.0019758951,0.048890293,36085.52,36091.37,36528.99,0.0011764993
741,742.0,0.0007969529,0.033576276,35580.566,35586.332,35814.082,0.00047433097
742,743.0,0.031786576,0.029967785,28656.854,28660.611,29031.96,0.01876596
743,744.0,0.002020863,0.033446636,36522.793,36528.2,36515.832,0.0012049393
744,745.0,0.0016426336,0.019881304,34451.9,34456.887,34484.95,0.0009787448
745,746.0,0.0006210704,0.04125833,44965.402,44974.04,44927.39,0.0003664198
746,747.0,0.017066013,0.06804437,35847.855,35853.66,35873.965,0.009936644
747,748.0,0.0031724847,0.029412674,27850.035,27853.725,28373.258,0.001865858
748,749.0,0.0017554129,0.02856748,30595.633,30600.059,30950.678,0.0010302184
749,750.0,0.0017364054,0.028774811,34177.215,34182.234,34685.227,0.0010195321
750,751.0,0.0022318596,0.027418561,30595.635,30600.059,30639.305,0.001300801
751,752.0,0.0007758157,0.027843144,38444.973,38451.766,38581.7,0.00044112286
752,753.0,0.0033927248,0.116045386,21255.527,21257.594,21312.744,0.0019787275
753,754.0,0.0014873097,0.033169676,36522.797,36528.2,36593.445,0.0008758704
754,755.0,0.0026815333,0.033986848,39918.66,39926.74,39153.953,0.0015957796
755,756.0,0.0016089313,0.031808093,36522.797,36528.203,36713.047,0.0009562188
756,757.0,0.002404915,0.05960013,33779.316,33784.23,33920.984,0.0014327491
757,758.0,0.0005086146,0.031254508,44091.883,44100.367,44206.293,0.00029604824
758,759.0,0.0008806823,0.031758353,34195.71,34200.74,34476.04,0.00052396604
759,760.0,0.001483512,0.031019641,21255.527,21257.594,21887.45,0.0008772972
760,761.0,0.00061577844,0.044044152,33958.98,33963.914,33956.92,0.00036070475
761,762.0,0.0027457909,0.04616514,39040.637,39047.53,39145.574,0.0015915829
762,763.0,0.018312357,0.0413395,21255.531,21257.592,21571.984,0.010072231
763,764.0,0.0021324283,0.038545676,35565.805,35571.566,36203.637,0.0010296375
764,765.0,0.0009952261,0.035767384,40537.67,40545.863,40440.816,0.00045338972
765,766.0,0.00045334676,0.028391983,38444.977,38451.77,38761.848,0.00014899978
766,767.0,0.051045272,0.11219316,27108.932,27112.52,26274.283,0.03031067
767,768.0,0.0036419118,0.035892922,35552.797,35558.56,35761.875,0.0018734211
768,769.0,0.0014511453,0.03196206,44792.066,44800.703,45674.88,0.00074151985
769,770.0,0.0014481558,0.031020634,38444.973,38451.77,38894.684,0.0007766813
770,771.0,0.0023726916,0.030083507,24871.62,24874.504,25323.896,0.0013189082
771,772.0,0.0010078368,0.030160679,27852.365,27856.057,28429.258,0.00054065464
772,773.0,0.0011417344,0.029039323,36138.125,36143.984,36143.547,0.00064279116
773,774.0,0.0037558046,0.026184171,30595.635,30600.062,30850.336,0.002235452
774,775.0,0.0059821024,0.04092041,38444.977,38451.77,38151.105,0.0035504352
775,776.0,0.002341107,0.02469965,45339.64,45348.26,44709.12,0.0013880905
776,777.0,0.000961657,0.024227398,44095.07,44103.55,44222.527,0.0005642066
777,778.0,0.0025564642,0.022736302,24871.617,24874.506,25059.898,0.001518371
778,779.0,0.015821915,0.036080923,30595.633,30600.062,30456.771,0.009457665
779,780.0,0.0052361107,0.04169747,24871.617,24874.506,24737.03,0.0030243583
780,781.0,0.0013339757,0.02764427,45657.293,45665.99,45963.934,0.00077819644
781,782.0,0.004595259,0.094136305,21255.527,21257.594,21472.693,0.0027398455
782,783.0,0.0027386604,0.03028598,30595.633,30600.062,31329.16,0.0016319014
783,784.0,0.00095309305,0.03620613,44667.68,44676.266,44466.914,0.00056544377
784,785.0,0.0041400986,0.044477873,30595.635,30600.062,30379.553,0.002437598
785,786.0,0.0016940621,0.033372022,30595.635,30600.062,30465.883,0.0009988607
786,787.0,0.0061629675,0.053578593,38444.977,38451.766,38500.08,0.0036717886
787,788.0,0.0025723139,0.033841036,36124.117,36129.977,36463.125,0.0014770897
788,789.0,0.0048449263,0.0339282,21255.53,21257.592,22033.635,0.0028210646
789,790.0,0.0012997384,0.033338804,44543.91,44552.457,45126.88,0.00073624
790,791.0,0.001796029,0.036652658,30595.635,30600.062,31097.383,0.0010418473
791,792.0,0.005014387,0.042416427,38444.973,38451.766,38938.83,0.0029592684
792,793.0,0.006383275,0.043109853,24871.62,24874.506,25877.38,0.0037882116
793,794.0,0.049157962,0.06268531,21255.53,21257.596,21899.85,0.029296229
794,795.0,0.008235687,0.06986655,39040.633,39047.527,39823.047,0.004907752
795,796.0,0.007968731,0.059664633,34665.12,34670.215,35397.156,0.004755553
796,797.0,0.0075042825,0.058454413,36522.797,36528.2,37012.633,0.004493756
797,798.0,0.005050611,0.03032843,39040.63,39047.53,38678.758,0.0030013348
798,799.0,0.003094191,0.032908823,30595.633,30600.062,30395.486,0.0018176436
799,800.0,0.001979339,0.028900199,30595.635,30600.062,30773.254,0.0011355913
800,801.0,0.0014693456,0.029712107,38444.977,38451.766,38508.117,0.00085658714
801,802.0,0.0029447323,0.03156155,21255.53,21257.594,21348.246,0.0016910465
802,803.0,0.0037025085,0.040929854,27888.455,27892.162,28017.277,0.002193152
803,804.0,0.005831388,0.031269938,34493.918,34498.895,35097.637,0.0034466414
804,805.0,0.010216934,0.032058388,21255.53,21257.594,21310.648,0.006048614
805,806.0,0.0018816164,0.0393317,36522.793,36528.203,36176.434,0.0011166526
806,807.0,0.0036540201,0.026019642,24871.62,24874.504,24500.805,0.0021438757
807,808.0,0.0009861831,0.039717153,33815.12,33820.043,33673.14,0.0005795901
808,809.0,0.0023312317,0.02761936,39040.63,39047.53,38733.324,0.0013736982
809,810.0,0.0015833454,0.026151039,34628.285,34633.363,34816.355,0.00093563326
810,811.0,0.0010827472,0.022685152,30595.635,30600.062,30719.277,0.00063323765
811,812.0,0.0008114109,0.023711998,39040.633,39047.53,38951.56,0.0004816761
812,813.0,0.0066948324,0.032419812,24871.62,24874.504,24687.398,0.003980556
813,814.0,0.00060405536,0.027168425,34147.625,34152.613,34204.516,0.0003544367
814,815.0,0.0008538093,0.028949512,40469.19,40477.355,40134.074,0.000496783
815,816.0,0.0008158826,0.025259782,36522.797,36528.2,36471.215,0.0004842032
816,817.0,0.00040316355,0.029282255,39040.633,39047.527,39014.457,0.00023774785
817,818.0,0.054118745,0.0412907,21255.527,21257.594,20421.787,0.032443464
818,819.0,0.0012828802,0.024358427,40463.84,40472.01,40687.07,0.00074220763
819,820.0,0.008141405,0.078246534,39040.63,39047.527,38751.2,0.0048644072
820,821.0,0.003489946,0.04186789,38444.973,38451.766,39611.01,0.0020894478
821,822.0,0.0032731772,0.040258244,38444.973,38451.77,39015.293,0.0019613483
822,823.0,0.004759744,0.032920945,36522.797,36528.2,37306.105,0.0028476072
823,824.0,0.0032400566,0.033400625,34743.18,34748.3,35458.234,0.001940268
824,825.0,0.0051585054,0.032540333,24871.62,24874.508,25562.861,0.003084892
825,826.0,0.0017567095,0.03202469,30595.633,30600.062,30846.133,0.0010460527
826,827.0,0.0015522541,0.031157175,34455.85,34460.805,34924.875,0.000924342
827,828.0,0.0013380693,0.02988619,36522.797,36528.2,37022.76,0.0007973748
828,829.0,0.0013721215,0.028470354,30595.633,30600.059,30956.604,0.0008188695
829,830.0,0.0016648769,0.027667738,39040.63,39047.53,38803.637,0.0009958453
830,831.0,0.001935344,0.020337028,34067.32,34072.285,33868.85,0.0011588053
831,832.0,0.0016244367,0.028796634,30595.635,30600.062,30622.541,0.00096907123
832,833.0,0.00083062483,0.02853385,40546.867,40555.062,40544.438,0.0004945502
833,834.0,0.0006351448,0.049978618,28010.69,28014.453,28351.39,0.0003769843
834,835.0,0.0012379301,0.04383912,21255.531,21257.592,21589.174,0.0007367737
835,836.0,0.0008137524,0.029897656,44403.086,44411.633,44143.348,0.00048197366
836,837.0,0.016367622,0.29469597,24871.617,24874.504,23242.969,0.009805277
837,838.0,0.0035901745,0.041059013,39040.63,39047.53,39318.984,0.0021418808
838,839.0,0.08216075,0.037228487,21255.53,21257.594,21732.15,0.04915428
839,840.0,0.007976622,0.05038842,36556.867,36562.816,35889.316,0.0047675096
840,841.0,0.0052922517,0.055934515,44670.562,44679.15,45480.41,0.0031713292
841,842.0,0.0069888583,0.058273952,39040.63,39047.53,39774.023,0.004190434
842,843.0,0.008359368,0.04391958,30595.635,30600.062,31782.857,0.0050085397
843,844.0,0.0062622037,0.05475654,38444.97,38451.77,39204.43,0.0037538612
844,845.0,0.0148665095,0.04475598,21255.531,21257.594,22748.432,0.008918633
845,846.0,0.004467145,0.043523975,34037.836,34042.797,35053.344,0.0026790227
846,847.0,0.0049482617,0.042276,30595.633,30600.062,31549.898,0.0029665148
847,848.0,0.0016606321,0.038568515,39900.348,39908.418,40301.527,0.0009832899
848,849.0,0.0026222947,0.044921212,27856.992,27860.688,28172.062,0.0015708747
849,850.0,0.0031038057,0.03688994,30595.633,30600.062,30554.268,0.0018595058
850,851.0,0.002949445,0.037551,30595.633,30600.066,30892.477,0.0017682859
851,852.0,0.0022408336,0.037660968,36522.797,36528.2,37280.33,0.0013416151
852,853.0,0.001971963,0.04248029,30595.633,30600.062,31067.031,0.0011795069
853,854.0,0.001914536,0.038249873,30595.633,30600.062,31263.836,0.0011462208
854,855.0,0.0019905635,0.03742886,30595.633,30600.062,30914.799,0.0011923044
855,856.0,0.0010823768,0.039324924,44599.51,44608.08,44778.57,0.00064483215
856,857.0,0.0058403052,0.13166633,39937.33,39945.414,38114.484,0.003496519
857,858.0,0.0058712536,0.054818142,27590.967,27594.617,28411.0,0.0035163686
858,859.0,0.0027594822,0.03468142,28269.092,28272.805,28996.834,0.0016521432
859,860.0,0.0063653365,0.055458393,45161.406,45170.008,45366.72,0.0037972028
860,861.0,0.022889841,0.057247486,39040.633,39047.527,40751.04,0.013711091
861,862.0,0.01297318,0.051717263,30595.633,30600.062,32330.17,0.0077731973
862,863.0,0.03424853,0.054733224,33312.82,33317.67,34330.277,0.020475568
863,864.0,0.005153638,0.03688612,40659.72,40667.9,40491.48,0.0029492537
864,865.0,0.015459437,0.0406368,30595.633,30600.062,32571.727,0.009235963
865,866.0,0.013065463,0.039384086,36522.793,36528.203,37696.633,0.00782804
866,867.0,0.022184938,0.04290402,21255.531,21257.596,21942.713,0.0132097285
867,868.0,0.0043554213,0.038376477,44598.25,44606.81,44705.61,0.002578692
868,869.0,0.0048156427,0.03470056,41153.58,41161.773,40924.86,0.002844121
869,870.0,0.0031718349,0.033658404,39040.63,39047.527,39505.81,0.0018571176
870,871.0,0.0042355796,0.038865786,40838.504,40846.742,39875.953,0.0025025425
871,872.0,0.006639788,0.070401885,27310.002,27313.605,26844.0,0.0039729085
872,873.0,0.007541793,0.050935622,30595.633,30600.062,30450.354,0.0044895373
873,874.0,0.0042471746,0.037459258,36522.797,36528.2,36378.39,0.0025336
874,875.0,0.004078918,0.032938402,35878.734,35884.562,36816.133,0.0024300835
875,876.0,0.002445881,0.029492918,44940.402,44949.047,45170.24,0.0014424188
876,877.0,0.0047646337,0.049168114,44320.07,44328.582,42799.582,0.0028428042
877,878.0,0.0029322533,0.02987739,28032.29,28036.06,28672.195,0.001748172
878,879.0,0.0026226984,0.030342182,40438.28,40446.44,40688.348,0.0014946962
879,880.0,0.0024520478,0.029060397,39040.63,39047.527,39130.34,0.0014551445
880,881.0,0.003794123,0.031318948,28011.064,28014.824,28047.193,0.002270856
881,882.0,0.0015751045,0.029133264,36018.44,36024.266,35955.094,0.00093140185
882,883.0,0.009402225,0.096622385,39040.63,39047.53,37534.008,0.0056315623
883,884.0,0.0024885111,0.0562211,30595.635,30600.062,30850.572,0.0014751368
884,885.0,0.001212493,0.044549704,38444.977,38451.77,38698.42,0.0007134092
885,886.0,0.0046260357,0.04226376,21255.53,21257.594,21713.19,0.0027385138
886,887.0,0.0012684986,0.033239085,44046.504,44054.98,43495.883,0.00073964905
887,888.0,0.002816058,0.042001985,40190.438,40198.56,39210.535,0.0016539735
888,889.0,0.0017303283,0.042708084,36522.797,36528.2,36612.17,0.0010274358
889,890.0,0.01081874,0.20494059,33330.887,33335.74,32362.861,0.00617761
890,891.0,0.009838342,0.14700748,27321.57,27325.18,27796.27,0.005886929
891,892.0,0.00200705,0.031346437,44675.695,44684.277,44021.312,0.0011928672
892,893.0,0.0019145326,0.028728494,36522.797,36528.2,36742.33,0.0011209479
893,894.0,0.00061099953,0.023551064,45015.84,45024.465,44792.516,0.00033988417
894,895.0,0.0022784504,0.022463523,24871.617,24874.504,25034.555,0.0013468734
895,896.0,0.00054453075,0.026829144,39040.633,39047.527,39191.95,0.00030566307
896,897.0,0.0011442016,0.026634883,30595.635,30600.062,30537.664,0.0006806619
897,898.0,0.00084272894,0.02401054,30595.633,30600.059,30680.584,0.0004998228
898,899.0,0.0012333388,0.03322331,40378.0,40386.137,40383.812,0.0007079879
899,900.0,0.0054279286,0.042287186,21255.53,21257.592,21700.117,0.0032352926
900,901.0,0.0023954872,0.037700616,24871.62,24874.504,25428.787,0.0014294405
901,902.0,0.0013369432,0.03335966,33524.92,33529.797,33713.05,0.0008000359
902,903.0,0.0010974989,0.03430982,30595.635,30600.059,30318.848,0.00065341743
903,904.0,0.0013360061,0.029179862,34410.52,34415.58,35188.51,0.00080021116
904,905.0,0.002103329,0.030050715,30595.633,30600.062,29888.678,0.0012596003
905,906.0,0.0012136445,0.03635734,45503.715,45512.37,45490.543,0.0007235158
906,907.0,0.0019265065,0.0345033,36522.797,36528.2,36570.242,0.0011526255
907,908.0,0.0026221334,0.047896303,30595.635,30600.062,30417.695,0.0015699192
908,909.0,0.0016098695,0.027436431,30595.635,30600.062,30818.348,0.00093576644
909,910.0,0.013575544,0.05769193,24871.62,24874.504,25719.629,0.008094291
910,911.0,0.0052593714,0.042389676,40318.1,40326.223,40076.29,0.003130109
911,912.0,0.0032606714,0.049972296,35802.312,35808.125,36040.68,0.0019308494
912,913.0,0.0036361804,0.048722237,39893.38,39901.445,39518.805,0.0021552632
913,914.0,0.16184735,0.11723402,21255.531,21257.594,21130.059,0.09703017
914,915.0,0.003199746,0.040290996,35797.64,35803.445,36099.79,0.0019075306
915,916.0,0.0038117995,0.03760977,24871.617,24874.506,25322.49,0.002274634
916,917.0,0.004533456,0.035756238,24871.621,24874.506,25161.535,0.0027084688
917,918.0,0.0015011438,0.03507164,39040.633,39047.535,39410.246,0.00089314557
918,919.0,0.02472422,0.065112546,44833.76,44842.367,48571.29,0.014821697
919,920.0,0.0014551554,0.040502027,36353.902,36359.77,36439.348,0.00085173093
920,921.0,0.0024336996,0.039079458,36522.797,36528.2,36094.785,0.0014453378
921,922.0,0.001998961,0.037215173,34335.047,34340.07,34662.832,0.0011877856
922,923.0,0.0008306569,0.036635745,44560.496,44569.062,44593.383,0.00048330572
923,924.0,0.00238373,0.036080446,36522.793,36528.203,36714.223,0.001425396
924,925.0,0.0026571546,0.034855112,24871.617,24874.506,24824.686,0.0015871421
925,926.0,0.0020797113,0.034708783,24871.62,24874.504,24959.195,0.0012425006
926,927.0,0.0012865928,0.034551933,24871.62,24874.504,25071.424,0.00076730293
927,928.0,0.0007091462,0.03332095,40307.06,40315.184,40143.383,0.000400244
928,929.0,0.0015633522,0.03316322,39040.63,39047.527,38990.414,0.0009264379
929,930.0,0.00064785435,0.032523878,30595.633,30600.062,30680.555,0.0003815457
930,931.0,0.0080388915,0.20889625,30595.635,30600.062,29026.068,0.00482074
931,932.0,0.00086039864,0.03138682,36679.617,36685.496,36794.355,0.0005104434
932,933.0,0.0011433059,0.030658623,30595.635,30600.059,30644.865,0.0006831682
933,934.0,0.0030590182,0.031910878,21255.53,21257.596,21067.865,0.0018313865
934,935.0,0.0006312763,0.027952645,41033.234,41041.52,40940.203,0.00035681654
935,936.0,0.0019365603,0.032305527,24871.617,24874.506,24739.707,0.001158938
936,937.0,0.00097425946,0.022733295,36522.797,36528.203,36779.402,0.0005818053
937,938.0,0.0010656025,0.027089413,36522.797,36528.2,36363.46,0.0006375804
938,939.0,0.00090519513,0.029246705,28632.04,28635.822,29051.953,0.0005395179
939,940.0,0.027286828,0.024060465,33462.33,33467.19,33184.652,0.016357921
940,941.0,0.00046409474,0.021256434,35966.09,35971.902,36022.09,0.00027159427
941,942.0,0.0018539418,0.043290872,35533.816,35539.57,36162.277,0.0011045666
942,943.0,0.0011702122,0.035554193,40074.246,40082.332,39418.48,0.0006861459
943,944.0,0.0012882692,0.02458482,24871.62,24874.504,25094.215,0.0007690923
944,945.0,0.00080236053,0.028400265,30595.635,30600.059,30344.184,0.00047652677
