,epoch,loss,val_loss,ivw,evw,ivw_ann,wp_loss,triax_loss
0,1.0,3.9557673e-07,4.967972e-07,59660.383,59669.668,59645.367,0.0,0.0
1,2.0,2.0378303e-08,4.8256897e-08,79401.67,79417.78,79534.96,0.0,0.0
2,3.0,1.3062126e-08,1.8814426e-08,61191.27,61200.125,61126.484,0.0,0.0
3,4.0,3.1499243e-09,1.4147283e-08,59660.383,59669.67,59601.17,0.0,0.0
4,5.0,5.9776664e-09,1.4479259e-08,54217.785,54224.95,54350.67,0.0,0.0
5,6.0,3.1254037e-09,1.1622066e-08,66610.516,66620.22,66577.49,0.0,0.0
6,7.0,3.5815109e-09,7.9864915e-09,73045.59,73056.4,73115.28,0.0,0.0
7,8.0,2.1493314e-09,7.771865e-09,76889.95,76903.54,76840.04,0.0,0.0
8,9.0,1.3288926e-09,3.4333059e-09,70697.21,70708.69,70725.41,0.0,0.0
9,10.0,2.4843718e-09,4.2312056e-09,61191.277,61200.125,61254.09,0.0,0.0
10,11.0,1.6707872e-09,5.8985155e-09,66610.516,66620.22,66564.91,0.0,0.0
11,12.0,2.7439893e-09,4.5725335e-09,70697.2,70708.68,70759.13,0.0,0.0
12,13.0,1.6767545e-09,6.5293566e-09,59660.383,59669.668,59640.145,0.0,0.0
13,14.0,1.2736205e-09,3.934684e-09,61191.27,61200.125,61253.973,0.0,0.0
14,15.0,4.5946674e-08,2.0365706e-08,59660.383,59669.67,59631.785,0.0,0.0
15,16.0,7.84668e-09,3.6963353e-08,66610.516,66620.22,66875.46,0.0,0.0
16,17.0,1.390227e-09,3.6284884e-09,78081.266,78095.055,78082.0,0.0,0.0
17,18.0,3.7730676e-09,4.355707e-09,54217.785,54224.95,54091.695,0.0,0.0
18,19.0,7.781453e-10,3.332615e-09,61191.27,61200.133,61176.758,0.0,0.0
19,20.0,9.463537e-10,3.4128753e-09,70697.21,70708.69,70661.53,0.0,0.0
20,21.0,7.27938e-09,4.8485753e-09,49743.24,49749.01,49771.375,0.0,0.0
21,22.0,1.5383244e-09,4.196501e-09,61191.266,61200.125,61161.957,0.0,0.0
22,23.0,1.0796316e-09,6.116261e-09,61191.277,61200.133,61220.973,0.0,0.0
23,24.0,7.5619777e-10,2.4265026e-09,61191.266,61200.117,61150.484,0.0,0.0
24,25.0,1.3005652e-09,4.4341526e-09,61191.27,61200.117,61206.785,0.0,0.0
25,26.0,1.6934347e-09,5.195611e-09,70697.21,70708.69,70794.06,0.0,0.0
26,27.0,1.8353461e-09,4.399167e-09,61191.27,61200.117,61141.766,0.0,0.0
27,28.0,4.0093284e-09,5.0329745e-09,89029.55,89046.64,89034.86,0.0,0.0
28,29.0,9.006591e-10,2.794619e-09,79401.67,79417.77,79428.07,0.0,0.0
29,30.0,1.1978316e-09,3.211066e-09,54217.785,54224.95,54194.72,0.0,0.0
30,31.0,2.9111478e-09,6.8798047e-09,73045.59,73056.4,73039.4,0.0,0.0
31,32.0,2.886795e-09,4.9073985e-09,45984.145,45988.9,45979.562,0.0,0.0
32,33.0,1.2132835e-08,3.9592024e-08,45681.516,45686.156,45653.74,0.0,0.0
33,34.0,1.0212357e-09,4.6235966e-09,59660.383,59669.67,59657.367,0.0,0.0
34,35.0,1.6690487e-08,5.409857e-08,61191.266,61200.125,61192.605,0.0,0.0
35,36.0,2.0685547e-09,3.934873e-09,76889.95,76903.53,76877.7,0.0,0.0
36,37.0,9.702223e-10,2.563544e-09,79401.67,79417.78,79409.3,0.0,0.0
37,38.0,4.052453e-09,1.2115534e-08,76889.95,76903.53,76969.91,0.0,0.0
38,39.0,1.4237719e-09,6.9359256e-09,66610.516,66620.22,66645.09,0.0,0.0
39,40.0,2.9087863e-09,6.520372e-09,43346.92,43351.15,43345.64,0.0,0.0
40,41.0,7.766971e-08,7.4002213e-07,70697.2,70708.69,70643.11,0.0,0.0
41,42.0,2.4630655e-09,7.850122e-09,70697.21,70708.69,70696.24,0.0,0.0
42,43.0,4.255163e-09,6.05406e-09,88987.62,89004.664,89042.35,0.0,0.0
43,44.0,1.8575071e-09,2.5316866e-09,78081.27,78095.06,78097.98,0.0,0.0
44,45.0,1.2572645e-09,3.530904e-09,76889.95,76903.53,76853.89,0.0,0.0
45,46.0,1.1600232e-09,1.9292345e-09,70697.22,70708.68,70709.96,0.0,0.0
46,47.0,1.0389338e-09,2.6894074e-09,78081.266,78095.06,78110.125,0.0,0.0
47,48.0,2.3516447e-09,4.9194355e-09,66610.51,66620.22,66654.586,0.0,0.0
48,49.0,2.265569e-09,1.1677003e-08,66610.516,66620.22,66642.16,0.0,0.0
49,50.0,1.3686781e-09,4.1079193e-09,66610.516,66620.22,66566.7,0.0,0.0
50,51.0,1.6132127e-09,2.7936136e-09,78081.266,78095.06,78120.23,0.0,0.0
51,52.0,2.7920324e-09,2.662765e-09,61191.27,61200.125,61153.64,0.0,0.0
52,53.0,2.216895e-09,8.159473e-09,76889.95,76903.53,76903.15,0.0,0.0
53,54.0,3.1795855e-09,2.6711198e-09,61191.27,61200.125,61159.027,0.0,0.0
54,55.0,3.472023e-09,1.1999284e-08,44831.438,44836.004,44812.17,0.0,0.0
55,56.0,8.013654e-10,3.4863576e-09,79401.664,79417.78,79463.89,0.0,0.0
56,57.0,3.0313738e-09,1.0971121e-08,59660.383,59669.668,59694.152,0.0,0.0
57,58.0,8.114239e-08,8.70883e-07,78081.27,78095.06,78126.54,0.0,0.0
58,59.0,4.479801e-09,1.6027784e-08,73045.59,73056.4,73176.36,0.0,0.0
59,60.0,2.2914227e-08,2.1948168e-08,61191.27,61200.117,61323.64,0.0,0.0
60,61.0,9.096287e-09,3.374836e-09,70697.21,70708.69,70710.4,0.0,0.0
61,62.0,2.362637e-09,3.9511368e-09,49743.242,49749.01,49777.07,0.0,0.0
62,63.0,9.645426e-10,4.730866e-09,59660.39,59669.67,59675.43,0.0,0.0
63,64.0,1.4479463e-09,3.038114e-09,90908.13,90925.57,90911.16,0.0,0.0
64,65.0,9.809659e-08,1.4968408e-06,61191.27,61200.125,61115.11,0.0,0.0
65,66.0,2.5709877e-08,5.7969608e-08,79401.67,79417.78,79870.44,0.0,0.0
66,67.0,1.3916467e-08,2.38549e-08,61191.27,61200.125,61117.11,0.0,0.0
67,68.0,8.815435e-09,1.6020858e-08,54217.785,54224.95,54209.04,0.0,0.0
68,69.0,1.749353e-08,3.354609e-08,61191.27,61200.125,61282.703,0.0,0.0
69,70.0,5.254631e-09,1.4880006e-08,78081.27,78095.07,78078.38,0.0,0.0
70,71.0,4.97258e-09,2.4248727e-08,76889.95,76903.54,76992.86,0.0,0.0
71,72.0,4.047188e-09,1.7055193e-08,73045.59,73056.39,73134.17,0.0,0.0
72,73.0,6.072616e-09,9.045213e-09,70697.2,70708.69,70816.37,0.0,0.0
73,74.0,4.204839e-09,1.982048e-08,61191.27,61200.125,61236.18,0.0,0.0
74,75.0,3.0362717e-09,7.952938e-09,79401.67,79417.78,79424.984,0.0,0.0
75,76.0,4.9116378e-09,6.141643e-09,70697.21,70708.695,70582.82,0.0,0.0
76,77.0,6.337208e-09,1.3290143e-08,66610.516,66620.22,66619.32,0.0,0.0
77,78.0,8.000174e-09,1.64559e-08,59660.39,59669.67,59537.707,0.0,0.0
78,79.0,2.992563e-09,8.033011e-09,66610.51,66620.22,66635.21,0.0,0.0
79,80.0,2.3545057e-09,5.8172307e-09,59660.383,59669.668,59620.14,0.0,0.0
80,81.0,1.7336753e-09,4.817915e-09,79401.67,79417.78,79371.02,0.0,0.0
81,82.0,1.0472604e-09,3.8194763e-09,78081.266,78095.06,78110.83,0.0,0.0
82,83.0,1.5158403e-09,5.902317e-09,89386.625,89403.82,89372.53,0.0,0.0
83,84.0,2.4067892e-09,6.3487517e-09,76889.95,76903.53,76811.16,0.0,0.0
84,85.0,2.445581e-09,4.7017994e-09,76889.95,76903.54,76841.39,0.0,0.0
85,86.0,7.225379e-09,5.1338045e-09,44427.76,44432.094,44360.152,0.0,0.0
86,87.0,7.490001e-09,1.2628543e-08,61191.266,61200.125,61174.5,0.0,0.0
87,88.0,1.6447108e-09,5.800182e-09,70697.21,70708.69,70663.11,0.0,0.0
88,89.0,2.5115592e-09,7.873505e-09,61191.27,61200.117,61200.207,0.0,0.0
89,90.0,4.267554e-09,1.0325786e-08,66610.516,66620.22,66624.66,0.0,0.0
90,91.0,3.1992886e-09,6.0499783e-09,59660.383,59669.668,59708.73,0.0,0.0
91,92.0,2.7198181e-09,1.1064773e-08,90697.16,90714.64,90737.445,0.0,0.0
92,93.0,2.4955744e-09,3.0962553e-09,70697.21,70708.69,70640.914,0.0,0.0
93,94.0,3.3574297e-09,7.706009e-09,61191.266,61200.125,61216.14,0.0,0.0
94,95.0,3.3060195e-09,9.3944585e-09,61191.277,61200.125,61213.742,0.0,0.0
95,96.0,1.7081749e-09,6.6682606e-09,54217.785,54224.95,54232.35,0.0,0.0
96,97.0,5.5439653e-10,3.3889402e-09,90683.85,90701.375,90697.92,0.0,0.0
97,98.0,2.8564713e-09,9.751427e-09,73045.59,73056.4,73106.16,0.0,0.0
98,99.0,3.2782577e-09,3.4444108e-09,61191.27,61200.125,61114.33,0.0,0.0
99,100.0,3.1168215e-09,9.754698e-09,70697.2,70708.69,70752.414,0.0,0.0
100,101.0,3.1818498e-08,3.577421e-08,88863.13,88880.22,88997.15,0.0,0.0
101,102.0,3.0908296e-09,3.922045e-09,78081.266,78095.06,78112.15,0.0,0.0
102,103.0,1.268537e-09,3.752626e-09,54217.785,54224.95,54229.188,0.0,0.0
103,104.0,1.5123134e-09,2.7179476e-09,70697.21,70708.69,70736.59,0.0,0.0
104,105.0,2.3842837e-08,1.8456577e-08,70697.2,70708.69,70823.64,0.0,0.0
105,106.0,3.847387e-09,1.3831429e-08,70697.21,70708.69,70647.47,0.0,0.0
106,107.0,8.671063e-09,1.0733739e-08,49743.24,49749.008,49847.215,0.0,0.0
107,108.0,1.1364872e-08,4.7717744e-08,73045.59,73056.4,73249.44,0.0,0.0
108,109.0,2.823182e-09,1.30655815e-08,76889.95,76903.53,76859.945,0.0,0.0
109,110.0,2.6876614e-09,4.9528017e-09,61191.266,61200.125,61181.84,0.0,0.0
110,111.0,1.1004178e-08,9.989574e-09,49743.24,49749.008,49841.63,0.0,0.0
111,112.0,2.3747313e-09,1.3510302e-08,70697.2,70708.69,70696.8,0.0,0.0
112,113.0,1.0651638e-09,5.822743e-09,89635.766,89652.945,89665.32,0.0,0.0
113,114.0,6.8041057e-09,1.208037e-08,79401.664,79417.78,79431.125,0.0,0.0
114,115.0,6.4455885e-09,1.1706904e-08,49743.24,49749.01,49797.14,0.0,0.0
115,116.0,5.92407e-09,1.5825808e-08,59660.383,59669.668,59723.785,0.0,0.0
116,117.0,2.5913054e-09,3.9608476e-09,70697.21,70708.69,70716.91,0.0,0.0
117,118.0,3.983927e-09,1.8609143e-08,61191.27,61200.117,61236.797,0.0,0.0
118,119.0,1.2839434e-08,3.200319e-08,66610.516,66620.22,66739.36,0.0,0.0
119,120.0,3.8580774e-09,2.4643272e-08,73045.59,73056.4,73076.82,0.0,0.0
120,121.0,1.2598719e-08,1.3626184e-08,44687.66,44692.117,44639.203,0.0,0.0
121,122.0,1.1894609e-08,2.5461354e-08,66610.51,66620.22,66685.8,0.0,0.0
122,123.0,1.5932113e-09,1.0615439e-08,79401.67,79417.78,79350.26,0.0,0.0
123,124.0,1.9923318e-08,5.180941e-09,43462.656,43466.906,43476.02,0.0,0.0
124,125.0,9.448971e-08,8.85399e-08,61191.27,61200.125,61266.605,0.0,0.0
125,126.0,1.98312e-08,1.9314333e-08,76889.95,76903.53,76923.36,0.0,0.0
126,127.0,6.1638192e-09,1.2021827e-08,76889.945,76903.54,76849.766,0.0,0.0
127,128.0,4.1684313e-08,9.8985225e-08,54217.785,54224.95,54212.67,0.0,0.0
128,129.0,9.615014e-09,1.5168958e-08,73045.59,73056.41,73128.54,0.0,0.0
129,130.0,1.268715e-08,2.2254163e-08,44567.31,44571.777,44542.516,0.0,0.0
130,131.0,1.2495601e-09,3.4170726e-09,79401.67,79417.77,79450.6,0.0,0.0
131,132.0,9.411012e-10,4.594768e-09,79401.67,79417.77,79403.0,0.0,0.0
132,133.0,4.9638893e-10,6.3549646e-09,88803.54,88820.625,88831.53,0.0,0.0
133,134.0,3.712732e-09,8.746418e-09,59660.383,59669.668,59603.625,0.0,0.0
134,135.0,5.6587982e-08,3.811256e-08,70697.2,70708.68,70637.1,0.0,0.0
135,136.0,7.816683e-09,2.2759785e-08,49743.24,49749.008,49787.492,0.0,0.0
136,137.0,3.6492152e-09,1.677544e-08,76889.95,76903.53,76789.69,0.0,0.0
137,138.0,2.0805153e-09,1.1497549e-08,78081.266,78095.055,78131.24,0.0,0.0
138,139.0,3.2367224e-09,1.7615246e-08,90881.24,90898.67,90998.65,0.0,0.0
139,140.0,2.9763034e-09,3.1767082e-09,78081.26,78095.06,78053.68,0.0,0.0
140,141.0,1.7200082e-09,4.7049054e-09,91107.164,91124.734,91128.77,0.0,0.0
141,142.0,4.471813e-09,1.643364e-08,70697.21,70708.69,70626.945,0.0,0.0
142,143.0,2.5063833e-09,2.405654e-08,61191.277,61200.125,61168.52,0.0,0.0
143,144.0,4.71489e-09,3.3268275e-08,79401.664,79417.78,79320.945,0.0,0.0
144,145.0,2.876001e-09,9.579808e-09,70697.21,70708.68,70742.83,0.0,0.0
145,146.0,1.1303723e-07,5.6782905e-08,70697.21,70708.69,70673.97,0.0,0.0
146,147.0,1.9497877e-09,7.081402e-09,79401.664,79417.78,79377.56,0.0,0.0
147,148.0,2.9747615e-09,6.380372e-09,78081.266,78095.06,78130.01,0.0,0.0
148,149.0,4.442585e-09,1.3407476e-08,61191.27,61200.125,61082.312,0.0,0.0
149,150.0,4.1166164e-09,1.7439826e-08,66610.51,66620.22,66686.44,0.0,0.0
150,151.0,5.3592006e-09,2.698047e-08,88822.3,88839.39,88772.2,0.0,0.0
151,152.0,6.9951125e-09,1.0862185e-08,78081.266,78095.06,78025.234,0.0,0.0
152,153.0,2.8670188e-08,4.393315e-08,49743.24,49749.008,49672.613,0.0,0.0
153,154.0,4.9217963e-09,7.033706e-09,90927.14,90944.66,90904.39,0.0,0.0
154,155.0,9.7003e-09,8.909301e-08,61191.27,61200.125,61309.418,0.0,0.0
155,156.0,1.1070921e-08,3.6461557e-08,70697.2,70708.69,70655.48,0.0,0.0
156,157.0,5.040013e-09,1.5852525e-08,70697.21,70708.69,70723.664,0.0,0.0
157,158.0,3.7691037e-09,1.3566161e-08,76889.95,76903.54,76861.734,0.0,0.0
158,159.0,9.400825e-09,3.9733404e-08,61191.27,61200.125,61119.695,0.0,0.0
159,160.0,9.1103025e-10,7.867029e-09,89378.7,89395.914,89346.75,0.0,0.0
160,161.0,5.7683565e-09,9.199656e-09,59660.383,59669.67,59673.457,0.0,0.0
161,162.0,5.9029706e-09,9.28874e-09,61191.27,61200.125,61178.598,0.0,0.0
162,163.0,2.6772073e-09,6.8911725e-09,70697.21,70708.68,70728.99,0.0,0.0
163,164.0,2.4381144e-09,5.9127925e-09,76889.96,76903.53,76824.9,0.0,0.0
164,165.0,3.2847747e-09,8.333521e-09,79401.67,79417.78,79346.03,0.0,0.0
165,166.0,2.625802e-09,4.4045425e-09,78081.266,78095.055,78061.09,0.0,0.0
166,167.0,2.4882565e-09,9.942463e-09,90397.61,90414.99,90300.33,0.0,0.0
167,168.0,4.2365094e-09,1.9683688e-08,73045.59,73056.4,73089.03,0.0,0.0
168,169.0,9.679417e-09,4.7747942e-08,88673.016,88690.06,88724.625,0.0,0.0
169,170.0,2.1340743e-08,1.1652714e-07,59660.383,59669.67,59598.527,0.0,0.0
170,171.0,2.4742226e-09,5.91222e-09,88732.55,88749.6,88716.38,0.0,0.0
171,172.0,7.1997275e-09,8.618435e-09,70697.21,70708.68,70717.445,0.0,0.0
172,173.0,1.5825847e-08,4.4946066e-08,61191.27,61200.125,61061.242,0.0,0.0
173,174.0,3.75793e-09,5.0172058e-09,59660.39,59669.668,59706.598,0.0,0.0
174,175.0,3.3298713e-09,4.835688e-09,78081.266,78095.06,78038.56,0.0,0.0
175,176.0,1.593005e-09,1.8561103e-08,70697.21,70708.69,70738.09,0.0,0.0
176,177.0,1.083252e-08,5.3880065e-09,76889.95,76903.53,76912.28,0.0,0.0
177,178.0,5.819742e-09,2.2562348e-08,61191.27,61200.125,61162.355,0.0,0.0
178,179.0,5.7617353e-07,6.8729025e-07,90097.414,90114.7,90202.43,0.0,0.0
179,180.0,1.2357514e-08,9.682835e-09,76889.95,76903.54,76811.75,0.0,0.0
180,181.0,1.0874684e-08,1.2966974e-08,43375.04,43379.266,43422.652,0.0,0.0
181,182.0,3.6489398e-09,1.9958355e-08,54217.78,54224.953,54272.664,0.0,0.0
182,183.0,3.7931227e-09,7.3725337e-09,78081.266,78095.06,78049.5,0.0,0.0
183,184.0,6.533009e-09,1.7166043e-08,70697.2,70708.69,70694.55,0.0,0.0
184,185.0,1.918808e-09,8.1861184e-09,89953.75,89971.07,90040.34,0.0,0.0
185,186.0,7.781379e-09,5.333053e-09,49743.242,49749.008,49843.617,0.0,0.0
186,187.0,7.2078836e-09,3.3199292e-08,73045.59,73056.4,73077.85,0.0,0.0
187,188.0,3.4359214e-08,2.3348598e-08,45033.605,45038.11,45004.344,0.0,0.0
188,189.0,4.070249e-09,2.6019883e-08,76889.95,76903.53,76949.06,0.0,0.0
189,190.0,4.002187e-09,8.485419e-09,59660.39,59669.668,59725.297,0.0,0.0
190,191.0,3.1658032e-09,6.6434303e-09,78081.266,78095.06,78080.43,0.0,0.0
191,192.0,3.529884e-09,5.866316e-09,61191.266,61200.125,61213.367,0.0,0.0
192,193.0,4.056481e-09,4.5557517e-08,66610.516,66620.22,66687.59,0.0,0.0
193,194.0,4.115372e-09,9.2746e-09,70697.21,70708.69,70695.89,0.0,0.0
194,195.0,6.3327676e-09,1.1658092e-08,61191.266,61200.117,61256.027,0.0,0.0
195,196.0,7.231686e-09,4.820746e-09,61191.27,61200.125,61086.59,0.0,0.0
196,197.0,1.5327327e-08,3.6681893e-08,76889.96,76903.53,76927.07,0.0,0.0
197,198.0,2.4009596e-06,2.7400919e-08,54217.785,54224.953,54302.64,0.0,0.0
198,199.0,2.5623967e-09,2.9895343e-08,61191.277,61200.125,61224.188,0.0,0.0
199,200.0,2.0354147e-08,2.7629223e-08,66610.516,66620.22,66721.64,0.0,0.0
200,201.0,1.7105773e-08,1.8626935e-08,73045.59,73056.41,73104.28,0.0,0.0
201,202.0,5.752279e-09,2.171583e-08,54217.78,54224.945,54253.38,0.0,0.0
202,203.0,1.189544e-08,8.659243e-09,45354.637,45359.18,45364.234,0.0,0.0
203,204.0,3.6727863e-09,4.3766697e-09,70697.2,70708.68,70738.805,0.0,0.0
204,205.0,3.2403922e-09,7.751561e-09,76889.95,76903.54,76927.32,0.0,0.0
205,206.0,1.3492656e-09,5.128309e-09,61191.27,61200.117,61223.277,0.0,0.0
206,207.0,2.3909117e-09,9.059753e-09,59660.383,59669.67,59665.492,0.0,0.0
207,208.0,1.0040448e-08,6.329143e-09,49743.24,49749.004,49778.133,0.0,0.0
208,209.0,4.7643045e-09,1.7497975e-08,70697.21,70708.69,70754.12,0.0,0.0
209,210.0,1.1440129e-08,1.6648984e-08,73045.59,73056.41,73043.086,0.0,0.0
210,211.0,5.3623417e-09,9.391068e-09,61191.266,61200.117,61211.508,0.0,0.0
211,212.0,8.352661e-10,1.1465507e-08,90901.23,90918.664,90875.484,0.0,0.0
212,213.0,1.4687807e-08,2.7409097e-08,49743.242,49749.008,49835.145,0.0,0.0
213,214.0,4.4848598e-08,1.2938196e-08,73045.586,73056.4,72992.77,0.0,0.0
214,215.0,3.3917203e-08,6.186623e-08,70697.22,70708.69,70658.836,0.0,0.0
215,216.0,9.584815e-09,3.3005996e-08,76889.96,76903.54,76724.12,0.0,0.0
216,217.0,3.5225607e-09,1.2706771e-08,59660.383,59669.668,59593.234,0.0,0.0
217,218.0,1.3594571e-08,1.0698132e-08,49743.24,49749.008,49799.098,0.0,0.0
218,219.0,4.161627e-09,3.4156717e-08,76889.95,76903.54,76925.73,0.0,0.0
219,220.0,7.74834e-09,8.992494e-09,61191.27,61200.125,61199.016,0.0,0.0
220,221.0,3.2495164e-09,4.6416808e-08,73045.59,73056.4,73033.51,0.0,0.0
221,222.0,9.620151e-09,3.0933464e-08,88602.516,88619.53,88733.24,0.0,0.0
222,223.0,2.71185e-09,2.1099082e-08,54217.78,54224.945,54295.004,0.0,0.0
223,224.0,9.932846e-09,1.2517712e-08,44075.117,44079.484,44074.527,0.0,0.0
224,225.0,7.965922e-09,9.981166e-09,43431.734,43435.977,43427.152,0.0,0.0
225,226.0,1.972249e-09,2.0267244e-08,54217.785,54224.95,54241.414,0.0,0.0
226,227.0,1.305263e-08,2.5946512e-08,59660.383,59669.668,59647.42,0.0,0.0
227,228.0,6.3818817e-09,4.294912e-08,61191.266,61200.125,61213.32,0.0,0.0
228,229.0,8.92102e-09,1.0617829e-08,59660.39,59669.668,59689.027,0.0,0.0
229,230.0,3.97438e-09,2.0628166e-08,76889.945,76903.54,76856.89,0.0,0.0
230,231.0,2.8631868e-09,5.0481948e-09,70697.21,70708.68,70684.55,0.0,0.0
231,232.0,1.1945827e-08,7.269248e-08,73045.59,73056.4,73015.81,0.0,0.0
232,233.0,7.104285e-09,1.4435993e-08,76889.95,76903.53,76890.414,0.0,0.0
233,234.0,2.4027194e-08,4.6099835e-08,45083.445,45087.98,45090.89,0.0,0.0
234,235.0,5.982459e-09,7.057249e-08,91044.945,91062.47,91002.02,0.0,0.0
235,236.0,1.8699755e-08,9.242602e-08,91565.09,91582.74,91653.945,0.0,0.0
236,237.0,5.5612634e-09,1.6782549e-08,76889.96,76903.54,76826.695,0.0,0.0
237,238.0,2.0010317e-08,3.1960827e-08,61191.27,61200.125,61090.64,0.0,0.0
238,239.0,4.6215717e-08,8.786343e-09,61191.27,61200.125,61258.992,0.0,0.0
239,240.0,2.1538364e-08,2.5912207e-08,59660.383,59669.67,59564.695,0.0,0.0
240,241.0,3.1852736e-09,3.006184e-08,79401.67,79417.77,79351.89,0.0,0.0
241,242.0,3.727787e-08,6.34073e-08,61191.277,61200.125,61128.465,0.0,0.0
242,243.0,1.5786478e-08,1.8365472e-07,73045.59,73056.4,73297.65,0.0,0.0
243,244.0,4.2369514e-08,1.8593628e-08,59660.383,59669.67,59579.453,0.0,0.0
244,245.0,1.1104749e-08,2.03705e-08,59660.39,59669.67,59673.07,0.0,0.0
245,246.0,1.2602967e-08,9.591223e-09,61191.27,61200.125,61279.58,0.0,0.0
246,247.0,1.2195538e-08,4.9669868e-08,70697.21,70708.68,70841.94,0.0,0.0
247,248.0,6.4106134e-09,8.0214605e-08,73045.59,73056.4,73138.76,0.0,0.0
248,249.0,3.339893e-08,6.206189e-08,66610.516,66620.22,66781.87,0.0,0.0
249,250.0,6.702179e-08,1.2528997e-07,73045.59,73056.4,73254.23,0.0,0.0
250,251.0,5.413408e-09,3.146893e-08,79401.67,79417.78,79380.125,0.0,0.0
251,252.0,9.198433e-09,1.090231e-07,61191.277,61200.117,61243.11,0.0,0.0
252,253.0,6.3178582e-09,1.082891e-07,66610.516,66620.22,66697.805,0.0,0.0
253,254.0,2.9641058e-08,6.244472e-08,59660.39,59669.67,59721.797,0.0,0.0
254,255.0,7.9435864e-08,7.105767e-08,76889.96,76903.53,77147.05,0.0,0.0
255,256.0,1.3080123e-08,2.44113e-08,78081.26,78095.06,77985.32,0.0,0.0
256,257.0,1.6036239e-08,1.0043998e-07,66610.51,66620.22,66727.84,0.0,0.0
257,258.0,1.4098264e-08,6.570154e-08,70697.21,70708.69,70848.46,0.0,0.0
258,259.0,9.831023e-09,1.1489799e-08,49743.24,49749.01,49820.527,0.0,0.0
259,260.0,3.7959552e-08,1.8420446e-08,43622.04,43626.344,43644.023,0.0,0.0
260,261.0,5.8693197e-09,1.7955074e-08,44686.52,44691.043,44710.617,0.0,0.0
261,262.0,6.0472773e-09,1.4521514e-08,76889.96,76903.54,76827.53,0.0,0.0
262,263.0,6.3669177e-09,7.3913185e-08,66610.52,66620.22,66699.945,0.0,0.0
263,264.0,6.001688e-09,3.18375e-08,59660.39,59669.67,59722.293,0.0,0.0
264,265.0,1.2852769e-08,4.5535117e-08,61191.27,61200.125,61006.57,0.0,0.0
265,266.0,1.6809828e-08,2.2044569e-08,70697.21,70708.69,70560.94,0.0,0.0
266,267.0,2.30298e-09,1.41747245e-08,76889.96,76903.53,76886.86,0.0,0.0
267,268.0,6.340514e-09,5.1391623e-08,61191.27,61200.117,61237.16,0.0,0.0
268,269.0,6.166914e-08,9.74905e-08,70697.21,70708.69,70974.914,0.0,0.0
269,270.0,3.9168153e-09,4.0425316e-08,70697.21,70708.68,70777.99,0.0,0.0
270,271.0,7.3358333e-09,1.38336596e-08,54217.785,54224.95,54211.555,0.0,0.0
271,272.0,2.8148115e-08,3.4840056e-08,76889.96,76903.53,77063.09,0.0,0.0
272,273.0,1.1503935e-08,2.2790068e-08,59660.383,59669.67,59571.633,0.0,0.0
273,274.0,4.264434e-09,1.5049812e-08,78081.266,78095.06,78015.945,0.0,0.0
274,275.0,1.0382211e-08,2.874568e-08,59660.39,59669.67,59592.418,0.0,0.0
275,276.0,1.6583648e-08,6.6344654e-08,66610.516,66620.22,66757.93,0.0,0.0
276,277.0,1.7104597e-08,2.0700208e-08,70697.21,70708.69,70499.89,0.0,0.0
277,278.0,3.931708e-09,1.0920294e-08,78081.26,78095.06,78095.51,0.0,0.0
278,279.0,7.0589983e-09,1.0934725e-08,61191.277,61200.117,61225.43,0.0,0.0
279,280.0,1.9635085e-09,2.0499552e-08,89999.53,90016.87,90118.5,0.0,0.0
280,281.0,2.402566e-08,5.412674e-08,59660.383,59669.67,59645.117,0.0,0.0
281,282.0,8.04029e-09,3.9961446e-08,70697.21,70708.68,70768.91,0.0,0.0
282,283.0,2.224296e-08,2.258841e-07,61191.27,61200.125,61103.367,0.0,0.0
283,284.0,6.659922e-09,9.755035e-08,73045.59,73056.4,73264.19,0.0,0.0
284,285.0,1.3786586e-08,2.0249722e-08,44619.4,44623.848,44542.367,0.0,0.0
285,286.0,5.510389e-09,2.5365738e-08,76889.95,76903.54,76889.07,0.0,0.0
286,287.0,5.502604e-09,3.492882e-08,59660.383,59669.668,59704.918,0.0,0.0
287,288.0,5.0858797e-09,6.436306e-08,66610.516,66620.22,66603.86,0.0,0.0
288,289.0,7.666848e-09,8.782156e-09,61191.27,61200.125,61233.91,0.0,0.0
289,290.0,6.4642585e-09,1.0677682e-08,61191.277,61200.125,61174.332,0.0,0.0
290,291.0,7.633613e-09,1.7766896e-08,44869.348,44873.8,44891.777,0.0,0.0
291,292.0,9.355532e-09,1.5526915e-08,49743.24,49749.016,49843.668,0.0,0.0
292,293.0,4.5043194e-08,1.770654e-07,73045.59,73056.4,72993.484,0.0,0.0
293,294.0,1.3196396e-08,2.79854e-08,61191.27,61200.117,61160.93,0.0,0.0
294,295.0,2.0229394e-09,1.009274e-08,79401.67,79417.78,79458.766,0.0,0.0
295,296.0,1.0288356e-08,9.059559e-09,61191.27,61200.125,61293.277,0.0,0.0
296,297.0,1.9968716e-08,1.16001075e-08,43954.652,43958.98,43961.355,0.0,0.0
297,298.0,3.5365642e-09,7.713783e-09,70697.2,70708.69,70706.305,0.0,0.0
298,299.0,8.332607e-09,1.7939389e-08,79401.67,79417.78,79232.91,0.0,0.0
299,300.0,3.4630352e-09,5.683741e-09,78081.266,78095.06,78025.22,0.0,0.0
300,301.0,1.9451926e-08,2.297234e-08,89847.19,89864.414,89597.23,0.0,0.0
301,302.0,1.9066961e-08,2.426251e-08,70697.21,70708.69,70508.664,0.0,0.0
302,303.0,4.4866053e-09,8.383204e-09,78081.266,78095.06,78040.15,0.0,0.0
303,304.0,3.934985e-09,1.670662e-08,91720.195,91737.92,91734.84,0.0,0.0
304,305.0,1.3113749e-08,1.9937254e-08,78081.266,78095.055,77895.336,0.0,0.0
305,306.0,3.7040497e-09,2.377551e-08,61191.27,61200.117,61225.723,0.0,0.0
306,307.0,2.1967768e-09,1.7039595e-08,91009.96,91027.43,91096.5,0.0,0.0
307,308.0,3.4485177e-09,3.3324582e-08,76889.95,76903.53,76820.586,0.0,0.0
308,309.0,1.0529339e-08,1.947937e-08,49743.24,49749.01,49771.613,0.0,0.0
309,310.0,3.5023713e-09,8.787796e-09,70697.21,70708.68,70691.63,0.0,0.0
310,311.0,8.907479e-09,4.0605446e-08,61191.27,61200.125,61103.83,0.0,0.0
311,312.0,3.9555896e-09,3.802344e-08,66610.516,66620.22,66623.79,0.0,0.0
312,313.0,2.5790477e-08,4.1127283e-08,61191.266,61200.125,61156.457,0.0,0.0
313,314.0,9.819001e-09,2.2748774e-08,45040.008,45044.516,45021.02,0.0,0.0
314,315.0,1.1607008e-08,2.1801906e-08,70697.21,70708.69,70560.0,0.0,0.0
315,316.0,2.1439591e-08,1.0559298e-07,73045.59,73056.41,73142.984,0.0,0.0
316,317.0,5.219133e-09,1.4387542e-08,61191.27,61200.125,61289.285,0.0,0.0
317,318.0,4.47867e-09,7.0852866e-09,61191.27,61200.117,61264.766,0.0,0.0
318,319.0,5.687922e-09,8.551819e-09,78081.27,78095.055,78089.13,0.0,0.0
319,320.0,7.270262e-09,3.8897518e-08,78081.26,78095.055,78060.734,0.0,0.0
320,321.0,8.142353e-09,4.6501423e-08,61191.27,61200.125,61264.215,0.0,0.0
321,322.0,1.600789e-08,1.00403604e-07,66610.51,66620.22,66656.84,0.0,0.0
322,323.0,6.25126e-09,1.2541281e-08,79401.67,79417.78,79475.53,0.0,0.0
323,324.0,1.0702577e-08,2.6640688e-08,70697.21,70708.68,70640.3,0.0,0.0
324,325.0,9.55212e-09,1.8803338e-08,61191.27,61200.125,61114.188,0.0,0.0
325,326.0,3.1321163e-09,6.968188e-09,76889.96,76903.54,76823.93,0.0,0.0
326,327.0,3.780114e-09,1.25059945e-08,76889.95,76903.53,76858.27,0.0,0.0
327,328.0,1.2137287e-08,1.1159745e-08,49743.242,49749.008,49806.81,0.0,0.0
328,329.0,2.3577027e-09,9.5151655e-09,78081.266,78095.055,78118.734,0.0,0.0
329,330.0,3.28853e-09,1.4619228e-08,79401.67,79417.78,79354.945,0.0,0.0
330,331.0,4.867341e-08,1.0994667e-07,61191.27,61200.125,61274.957,0.0,0.0
331,332.0,2.784178e-09,1.8252948e-08,76889.95,76903.53,76965.11,0.0,0.0
332,333.0,1.7910423e-08,4.7165337e-08,76889.945,76903.54,76965.97,0.0,0.0
333,334.0,2.0788754e-08,1.3508895e-08,45001.938,45006.445,45011.41,0.0,0.0
334,335.0,2.9023586e-09,1.264922e-08,78081.266,78095.06,78112.375,0.0,0.0
335,336.0,5.6705307e-09,9.342158e-09,61191.27,61200.125,61217.168,0.0,0.0
336,337.0,2.2930928e-08,3.2882234e-08,49743.234,49749.008,49719.02,0.0,0.0
337,338.0,6.267423e-09,1.115934e-08,44632.758,44637.23,44652.973,0.0,0.0
338,339.0,1.3237172e-08,9.1090735e-09,54217.785,54224.95,54132.57,0.0,0.0
339,340.0,1.6113884e-07,1.68077e-07,76889.95,76903.53,76700.836,0.0,0.0
340,341.0,4.692398e-09,3.0389472e-08,76889.945,76903.53,76969.35,0.0,0.0
341,342.0,5.615468e-09,1.1624617e-08,76889.95,76903.54,76770.77,0.0,0.0
342,343.0,1.0854723e-08,1.6713988e-08,79401.67,79417.77,79304.88,0.0,0.0
343,344.0,8.735799e-09,1.7783345e-08,76889.96,76903.53,77103.33,0.0,0.0
344,345.0,9.412379e-09,3.7157143e-08,73045.59,73056.41,73121.84,0.0,0.0
345,346.0,2.368481e-09,2.4372316e-08,76889.95,76903.53,76946.73,0.0,0.0
346,347.0,6.268998e-09,2.2378408e-08,70697.21,70708.69,70793.29,0.0,0.0
347,348.0,2.8278195e-09,7.30212e-09,70697.21,70708.68,70712.164,0.0,0.0
348,349.0,2.4795113e-09,3.1452302e-08,66610.516,66620.22,66671.29,0.0,0.0
349,350.0,2.922843e-09,1.3194256e-08,59660.39,59669.67,59703.047,0.0,0.0
350,351.0,4.8341957e-09,1.4888106e-08,59660.39,59669.67,59706.805,0.0,0.0
351,352.0,3.742498e-09,4.2252807e-08,66610.516,66620.22,66653.805,0.0,0.0
352,353.0,5.354059e-09,1.4240939e-08,78081.266,78095.06,78074.66,0.0,0.0
353,354.0,1.9323376e-09,5.659274e-09,78081.266,78095.06,78083.24,0.0,0.0
354,355.0,8.16638e-09,1.8926135e-08,70697.2,70708.68,70637.09,0.0,0.0
355,356.0,4.270681e-09,1.4439008e-08,61191.27,61200.125,61292.707,0.0,0.0
356,357.0,7.3140987e-09,1.8474953e-08,70697.21,70708.68,70764.016,0.0,0.0
357,358.0,9.694662e-10,1.6608054e-08,89548.72,89565.984,89557.195,0.0,0.0
358,359.0,4.5932342e-09,7.695329e-09,49743.24,49749.01,49785.32,0.0,0.0
359,360.0,2.3827618e-09,1.0604189e-08,78081.266,78095.055,78096.18,0.0,0.0
360,361.0,6.310943e-09,1.26420945e-08,61191.27,61200.125,61236.5,0.0,0.0
361,362.0,3.638836e-09,1.0842573e-08,78081.26,78095.06,78069.484,0.0,0.0
362,363.0,1.7665428e-08,5.500876e-08,66610.51,66620.22,66787.88,0.0,0.0
363,364.0,3.9786365e-09,4.1891187e-08,73045.59,73056.41,73128.83,0.0,0.0
364,365.0,6.902858e-09,7.919271e-09,49743.242,49749.008,49714.652,0.0,0.0
365,366.0,1.9884916e-09,9.0219885e-09,76889.95,76903.54,76918.68,0.0,0.0
366,367.0,7.121447e-09,7.558898e-09,44011.777,44016.15,44017.32,0.0,0.0
367,368.0,3.7068675e-09,1.0942571e-08,89798.78,89816.04,89805.25,0.0,0.0
368,369.0,1.10862274e-07,1.9126274e-07,79401.664,79417.77,79006.945,0.0,0.0
369,370.0,5.8102742e-08,3.188722e-07,61191.27,61200.117,61390.812,0.0,0.0
370,371.0,2.1477915e-08,1.2876232e-07,70697.21,70708.68,70796.96,0.0,0.0
371,372.0,1.1394451e-08,6.463037e-08,54217.785,54224.95,54182.85,0.0,0.0
372,373.0,1.9461098e-08,1.5902634e-08,90349.0,90366.22,90340.49,0.0,0.0
373,374.0,6.199258e-09,3.4828908e-08,76889.95,76903.53,76915.25,0.0,0.0
374,375.0,7.953478e-09,1.423344e-08,70697.21,70708.69,70663.97,0.0,0.0
375,376.0,5.771911e-09,2.1460524e-08,89390.65,89407.84,89522.72,0.0,0.0
376,377.0,3.738139e-09,5.4113034e-08,66610.51,66620.22,66666.81,0.0,0.0
377,378.0,1.1611667e-08,1.0572637e-07,73045.59,73056.39,73107.375,0.0,0.0
378,379.0,7.996309e-09,3.376239e-08,90082.69,90099.89,90124.48,0.0,0.0
379,380.0,7.65387e-09,3.5018004e-08,59660.39,59669.67,59590.14,0.0,0.0
380,381.0,9.162992e-09,1.8645222e-08,76889.95,76903.53,77004.67,0.0,0.0
381,382.0,5.8919962e-09,2.689697e-08,89292.55,89309.7,89134.75,0.0,0.0
382,383.0,4.6598116e-09,3.2584932e-08,59660.383,59669.668,59699.543,0.0,0.0
383,384.0,6.6622743e-09,2.1931646e-08,78081.266,78095.055,77948.484,0.0,0.0
384,385.0,4.6055493e-09,3.700583e-08,89096.75,89113.87,89202.766,0.0,0.0
385,386.0,2.1592093e-09,7.0004997e-09,78081.27,78095.06,78041.22,0.0,0.0
386,387.0,2.4316291e-09,1.2774333e-08,79401.67,79417.78,79343.11,0.0,0.0
387,388.0,7.652421e-09,2.6650733e-08,76889.96,76903.53,76783.125,0.0,0.0
388,389.0,8.277099e-09,2.5301e-08,78081.27,78095.06,77997.28,0.0,0.0
389,390.0,3.5349506e-09,1.8410063e-08,76889.95,76903.54,76986.85,0.0,0.0
390,391.0,7.078561e-09,3.415957e-08,59660.39,59669.668,59643.133,0.0,0.0
391,392.0,2.5215046e-09,6.2035515e-09,70697.21,70708.69,70753.31,0.0,0.0
392,393.0,2.597028e-08,2.0671548e-08,79401.664,79417.78,79294.984,0.0,0.0
393,394.0,8.247438e-09,5.2654187e-08,49743.24,49749.008,49733.25,0.0,0.0
394,395.0,7.0721153e-09,3.369303e-08,79401.664,79417.78,79379.516,0.0,0.0
395,396.0,3.0508258e-09,2.4882887e-08,54217.79,54224.95,54210.855,0.0,0.0
396,397.0,3.995955e-09,2.0681746e-08,88658.01,88675.05,88651.24,0.0,0.0
397,398.0,4.759117e-09,2.982482e-08,73045.59,73056.41,73167.22,0.0,0.0
398,399.0,3.8131387e-09,7.093402e-09,70697.21,70708.68,70689.8,0.0,0.0
399,400.0,7.295589e-09,6.677087e-09,45191.055,45195.49,45161.984,0.0,0.0
400,401.0,6.4089445e-09,3.4433967e-08,73045.59,73056.41,73133.78,0.0,0.0
401,402.0,2.1757973e-09,1.5701524e-08,79401.67,79417.77,79407.43,0.0,0.0
402,403.0,7.549956e-09,2.0710408e-08,70697.22,70708.69,70683.03,0.0,0.0
403,404.0,8.8089624e-09,2.8028381e-08,70697.2,70708.69,70689.63,0.0,0.0
404,405.0,6.90774e-09,2.7999075e-08,66610.51,66620.22,66657.04,0.0,0.0
405,406.0,1.0828056e-08,6.2251935e-08,66610.516,66620.22,66764.03,0.0,0.0
406,407.0,3.242982e-09,3.0719804e-08,73045.59,73056.4,73006.11,0.0,0.0
407,408.0,5.478905e-09,3.9885563e-08,70697.21,70708.69,70638.7,0.0,0.0
408,409.0,1.3845542e-09,1.908039e-08,76889.95,76903.54,76893.84,0.0,0.0
409,410.0,3.7684673e-09,1.0503243e-08,45409.21,45413.875,45410.24,0.0,0.0
410,411.0,3.6727492e-09,1.846415e-08,70697.22,70708.69,70669.875,0.0,0.0
411,412.0,3.161854e-09,1.4104818e-08,79401.67,79417.77,79346.5,0.0,0.0
412,413.0,8.4335925e-09,6.287322e-08,88364.016,88381.016,88410.055,0.0,0.0
413,414.0,1.2562263e-08,8.236658e-09,49743.24,49749.008,49792.703,0.0,0.0
414,415.0,3.9051233e-09,4.6228127e-08,73045.59,73056.4,73065.73,0.0,0.0
415,416.0,6.2666867e-09,9.301795e-09,43950.137,43954.453,43952.312,0.0,0.0
416,417.0,5.2469153e-09,8.197385e-09,49743.242,49749.01,49802.97,0.0,0.0
417,418.0,1.0088313e-08,1.28210305e-08,49743.242,49749.008,49779.06,0.0,0.0
418,419.0,5.504392e-09,1.0521901e-08,78081.266,78095.06,78118.87,0.0,0.0
419,420.0,6.156325e-09,7.1344903e-09,49743.242,49749.01,49770.992,0.0,0.0
420,421.0,7.710462e-09,3.043116e-08,66610.51,66620.22,66647.09,0.0,0.0
421,422.0,8.735878e-09,1.1627067e-08,49743.24,49749.008,49759.348,0.0,0.0
422,423.0,2.0751095e-08,3.733367e-08,44717.668,44722.08,44774.33,0.0,0.0
423,424.0,5.4796363e-09,1.357622e-08,79401.67,79417.78,79458.484,0.0,0.0
424,425.0,2.9427796e-09,1.8394475e-08,91408.375,91426.03,91389.43,0.0,0.0
425,426.0,3.877956e-09,7.745084e-09,54217.785,54224.95,54232.656,0.0,0.0
426,427.0,3.6169696e-09,8.874807e-09,76889.95,76903.54,76918.67,0.0,0.0
427,428.0,4.3837804e-09,7.1032003e-09,70697.21,70708.69,70723.36,0.0,0.0
428,429.0,1.607351e-08,2.2869475e-08,54217.785,54224.953,54269.39,0.0,0.0
429,430.0,2.6955724e-09,8.668656e-09,54217.785,54224.95,54245.37,0.0,0.0
430,431.0,4.7758606e-09,3.5415905e-08,61191.266,61200.125,61177.168,0.0,0.0
431,432.0,4.1044506e-09,2.6722113e-08,66610.516,66620.22,66697.57,0.0,0.0
432,433.0,8.433393e-09,1.23548265e-08,66610.516,66620.22,66634.164,0.0,0.0
433,434.0,5.3866867e-09,2.0142455e-08,79401.68,79417.78,79356.59,0.0,0.0
434,435.0,1.14616165e-08,3.6251535e-08,70697.21,70708.69,70747.09,0.0,0.0
435,436.0,3.95908e-09,9.7999155e-09,44247.227,44251.645,44251.363,0.0,0.0
436,437.0,7.551381e-09,1.3995966e-08,49743.24,49749.01,49714.76,0.0,0.0
437,438.0,1.28868445e-08,4.1726118e-08,73045.59,73056.4,73104.3,0.0,0.0
438,439.0,5.841754e-09,3.8496914e-08,54217.78,54224.95,54235.746,0.0,0.0
439,440.0,5.8883463e-09,2.0179893e-08,61191.266,61200.117,61255.11,0.0,0.0
440,441.0,4.007713e-09,2.655282e-08,90729.55,90747.02,90740.195,0.0,0.0
441,442.0,2.113728e-09,1.845281e-08,61191.27,61200.117,61205.133,0.0,0.0
442,443.0,9.290708e-09,2.0829004e-08,70697.21,70708.69,70761.805,0.0,0.0
443,444.0,6.0766916e-09,3.9529837e-08,66610.51,66620.22,66741.28,0.0,0.0
444,445.0,3.989965e-09,1.4749716e-08,76889.95,76903.53,76924.36,0.0,0.0
445,446.0,2.807424e-09,7.799629e-09,70697.22,70708.68,70659.234,0.0,0.0
446,447.0,1.8265405e-09,2.0503208e-08,61191.27,61200.125,61241.465,0.0,0.0
447,448.0,2.1488638e-09,5.3631424e-09,70697.21,70708.69,70661.086,0.0,0.0
448,449.0,3.7811523e-09,8.579358e-09,76889.96,76903.53,76935.32,0.0,0.0
449,450.0,6.0337317e-09,1.39579255e-08,61191.277,61200.117,61194.785,0.0,0.0
450,451.0,7.023961e-08,3.8763417e-07,76889.96,76903.53,76875.805,0.0,0.0
451,452.0,3.3032994e-09,2.0505931e-08,61191.27,61200.125,61178.41,0.0,0.0
452,453.0,1.5727784e-09,1.2806083e-08,88711.71,88728.76,88658.336,0.0,0.0
453,454.0,5.8542806e-09,2.0128622e-08,54217.785,54224.95,54226.395,0.0,0.0
454,455.0,4.688426e-09,8.463794e-09,70697.21,70708.69,70745.016,0.0,0.0
455,456.0,2.1397252e-08,5.8866867e-08,70697.21,70708.69,70937.87,0.0,0.0
456,457.0,2.8281892e-09,1.2298549e-08,89436.32,89453.53,89365.99,0.0,0.0
457,458.0,2.0830746e-09,1.7349379e-08,70697.2,70708.695,70726.87,0.0,0.0
458,459.0,2.6156108e-09,6.7763932e-09,49743.24,49749.01,49783.953,0.0,0.0
459,460.0,5.1821747e-09,1.0014871e-08,61191.27,61200.125,61238.938,0.0,0.0
460,461.0,5.2836704e-09,1.4898106e-08,61191.27,61200.125,61202.75,0.0,0.0
461,462.0,2.0162045e-09,1.6520627e-08,79401.664,79417.78,79318.88,0.0,0.0
462,463.0,1.6666633e-09,1.27462165e-08,90737.69,90755.16,90721.91,0.0,0.0
463,464.0,1.3067633e-09,1.521974e-08,61191.27,61200.133,61170.418,0.0,0.0
464,465.0,3.8943426e-09,1.7858824e-08,59660.383,59669.67,59681.516,0.0,0.0
465,466.0,2.357488e-09,6.217969e-09,76889.96,76903.54,76896.22,0.0,0.0
466,467.0,6.84626e-09,1.756369e-08,61191.27,61200.117,61277.68,0.0,0.0
467,468.0,3.7778625e-09,1.4819735e-08,79401.67,79417.77,79414.58,0.0,0.0
468,469.0,3.6094738e-09,1.5224828e-08,76889.95,76903.54,76891.96,0.0,0.0
469,470.0,2.3958695e-09,2.0292692e-08,59660.39,59669.668,59658.223,0.0,0.0
470,471.0,1.14797665e-08,1.9018028e-08,61191.27,61200.125,61203.438,0.0,0.0
471,472.0,7.108913e-09,2.0820586e-08,66610.51,66620.22,66516.0,0.0,0.0
472,473.0,3.499432e-09,7.934864e-09,78081.26,78095.06,78092.945,0.0,0.0
473,474.0,5.113395e-09,1.0719602e-08,54217.785,54224.953,54246.777,0.0,0.0
474,475.0,3.4211058e-09,1.1583544e-08,59660.39,59669.668,59683.152,0.0,0.0
475,476.0,2.924012e-09,5.7921747e-09,61191.277,61200.125,61197.195,0.0,0.0
476,477.0,4.530251e-09,1.2398819e-08,91013.4,91030.91,91063.91,0.0,0.0
477,478.0,5.4266835e-09,2.7772513e-08,54217.78,54224.945,54153.695,0.0,0.0
478,479.0,7.528119e-09,1.7658836e-08,61191.27,61200.125,61205.125,0.0,0.0
479,480.0,3.2580324e-08,6.6360045e-08,61191.277,61200.125,61189.043,0.0,0.0
480,481.0,7.49061e-09,1.3905595e-08,78081.266,78095.055,78090.48,0.0,0.0
481,482.0,1.943282e-09,8.751965e-09,90112.766,90130.08,90055.6,0.0,0.0
482,483.0,2.985499e-09,1.7063666e-08,73045.59,73056.4,73062.7,0.0,0.0
483,484.0,5.4147495e-09,1.0331061e-08,70697.2,70708.68,70743.17,0.0,0.0
484,485.0,3.7118149e-09,1.3554054e-08,54217.78,54224.953,54229.207,0.0,0.0
485,486.0,2.3651154e-09,1.059599e-08,89663.26,89680.445,89629.16,0.0,0.0
486,487.0,2.9991414e-09,1.90308e-08,66610.516,66620.22,66628.93,0.0,0.0
487,488.0,4.0785664e-09,9.199791e-09,59660.39,59669.668,59628.215,0.0,0.0
488,489.0,4.477347e-08,7.308964e-08,66610.51,66620.21,67069.59,0.0,0.0
489,490.0,3.909582e-09,9.4803205e-09,78081.266,78095.055,78089.97,0.0,0.0
490,491.0,5.1434896e-09,1.4662722e-08,54217.78,54224.95,54172.96,0.0,0.0
491,492.0,8.3473534e-10,1.1011071e-08,79401.67,79417.77,79392.125,0.0,0.0
492,493.0,5.8407834e-09,5.8566645e-08,73045.59,73056.39,73180.59,0.0,0.0
493,494.0,2.697377e-09,2.7658153e-08,66610.516,66620.22,66668.89,0.0,0.0
494,495.0,3.2529992e-09,9.686727e-09,70697.21,70708.68,70678.18,0.0,0.0
495,496.0,2.132336e-09,8.910508e-09,88386.11,88403.09,88363.41,0.0,0.0
496,497.0,1.989033e-09,1.529588e-08,70697.21,70708.69,70646.28,0.0,0.0
497,498.0,3.163037e-09,6.8195445e-09,49743.242,49749.008,49776.67,0.0,0.0
498,499.0,2.725144e-09,1.9109967e-08,61191.27,61200.125,61214.277,0.0,0.0
499,500.0,5.402954e-09,1.4489901e-08,43946.227,43950.547,43955.46,0.0,0.0
500,501.0,6.4879413e-09,1.0850004e-08,70697.21,70708.69,70674.57,0.0,0.0
501,502.0,1.7318484e-09,1.499236e-08,70697.21,70708.69,70690.51,0.0,0.0
502,503.0,1.3672295e-08,3.1812885e-08,73045.59,73056.4,73248.1,0.0,0.0
503,504.0,5.7834253e-09,6.799275e-09,61191.27,61200.117,61265.453,0.0,0.0
504,505.0,5.504374e-09,5.47134e-08,73045.59,73056.4,73099.766,0.0,0.0
505,506.0,1.6618069e-09,7.119441e-09,90952.35,90969.805,90966.82,0.0,0.0
506,507.0,1.4486208e-09,8.427087e-09,79401.664,79417.78,79415.41,0.0,0.0
507,508.0,3.5857382e-09,1.9033164e-08,61191.27,61200.125,61190.92,0.0,0.0
508,509.0,1.5029839e-08,2.0415946e-08,44224.758,44229.176,44216.574,0.0,0.0
509,510.0,5.702178e-09,4.9377453e-09,78081.27,78095.06,78164.84,0.0,0.0
510,511.0,3.6938697e-09,1.1414433e-08,76889.95,76903.53,76806.85,0.0,0.0
511,512.0,1.8237771e-09,1.72804e-08,79401.664,79417.77,79430.39,0.0,0.0
512,513.0,6.9642923e-09,8.836512e-09,49743.24,49749.008,49796.98,0.0,0.0
513,514.0,1.7001826e-09,1.3476242e-08,70697.21,70708.68,70708.09,0.0,0.0
514,515.0,5.36646e-09,2.0638568e-08,61191.266,61200.117,61158.33,0.0,0.0
515,516.0,2.2682942e-09,5.166972e-09,70697.21,70708.69,70680.055,0.0,0.0
516,517.0,1.7376472e-09,9.159918e-09,79401.67,79417.78,79390.9,0.0,0.0
517,518.0,6.2548677e-09,5.5937292e-08,73045.59,73056.4,73165.59,0.0,0.0
518,519.0,5.3657536e-09,9.74198e-09,90125.52,90142.805,90006.7,0.0,0.0
519,520.0,1.8513148e-08,1.4591873e-08,44740.754,44745.234,44764.566,0.0,0.0
520,521.0,6.8373556e-09,2.3087017e-08,70697.21,70708.68,70731.164,0.0,0.0
521,522.0,6.7195995e-09,4.0213862e-08,76889.95,76903.54,76896.58,0.0,0.0
522,523.0,3.764038e-09,8.949285e-09,79401.664,79417.78,79476.44,0.0,0.0
523,524.0,6.1779057e-09,6.9230555e-09,78081.266,78095.06,78095.26,0.0,0.0
524,525.0,1.9112825e-09,1.351081e-08,91506.84,91524.555,91527.664,0.0,0.0
525,526.0,7.559258e-08,1.5179515e-07,49743.242,49749.01,49607.89,0.0,0.0
526,527.0,1.0678724e-08,1.900532e-08,45792.48,45797.164,45845.094,0.0,0.0
527,528.0,6.6650063e-09,1.4899554e-08,70697.22,70708.69,70700.555,0.0,0.0
528,529.0,5.3267777e-09,1.2276375e-08,70697.21,70708.69,70732.53,0.0,0.0
529,530.0,4.289567e-09,8.1122655e-09,49743.24,49749.01,49782.92,0.0,0.0
530,531.0,1.0495196e-08,2.9412668e-08,54217.78,54224.95,54137.062,0.0,0.0
531,532.0,2.1648954e-09,7.3879587e-09,70697.21,70708.68,70669.766,0.0,0.0
532,533.0,1.4000007e-09,1.2172864e-08,61191.27,61200.125,61176.938,0.0,0.0
533,534.0,5.965379e-09,4.7786486e-08,73045.59,73056.4,73067.836,0.0,0.0
534,535.0,3.4813326e-09,1.7702412e-08,66610.516,66620.22,66664.85,0.0,0.0
535,536.0,3.5877914e-08,4.2114422e-08,70697.2,70708.68,70466.53,0.0,0.0
536,537.0,3.1937817e-09,1.559872e-08,76889.96,76903.55,76866.3,0.0,0.0
537,538.0,1.4380646e-09,8.580213e-09,76889.945,76903.53,76886.234,0.0,0.0
538,539.0,4.1729957e-09,7.889902e-09,61191.266,61200.117,61224.66,0.0,0.0
539,540.0,5.068211e-09,3.352334e-08,66610.516,66620.22,66653.22,0.0,0.0
540,541.0,5.1788667e-09,8.368328e-09,49743.242,49749.008,49787.57,0.0,0.0
541,542.0,2.4745257e-09,1.1278228e-08,70697.21,70708.69,70750.09,0.0,0.0
542,543.0,2.8884156e-08,2.2544606e-08,78081.27,78095.06,77831.47,0.0,0.0
543,544.0,6.7836003e-09,1.1890772e-08,70697.2,70708.68,70681.38,0.0,0.0
544,545.0,1.3486071e-08,3.92249e-08,61191.277,61200.125,61303.117,0.0,0.0
545,546.0,1.6234478e-09,1.41319845e-08,76889.95,76903.53,76936.375,0.0,0.0
