,epoch,loss,val_loss,ivw,evw,ivw_ann,ds_de
0,1.0,5107126.0,8160510.0,24871.617,24874.504,27.760216,0.0
1,2.0,860363.2,1182838.9,28013.062,28016.805,104.08383,0.0
2,3.0,248589.14,259175.83,35198.867,35203.984,269.17154,0.0
3,4.0,58911.215,132620.95,21255.531,21257.594,284.27454,0.0
4,5.0,57445.836,99225.63,24871.617,24874.504,342.81155,0.0
5,6.0,35521.297,80752.266,21255.531,21257.594,364.88116,0.0
6,7.0,52415.824,67223.18,30595.635,30600.059,469.20618,0.0
7,8.0,61854.02,56459.734,39040.633,39047.53,589.53503,0.0
8,9.0,46441.44,47424.324,36522.797,36528.2,647.12445,0.0
9,10.0,23228.121,40336.836,24871.617,24874.504,570.5393,0.0
10,11.0,46037.76,35036.957,44767.793,44776.41,836.5268,0.0
11,12.0,33591.176,30710.04,39040.633,39047.53,832.40894,0.0
12,13.0,29273.486,27202.16,38444.977,38451.77,878.49927,0.0
13,14.0,26566.848,24297.863,39040.633,39047.53,946.73926,0.0
14,15.0,27087.492,21835.898,41369.215,41377.633,990.5774,0.0
15,16.0,13619.962,19679.848,28379.336,28383.145,900.3925,0.0
16,17.0,13864.466,17862.557,30595.635,30600.059,983.8037,0.0
17,18.0,7047.281,16238.462,21255.531,21257.594,893.72345,0.0
18,19.0,6427.4634,14829.335,21255.531,21257.594,938.0536,0.0
19,20.0,10540.212,13589.273,30595.635,30600.059,1137.0073,0.0
20,21.0,8623.418,12467.485,28379.336,28383.145,1146.3926,0.0
21,22.0,8881.837,11461.617,30595.635,30600.059,1243.3346,0.0
22,23.0,13884.16,10567.323,44767.793,44776.41,1594.4904,0.0
23,24.0,9492.749,9730.607,36522.797,36528.2,1527.98,0.0
24,25.0,6070.2544,8982.097,28013.062,28016.805,1349.4355,0.0
25,26.0,6435.924,8306.116,30595.635,30600.059,1467.3037,0.0
26,27.0,9343.93,7695.8984,40605.008,40613.22,1690.2908,0.0
27,28.0,9424.92,7130.11,44867.367,44876.047,1950.6699,0.0
28,29.0,7225.7417,6607.007,39040.633,39047.53,1873.6198,0.0
29,30.0,7450.3696,6131.076,40605.008,40613.22,1896.4889,0.0
30,31.0,3232.5212,5684.93,24871.617,24874.504,1612.7772,0.0
31,32.0,5328.9443,5285.539,37016.98,37023.086,2055.9246,0.0
32,33.0,2788.9685,4910.908,24871.617,24874.504,1734.7928,0.0
33,34.0,4147.387,4568.584,34575.7,34580.78,2153.3713,0.0
34,35.0,4222.701,4252.4253,36619.047,36625.016,2275.8928,0.0
35,36.0,1683.0061,3954.3894,21255.531,21257.594,1839.0725,0.0
36,37.0,3291.625,3685.4102,34209.42,34214.44,2378.7654,0.0
37,38.0,4110.591,3436.1045,39940.582,39948.664,2494.8564,0.0
38,39.0,1809.2847,3199.2307,24871.617,24874.504,2142.3127,0.0
39,40.0,2044.2318,2981.7537,28379.336,28383.145,2356.7039,0.0
40,41.0,1174.3187,2779.5247,21255.531,21257.594,2184.4114,0.0
41,42.0,2846.0417,2597.4392,39040.633,39047.53,2969.5356,0.0
42,43.0,1866.6085,2420.763,30595.635,30600.059,2703.3784,0.0
43,44.0,2478.163,2261.5251,39040.633,39047.53,3174.4133,0.0
44,45.0,2018.9839,2110.6848,35588.348,35594.117,3135.4565,0.0
45,46.0,1273.7245,1970.0369,27348.637,27352.248,2811.506,0.0
46,47.0,1417.7517,1840.812,30595.635,30600.059,3079.641,0.0
47,48.0,1855.9788,1720.6034,38444.977,38451.77,3568.3215,0.0
48,49.0,1236.7394,1607.0542,30595.635,30600.059,3283.2312,0.0
49,50.0,624.6768,1501.6456,21255.531,21257.594,2926.8196,0.0
50,51.0,1261.7241,1405.0356,34309.0,34314.08,3772.1384,0.0
51,52.0,1257.2286,1314.5303,35588.348,35594.117,3917.2834,0.0
52,53.0,1221.7035,1229.8486,36619.047,36625.016,4119.5156,0.0
53,54.0,883.00226,1150.079,30595.635,30600.059,3836.0352,0.0
54,55.0,1458.6499,1077.9468,45757.234,45765.953,4972.1973,0.0
55,56.0,560.51495,1007.5755,24871.617,24874.504,3695.6533,0.0
56,57.0,723.4308,943.37177,30595.635,30600.059,4198.9434,0.0
57,58.0,585.5066,883.3342,28013.062,28016.805,4140.132,0.0
58,59.0,895.88354,828.104,38444.977,38451.77,4997.482,0.0
59,60.0,839.5203,775.71375,38444.977,38451.77,5146.0293,0.0
60,61.0,694.7296,726.4927,35588.348,35594.117,5131.1973,0.0
61,62.0,589.44995,680.7055,33545.0,33549.887,5176.9634,0.0
62,63.0,862.8402,638.91235,45134.066,45142.75,6185.2896,0.0
63,64.0,659.1697,598.5392,39040.633,39047.53,5849.7734,0.0
64,65.0,308.2677,560.91565,24871.617,24874.504,4801.7026,0.0
65,66.0,511.91922,526.1546,36522.797,36528.2,6149.6543,0.0
66,67.0,544.52826,493.89056,39040.633,39047.53,6361.3774,0.0
67,68.0,183.7296,462.753,21255.531,21257.594,4971.6978,0.0
68,69.0,583.71326,435.2294,44767.793,44776.41,7269.6353,0.0
69,70.0,409.74683,408.31042,37242.215,37248.215,6857.831,0.0
70,71.0,378.647,383.41394,36352.348,36358.31,6865.3164,0.0
71,72.0,140.8839,359.67252,21255.531,21257.594,5536.011,0.0
72,73.0,256.95602,338.26016,30595.635,30600.059,6579.123,0.0
73,74.0,318.77325,317.9613,37242.215,37248.215,7624.4746,0.0
74,75.0,410.18585,299.12534,45757.234,45765.953,8715.73,0.0
75,76.0,175.95036,280.83698,27348.637,27352.248,6698.6035,0.0
76,77.0,357.12045,264.43207,44767.793,44776.41,8960.886,0.0
77,78.0,336.3132,248.69594,44767.793,44776.41,9187.45,0.0
78,79.0,318.45898,233.93791,44867.367,44876.047,9419.298,0.0
79,80.0,117.56339,219.88756,24871.617,24874.504,7121.0405,0.0
80,81.0,189.60596,207.07727,34973.633,34978.855,8795.371,0.0
81,82.0,125.59009,194.91423,28013.062,28016.805,7884.662,0.0
82,83.0,200.64484,183.76036,38444.977,38451.77,9465.001,0.0
83,84.0,113.77982,172.96361,28379.336,28383.145,8328.451,0.0
84,85.0,145.15665,163.03143,34309.0,34314.08,9540.259,0.0
85,86.0,150.66298,153.73726,36252.77,36258.67,9955.288,0.0
86,87.0,97.269356,144.85162,28777.27,28781.217,8990.551,0.0
87,88.0,49.972702,136.57756,21255.531,21257.594,8175.546,0.0
88,89.0,123.40077,129.05528,35588.348,35594.117,10507.809,0.0
89,90.0,152.80075,121.86056,39940.582,39948.664,10808.691,0.0
90,91.0,157.80376,115.06189,44767.793,44776.41,12424.49,0.0
91,92.0,119.14022,108.61413,38444.977,38451.77,11582.6045,0.0
92,93.0,141.13489,102.65898,44767.793,44776.41,12964.262,0.0
93,94.0,34.359715,96.82452,21255.531,21257.594,9299.509,0.0
94,95.0,68.357086,91.61118,30595.635,30600.059,10989.6875,0.0
95,96.0,55.17168,86.575386,28112.635,28116.44,10733.656,0.0
96,97.0,90.15823,81.94473,38444.977,38451.77,12839.254,0.0
97,98.0,69.6442,77.48584,35198.867,35203.984,12931.971,0.0
98,99.0,62.514378,73.344185,33545.0,33549.887,12671.597,0.0
99,100.0,76.5948,69.4762,38444.977,38451.77,13613.542,0.0
100,101.0,48.746803,65.75654,30595.635,30600.059,12368.732,0.0
101,102.0,46.1466,62.28218,30595.635,30600.059,12601.841,0.0
102,103.0,52.641953,58.995483,34575.7,34580.78,13945.005,0.0
103,104.0,56.835754,55.90479,37016.98,37023.086,14575.561,0.0
104,105.0,17.669645,52.920166,21255.531,21257.594,11499.73,0.0
105,106.0,25.173952,50.20025,24871.617,24874.504,12286.875,0.0
106,107.0,52.79188,47.65417,38444.977,38451.77,15473.603,0.0
107,108.0,28.160194,45.16716,28112.635,28116.44,13429.815,0.0
108,109.0,27.782333,42.869656,28777.27,28781.217,13866.379,0.0
109,110.0,29.912045,40.69865,30595.635,30600.059,14520.62,0.0
110,111.0,42.95543,38.67267,38444.977,38451.77,16562.28,0.0
111,112.0,41.510323,36.73268,39040.633,39047.53,17053.111,0.0
112,113.0,25.56245,34.885235,30595.635,30600.059,15254.186,0.0
113,114.0,37.558308,33.179497,39040.633,39047.53,17608.018,0.0
114,115.0,42.549423,31.55545,40704.582,40712.855,17432.156,0.0
115,116.0,40.802826,30.01637,41594.453,41602.76,18166.367,0.0
116,117.0,32.38678,28.551384,39040.633,39047.53,18447.756,0.0
117,118.0,19.832663,27.162588,30595.635,30600.059,16480.523,0.0
118,119.0,24.774435,25.88961,35588.348,35594.117,18164.238,0.0
119,120.0,34.59456,24.67875,44103.367,44111.855,20620.617,0.0
120,121.0,32.081215,23.51204,40704.582,40712.855,19065.662,0.0
121,122.0,19.890127,22.404377,34575.7,34580.78,18963.734,0.0
122,123.0,28.483877,21.378319,39940.582,39948.664,19355.984,0.0
123,124.0,12.122343,20.380342,28013.062,28016.805,17178.586,0.0
124,125.0,22.21012,19.47829,39040.633,39047.53,20671.664,0.0
125,126.0,17.805367,18.6046,35588.348,35594.117,20023.072,0.0
126,127.0,23.885723,17.790096,39940.582,39948.664,20411.514,0.0
127,128.0,15.037571,16.998753,35198.867,35203.984,20952.572,0.0
128,129.0,9.605762,16.253891,28013.062,28016.805,18327.002,0.0
129,130.0,11.273055,15.556595,30595.635,30600.059,19389.793,0.0
130,131.0,17.051447,14.900312,39040.633,39047.53,22299.932,0.0
131,132.0,8.691482,14.256498,28379.336,28383.145,19148.008,0.0
132,133.0,9.894581,13.666066,30595.635,30600.059,20100.318,0.0
133,134.0,11.529943,13.108128,34309.0,34314.08,21936.42,0.0
134,135.0,9.1041975,12.57125,30595.635,30600.059,20562.322,0.0
135,136.0,16.773241,12.077653,40605.008,40613.22,23024.885,0.0
136,137.0,11.294894,11.595974,36522.797,36528.2,23735.934,0.0
137,138.0,16.200558,11.1513815,44767.793,44776.41,26120.184,0.0
138,139.0,12.096804,10.716047,38444.977,38451.77,24088.611,0.0
139,140.0,10.355877,10.308496,36619.047,36625.016,24025.691,0.0
140,141.0,4.8849773,9.912001,24871.617,24874.504,19865.39,0.0
141,142.0,13.51358,9.563908,41594.453,41602.76,25141.617,0.0
142,143.0,8.994552,9.214532,36522.797,36528.2,25229.49,0.0
143,144.0,4.4243226,8.875695,24871.617,24874.504,20451.445,0.0
144,145.0,9.849781,8.576207,39040.633,39047.53,25872.305,0.0
145,146.0,5.0676556,8.274616,28379.336,28383.145,22150.793,0.0
146,147.0,9.046436,8.003485,38444.977,38451.77,26003.57,0.0
147,148.0,2.6291924,7.7266803,21255.531,21257.594,20193.545,0.0
148,149.0,7.183799,7.486071,35588.348,35594.117,25618.555,0.0
149,150.0,5.3361683,7.244436,30595.635,30600.059,23780.822,0.0
150,151.0,6.2042346,7.0232663,35198.867,35203.984,26557.555,0.0
151,152.0,7.8146906,6.8104653,39040.633,39047.53,27466.04,0.0
152,153.0,2.3869927,6.5987663,21255.531,21257.594,21033.996,0.0
153,154.0,4.1243553,6.411213,28777.27,28781.217,23838.549,0.0
154,155.0,9.146096,6.2373176,45134.066,45142.75,30580.584,0.0
155,156.0,4.4724393,6.0567536,30595.635,30600.059,24906.121,0.0
156,157.0,6.7530913,5.894992,39040.633,39047.53,28504.986,0.0
157,158.0,5.637028,5.7376795,36522.797,36528.2,28524.79,0.0
158,159.0,3.5287066,5.5847774,28379.336,28383.145,24518.336,0.0
159,160.0,4.774917,5.4466114,34209.42,34214.44,27624.639,0.0
160,161.0,5.9727945,5.3143644,38444.977,38451.77,28912.76,0.0
161,162.0,5.828718,5.187989,38444.977,38451.77,29091.594,0.0
162,163.0,5.6892834,5.06756,38444.977,38451.77,29270.434,0.0
163,164.0,6.9941387,4.9539213,40704.582,40712.855,29064.568,0.0
164,165.0,2.0803976,4.835047,21255.531,21257.594,22802.604,0.0
165,166.0,2.968736,4.7359138,28013.062,28016.805,25408.867,0.0
166,167.0,2.8147688,4.6381764,27348.637,27352.248,25166.756,0.0
167,168.0,3.4412026,4.5478,30595.635,30600.059,26838.145,0.0
168,169.0,3.9736853,4.459048,35198.867,35203.984,29892.924,0.0
169,170.0,2.8525174,4.372828,28112.635,28116.44,25948.568,0.0
170,171.0,4.8707595,4.2961154,39040.633,39047.53,30968.83,0.0
171,172.0,2.555168,4.2149596,24871.617,24874.504,24830.932,0.0
172,173.0,5.756286,4.1492834,41594.453,41602.76,31261.156,0.0
173,174.0,3.5289512,4.077549,33545.0,33549.887,29429.553,0.0
174,175.0,2.487895,4.008711,24871.617,24874.504,25171.006,0.0
175,176.0,3.0425305,3.9496574,30595.635,30600.059,27878.742,0.0
176,177.0,3.7389395,3.8911314,35588.348,35594.117,30412.344,0.0
177,178.0,5.2767205,3.8365877,41594.453,41602.76,31937.871,0.0
178,179.0,4.2545376,3.7817087,39040.633,39047.53,32066.357,0.0
179,180.0,3.3481517,3.7291346,35198.867,35203.984,31387.697,0.0
180,181.0,3.6463253,3.6816435,36522.797,36528.2,32113.576,0.0
181,182.0,3.601248,3.6350107,36522.797,36528.2,32226.273,0.0
182,183.0,2.8073003,3.589433,30595.635,30600.059,28636.14,0.0
183,184.0,2.8433082,3.546378,30595.635,30600.059,28732.688,0.0
184,185.0,3.9231725,3.5084107,39040.633,39047.53,32760.795,0.0
185,186.0,3.8769464,3.4700994,39040.633,39047.53,32864.344,0.0
186,187.0,2.3149948,3.4299967,24871.617,24874.504,26300.47,0.0
187,188.0,2.6833055,3.3973103,30595.635,30600.059,29094.566,0.0
188,189.0,2.728621,3.3627627,30595.635,30600.059,29186.055,0.0
189,190.0,3.3253186,3.33369,36619.047,36625.016,32415.633,0.0
190,191.0,1.9566615,3.2993958,21255.531,21257.594,25341.385,0.0
191,192.0,2.946213,3.2738426,34209.42,34214.44,31746.34,0.0
192,193.0,3.5387118,3.247053,38444.977,38451.77,33094.15,0.0
193,194.0,2.640242,3.21878,30595.635,30600.059,29566.486,0.0
194,195.0,1.9582047,3.1913335,21255.531,21257.594,25598.195,0.0
195,196.0,3.5111392,3.1715767,39040.633,39047.53,33756.19,0.0
196,197.0,2.242284,3.1452332,24871.617,24874.504,26995.662,0.0
197,198.0,4.1634064,3.1274304,45757.234,45765.953,37553.83,0.0
198,199.0,2.5701227,3.1032302,30595.635,30600.059,29907.982,0.0
199,200.0,3.1220143,3.085462,37016.98,37023.086,33405.707,0.0
200,201.0,2.175203,3.0643122,28013.062,28016.805,28731.766,0.0
201,202.0,2.2195501,3.045105,24871.617,24874.504,27270.58,0.0
202,203.0,3.3363538,3.0304651,39040.633,39047.53,34245.105,0.0
203,204.0,2.2121248,3.0108418,24871.617,24874.504,27371.139,0.0
204,205.0,3.2953615,2.99777,39040.633,39047.53,34363.453,0.0
205,206.0,3.0116568,2.9820867,37016.98,37023.086,33771.445,0.0
206,207.0,2.2027879,2.9642572,24871.617,24874.504,27511.219,0.0
207,208.0,2.9345877,2.952969,36522.797,36528.2,34320.137,0.0
208,209.0,1.9705786,2.9361625,21255.531,21257.594,26283.41,0.0
209,210.0,2.6073935,2.9255302,33545.0,33549.887,32456.232,0.0
210,211.0,2.8410902,2.913977,36252.77,36258.67,33591.656,0.0
211,212.0,2.1085021,2.9004781,28013.062,28016.805,29249.021,0.0
212,213.0,3.100857,2.8910232,38444.977,38451.77,34338.805,0.0
213,214.0,2.3561516,2.8787687,30595.635,30600.059,30645.21,0.0
214,215.0,2.8912292,2.8695536,37016.98,37023.086,34201.816,0.0
215,216.0,2.0468647,2.8572974,27348.637,27352.248,28957.086,0.0
216,217.0,2.8314424,2.849698,36522.797,36528.2,34728.35,0.0
217,218.0,3.0377471,2.8404412,38444.977,38451.77,34543.324,0.0
218,219.0,1.9809604,2.828454,21255.531,21257.594,26616.998,0.0
219,220.0,2.7941298,2.8225737,36619.047,36625.016,34176.297,0.0
220,221.0,2.518899,2.8135576,33545.0,33549.887,32886.36,0.0
221,222.0,2.172812,2.8041043,24871.617,24874.504,28028.13,0.0
222,223.0,2.390728,2.797198,30595.635,30600.059,30947.18,0.0
223,224.0,2.302878,2.7908075,30595.635,30600.059,30970.174,0.0
224,225.0,2.0745327,2.7832828,29002.504,29006.346,30552.566,0.0
225,226.0,2.9583755,2.7777514,38444.977,38451.77,34813.25,0.0
226,227.0,2.1670084,2.7690358,24871.617,24874.504,28151.148,0.0
227,228.0,2.9433026,2.7654326,38444.977,38451.77,34863.816,0.0
228,229.0,1.9891232,2.7565148,21255.531,21257.594,26855.27,0.0
229,230.0,2.675019,2.7532036,36252.77,36258.67,34251.316,0.0
230,231.0,2.1633165,2.7451277,24871.617,24874.504,28240.57,0.0
231,232.0,2.973248,2.7423687,39040.633,39047.53,35416.71,0.0
232,233.0,2.356038,2.736043,30595.635,30600.059,31184.055,0.0
233,234.0,2.4541833,2.732072,33545.0,33549.887,33222.258,0.0
234,235.0,3.4185362,2.7285204,39940.582,39948.664,34130.582,0.0
235,236.0,1.9946393,2.7201643,21255.531,21257.594,26986.035,0.0
236,237.0,2.345512,2.7168908,30595.635,30600.059,31267.205,0.0
237,238.0,2.5157578,2.7139544,34309.0,34314.08,33750.887,0.0
238,239.0,2.5118437,2.7095168,34309.0,34314.08,33772.277,0.0
239,240.0,2.3387322,2.7045324,30595.635,30600.059,31315.303,0.0
240,241.0,1.9978642,2.699377,21255.531,21257.594,27060.764,0.0
241,242.0,1.9977531,2.6958961,21255.531,21257.594,27070.553,0.0
242,243.0,1.9910096,2.6932573,27348.637,27352.248,29564.896,0.0
243,244.0,2.1550775,2.6896296,24871.617,24874.504,28445.008,0.0
244,245.0,3.391232,2.6891255,45757.234,45765.953,39504.395,0.0
245,246.0,2.2376988,2.6840339,30595.635,30600.059,31408.459,0.0
246,247.0,2.154174,2.6799626,24871.617,24874.504,28484.732,0.0
247,248.0,2.1534157,2.6772225,24871.617,24874.504,28493.195,0.0
248,249.0,2.8884046,2.6762838,39040.633,39047.53,35729.598,0.0
249,250.0,2.320651,2.6719637,30595.635,30600.059,31458.383,0.0
250,251.0,2.1523402,2.6687903,24871.617,24874.504,28529.13,0.0
251,252.0,2.403168,2.6678333,33545.0,33549.887,33516.93,0.0
252,253.0,2.815859,2.6660376,38444.977,38451.77,35332.133,0.0
253,254.0,3.3462343,2.6645813,45757.234,45765.953,39638.504,0.0
254,255.0,3.3681326,2.6625152,44867.367,44876.047,38740.71,0.0
255,256.0,2.396196,2.6590364,33545.0,33549.887,33552.234,0.0
256,257.0,3.3431818,2.6576893,41594.453,41602.76,35822.258,0.0
257,258.0,3.329246,2.6556945,40605.008,40613.22,34924.934,0.0
258,259.0,2.859143,2.653142,39040.633,39047.53,35845.58,0.0
259,260.0,2.0136015,2.6497874,28013.062,28016.805,30195.059,0.0
260,261.0,2.3074484,2.6478925,30595.635,30600.059,31564.045,0.0
261,262.0,2.047193,2.6464243,28112.635,28116.44,30207.291,0.0
262,263.0,2.5271482,2.645608,35588.348,35594.117,34300.64,0.0
263,264.0,2.2132144,2.643815,30595.635,30600.059,31579.084,0.0
264,265.0,2.1490393,2.640801,24871.617,24874.504,28639.584,0.0
265,266.0,2.6220038,2.6411066,36522.797,36528.2,35685.613,0.0
266,267.0,2.6202855,2.6395423,36522.797,36528.2,35695.234,0.0
267,268.0,2.0913336,2.6372814,28777.27,28781.217,30698.42,0.0
268,269.0,2.5544496,2.6367552,36252.77,36258.67,34795.496,0.0
269,270.0,1.9718451,2.6339228,27348.637,27352.248,29809.639,0.0
270,271.0,2.2994766,2.6332269,30595.635,30600.059,31625.326,0.0
271,272.0,2.773622,2.6333783,38444.977,38451.77,35489.41,0.0
272,273.0,2.147878,2.62983,24871.617,24874.504,28686.426,0.0
273,274.0,2.771243,2.6312435,38444.977,38451.77,35498.55,0.0
274,275.0,3.2835875,2.630569,45757.234,45765.953,39828.89,0.0
275,276.0,2.2036946,2.6279182,30595.635,30600.059,31652.59,0.0
276,277.0,2.6075346,2.6275666,36522.797,36528.2,35750.62,0.0
277,278.0,3.3134336,2.6272612,40704.582,40712.855,35061.73,0.0
278,279.0,2.4390154,2.625203,34309.0,34314.08,34167.605,0.0
279,280.0,2.7622175,2.6245654,38444.977,38451.77,35533.902,0.0
280,281.0,2.6039686,2.6233346,36522.797,36528.2,35775.234,0.0
281,282.0,2.199789,2.6217868,30595.635,30600.059,31680.219,0.0
282,283.0,2.573226,2.6215825,36352.348,36358.31,34870.51,0.0
283,284.0,2.1990302,2.62018,30595.635,30600.059,31688.354,0.0
284,285.0,2.5996904,2.6197684,36522.797,36528.2,35795.96,0.0
285,286.0,2.5979402,2.6182268,36522.797,36528.2,35798.742,0.0
286,287.0,2.7536643,2.6177728,38444.977,38451.77,35567.52,0.0
287,288.0,2.011136,2.6155806,29002.504,29006.346,31251.746,0.0
288,289.0,2.430623,2.6157558,34309.0,34314.08,34216.16,0.0
289,290.0,3.2999966,2.6162815,40971.28,40979.56,35347.227,0.0
290,291.0,3.2098854,2.6154637,44103.367,44111.855,38548.207,0.0
291,292.0,2.1458898,2.6121411,24871.617,24874.504,28760.152,0.0
292,293.0,2.04095,2.6125665,28379.336,28383.145,30583.594,0.0
293,294.0,2.8066456,2.6130612,39040.633,39047.53,36051.02,0.0
294,295.0,3.281036,2.6124988,45134.066,45142.75,39246.08,0.0
295,296.0,2.8035972,2.6107416,39040.633,39047.53,36064.027,0.0
296,297.0,3.3184729,2.6114423,45532.0,45540.824,39477.64,0.0
297,298.0,3.257909,2.6103764,41594.453,41602.76,36064.61,0.0
298,299.0,3.2453246,2.6101756,45757.234,45765.953,39946.04,0.0
299,300.0,2.1453612,2.6069133,24871.617,24874.504,28783.443,0.0
300,301.0,2.7420928,2.6090422,38444.977,38451.77,35614.094,0.0
301,302.0,2.0126991,2.6059048,21255.531,21257.594,27418.08,0.0
302,303.0,2.5580258,2.6079545,36352.348,36358.31,34937.438,0.0
303,304.0,2.0078871,2.6065707,29002.504,29006.346,31291.229,0.0
304,305.0,2.8000193,2.6073394,39040.633,39047.53,36079.406,0.0
305,306.0,2.1904974,2.6062272,30595.635,30600.059,31752.014,0.0
306,307.0,3.242377,2.6072662,40605.008,40613.22,35165.54,0.0
307,308.0,3.2321718,2.6070824,44767.793,44776.41,39047.836,0.0
308,309.0,2.0127423,2.6036754,21255.531,21257.594,27423.31,0.0
309,310.0,2.523984,2.6054764,36252.77,36258.67,34953.168,0.0
310,311.0,2.144528,2.60357,24871.617,24874.504,28792.514,0.0
311,312.0,2.7969937,2.605207,39040.633,39047.53,36091.06,0.0
312,313.0,3.261852,2.6059167,44867.367,44876.047,39052.273,0.0
313,314.0,3.239585,2.6055565,40605.008,40613.22,35170.29,0.0
314,315.0,2.1878397,2.6034875,30595.635,30600.059,31764.945,0.0
315,316.0,2.7361326,2.6044035,38444.977,38451.77,35635.895,0.0
316,317.0,3.2275631,2.604591,44767.793,44776.41,39062.02,0.0
317,318.0,2.0367453,2.6023417,28379.336,28383.145,30628.57,0.0
318,319.0,1.9958038,2.6022773,28013.062,28016.805,30397.188,0.0
319,320.0,2.1874921,2.6024733,30595.635,30600.059,31766.545,0.0
320,321.0,3.2642074,2.6037219,45134.066,45142.75,39295.363,0.0
321,322.0,2.581479,2.602621,36522.797,36528.2,35878.383,0.0
322,323.0,1.997872,2.6008384,28013.062,28016.805,30406.791,0.0
323,324.0,2.186392,2.6012862,30595.635,30600.059,31775.545,0.0
324,325.0,2.4634314,2.6016567,34973.633,34978.855,34742.414,0.0
325,326.0,2.2818685,2.6007547,30595.635,30600.059,31773.49,0.0
326,327.0,2.1441498,2.5998323,24871.617,24874.504,28808.482,0.0
327,328.0,2.2818022,2.6003656,30595.635,30600.059,31778.201,0.0
328,329.0,2.0139322,2.5992591,21255.531,21257.594,27443.15,0.0
329,330.0,2.1441205,2.5994837,24871.617,24874.504,28811.521,0.0
330,331.0,2.144106,2.5996296,24871.617,24874.504,28808.027,0.0
331,332.0,2.1865737,2.6005328,30595.635,30600.059,31778.084,0.0
332,333.0,2.7915735,2.6010396,39040.633,39047.53,36112.883,0.0
333,334.0,2.1865242,2.600194,30595.635,30600.059,31780.434,0.0
334,335.0,3.2230375,2.6018875,44767.793,44776.41,39073.797,0.0
335,336.0,2.2814534,2.5993636,30595.635,30600.059,31780.934,0.0
336,337.0,2.5793328,2.6004908,36522.797,36528.2,35889.816,0.0
337,338.0,2.7906446,2.600302,39040.633,39047.53,36115.46,0.0
338,339.0,2.1851726,2.5993266,30595.635,30600.059,31784.393,0.0
339,340.0,2.4229467,2.5997133,34575.7,34580.78,34525.168,0.0
340,341.0,2.2803495,2.5975459,30595.635,30600.059,31791.205,0.0
341,342.0,2.3905826,2.5981562,35198.867,35203.984,35221.355,0.0
342,343.0,3.2962744,2.5996614,45532.0,45540.824,39545.56,0.0
343,344.0,2.7882874,2.5984735,39040.633,39047.53,36126.97,0.0
344,345.0,2.577069,2.5984044,36522.797,36528.2,35902.33,0.0
345,346.0,2.38076,2.597861,34209.42,34214.44,34307.383,0.0
346,347.0,3.2240858,2.5989063,45757.234,45765.953,40011.23,0.0
347,348.0,2.0141172,2.5959806,21255.531,21257.594,27454.8,0.0
348,349.0,2.0039055,2.596734,29002.504,29006.346,31341.723,0.0
349,350.0,2.1843162,2.5963511,30595.635,30600.059,31799.125,0.0
350,351.0,2.5761635,2.597168,36522.797,36528.2,35909.59,0.0
351,352.0,3.227458,2.5976405,40605.008,40613.22,35215.21,0.0
352,353.0,2.1437528,2.5952418,24871.617,24874.504,28827.14,0.0
353,354.0,3.2533693,2.597988,45134.066,45142.75,39329.4,0.0
354,355.0,2.1438522,2.5951328,24871.617,24874.504,28828.889,0.0
355,356.0,2.389227,2.596405,35198.867,35203.984,35231.297,0.0
356,357.0,2.014492,2.5949013,21255.531,21257.594,27459.32,0.0
357,358.0,1.9595528,2.5955381,27348.637,27352.248,29975.727,0.0
358,359.0,3.2925687,2.5980713,45532.0,45540.824,39554.625,0.0
359,360.0,2.5749936,2.5956573,36522.797,36528.2,35919.625,0.0
360,361.0,2.5140285,2.5958095,36252.77,36258.67,34998.45,0.0
361,362.0,2.1435187,2.5938833,24871.617,24874.504,28833.139,0.0
362,363.0,3.1756017,2.5965376,44103.367,44111.855,38653.508,0.0
363,364.0,3.263709,2.5965986,40971.28,40979.56,35448.785,0.0
364,365.0,2.2784677,2.5946445,30595.635,30600.059,31802.322,0.0
365,366.0,1.9934671,2.5945954,28013.062,28016.805,30435.58,0.0
366,367.0,3.2449024,2.596938,44867.367,44876.047,39104.598,0.0
367,368.0,2.1829913,2.5949209,30595.635,30600.059,31807.74,0.0
368,369.0,2.1434639,2.593309,24871.617,24874.504,28835.586,0.0
369,370.0,2.7234237,2.595088,38444.977,38451.77,35690.047,0.0
370,371.0,3.250186,2.5963075,45134.066,45142.75,39335.32,0.0
371,372.0,1.9956136,2.5938761,28013.062,28016.805,30438.826,0.0
372,373.0,3.2096841,2.5962722,44767.793,44776.41,39109.434,0.0
373,374.0,2.5741737,2.5953135,36522.797,36528.2,35918.836,0.0
374,375.0,2.2783918,2.5942764,30595.635,30600.059,31803.191,0.0
375,376.0,2.0154672,2.592999,21255.531,21257.594,27469.395,0.0
376,377.0,2.1435556,2.593562,24871.617,24874.504,28834.484,0.0
377,378.0,2.7246513,2.5956933,38444.977,38451.77,35681.676,0.0
378,379.0,2.2776687,2.5930872,30595.635,30600.059,31810.174,0.0
379,380.0,2.474925,2.593934,35588.348,35594.117,34556.992,0.0
380,381.0,2.015066,2.5921881,21255.531,21257.594,27471.742,0.0
381,382.0,2.5735283,2.594671,36522.797,36528.2,35921.043,0.0
382,383.0,2.5737398,2.5944707,36522.797,36528.2,35925.906,0.0
383,384.0,2.377509,2.5940638,34209.42,34214.44,34327.797,0.0
384,385.0,2.7238684,2.5948627,38444.977,38451.77,35689.15,0.0
385,386.0,2.1434457,2.592785,24871.617,24874.504,28838.451,0.0
386,387.0,2.5734653,2.5946681,36522.797,36528.2,35925.375,0.0
387,388.0,2.7822704,2.5937757,39040.633,39047.53,36151.58,0.0
388,389.0,2.0150702,2.5914297,21255.531,21257.594,27476.277,0.0
389,390.0,3.2538617,2.594687,40704.582,40712.855,35230.18,0.0
390,391.0,2.7229128,2.5942132,38444.977,38451.77,35692.445,0.0
391,392.0,2.7229776,2.5942855,38444.977,38451.77,35692.85,0.0
392,393.0,3.1724393,2.5949392,44103.367,44111.855,38663.67,0.0
393,394.0,2.7831888,2.594623,39040.633,39047.53,36144.344,0.0
394,395.0,2.1436002,2.5926769,24871.617,24874.504,28839.506,0.0
395,396.0,2.1435726,2.5927644,24871.617,24874.504,28838.662,0.0
396,397.0,2.1438258,2.592796,24871.617,24874.504,28840.438,0.0
397,398.0,2.7230227,2.5941813,38444.977,38451.77,35693.81,0.0
398,399.0,2.7817566,2.593928,39040.633,39047.53,36153.11,0.0
399,400.0,2.2774477,2.5928829,30595.635,30600.059,31813.871,0.0
400,401.0,2.7824514,2.594236,39040.633,39047.53,36152.688,0.0
401,402.0,3.1728437,2.5951347,44103.367,44111.855,38662.598,0.0
402,403.0,3.3001711,2.5952988,41369.215,41377.633,35682.46,0.0
403,404.0,3.2548213,2.595336,40704.582,40712.855,35225.348,0.0
404,405.0,2.573447,2.5943725,36522.797,36528.2,35927.117,0.0
405,406.0,2.0154514,2.592186,21255.531,21257.594,27473.936,0.0
406,407.0,2.7819078,2.5936096,39040.633,39047.53,36151.645,0.0
407,408.0,3.1850975,2.5943432,39940.582,39948.664,34775.043,0.0
408,409.0,2.3425756,2.5929694,33545.0,33549.887,33877.406,0.0
409,410.0,2.1436281,2.5918682,24871.617,24874.504,28843.557,0.0
410,411.0,2.2777276,2.592948,30595.635,30600.059,31809.531,0.0
411,412.0,2.2780035,2.592956,30595.635,30600.059,31811.934,0.0
412,413.0,2.7829018,2.594422,39040.633,39047.53,36145.656,0.0
413,414.0,2.380355,2.5941112,34209.42,34214.44,34323.266,0.0
414,415.0,3.2227552,2.5949874,40605.008,40613.22,35228.953,0.0
415,416.0,2.3879519,2.5941477,35198.867,35203.984,35241.24,0.0
416,417.0,2.277479,2.5922177,30595.635,30600.059,31817.277,0.0
417,418.0,2.7822962,2.5937147,39040.633,39047.53,36152.387,0.0
418,419.0,2.5724168,2.5938091,36522.797,36528.2,35927.66,0.0
419,420.0,2.1820154,2.5932329,30595.635,30600.059,31811.611,0.0
420,421.0,2.4570181,2.5937572,34973.633,34978.855,34781.285,0.0
421,422.0,2.1820116,2.5934916,30595.635,30600.059,31809.979,0.0
422,423.0,3.2096512,2.5949993,44767.793,44776.41,39117.742,0.0
423,424.0,2.0265448,2.593077,28112.635,28116.44,30440.799,0.0
424,425.0,2.5726707,2.5942278,36522.797,36528.2,35926.816,0.0
425,426.0,2.4740744,2.5930188,35588.348,35594.117,34561.55,0.0
426,427.0,2.0160186,2.5913105,21255.531,21257.594,27476.254,0.0
427,428.0,2.722391,2.5937886,38444.977,38451.77,35696.047,0.0
428,429.0,2.5730221,2.5937653,36522.797,36528.2,35929.785,0.0
429,430.0,2.182572,2.5932508,30595.635,30600.059,31812.945,0.0
430,431.0,2.7818372,2.5937698,39040.633,39047.53,36154.99,0.0
431,432.0,2.5498462,2.5940948,36619.047,36625.016,35239.133,0.0
432,433.0,2.2779071,2.5929306,30595.635,30600.059,31812.646,0.0
433,434.0,2.0157096,2.5920248,21255.531,21257.594,27472.953,0.0
434,435.0,2.0155156,2.5920584,21255.531,21257.594,27473.602,0.0
435,436.0,2.0154014,2.591302,21255.531,21257.594,27475.34,0.0
436,437.0,2.7223837,2.5940127,38444.977,38451.77,35691.13,0.0
437,438.0,2.1438613,2.5918825,24871.617,24874.504,28844.268,0.0
438,439.0,2.0154238,2.5916836,21255.531,21257.594,27474.352,0.0
439,440.0,2.5093305,2.5940814,36252.77,36258.67,35010.953,0.0
440,441.0,2.5722117,2.594068,36522.797,36528.2,35928.89,0.0
441,442.0,2.4114664,2.5940473,34309.0,34314.08,34324.96,0.0
442,443.0,1.9586062,2.592959,27348.637,27352.248,29986.482,0.0
443,444.0,2.1821053,2.5936344,30595.635,30600.059,31813.445,0.0
444,445.0,3.206347,2.594583,44767.793,44776.41,39120.04,0.0
445,446.0,2.1818607,2.5929198,30595.635,30600.059,31815.326,0.0
446,447.0,2.181511,2.5931463,30595.635,30600.059,31811.773,0.0
447,448.0,3.2300444,2.594698,41594.453,41602.76,36144.53,0.0
448,449.0,2.5120924,2.5940347,36252.77,36258.67,35007.312,0.0
449,450.0,3.253964,2.5948195,40704.582,40712.855,35227.727,0.0
450,451.0,2.5719419,2.5938382,36522.797,36528.2,35929.8,0.0
451,452.0,2.7230873,2.594469,38444.977,38451.77,35688.688,0.0
452,453.0,2.1435087,2.5923433,24871.617,24874.504,28840.756,0.0
453,454.0,2.2778974,2.5933745,30595.635,30600.059,31806.021,0.0
454,455.0,2.0266364,2.5931692,28112.635,28116.44,30440.027,0.0
455,456.0,2.7831075,2.5946069,39040.633,39047.53,36143.855,0.0
456,457.0,2.1823075,2.5937731,30595.635,30600.059,31809.402,0.0
457,458.0,2.5885782,2.5945752,37016.98,37023.086,35462.36,0.0
458,459.0,2.1433272,2.5928276,24871.617,24874.504,28836.31,0.0
459,460.0,3.2175126,2.595403,45757.234,45765.953,40030.54,0.0
460,461.0,2.512869,2.594858,36252.77,36258.67,35001.25,0.0
461,462.0,2.1816509,2.5939403,30595.635,30600.059,31810.326,0.0
462,463.0,2.2778769,2.593719,30595.635,30600.059,31808.492,0.0
463,464.0,2.0150766,2.5927765,21255.531,21257.594,27469.57,0.0
464,465.0,2.182429,2.5945206,30595.635,30600.059,31804.396,0.0
465,466.0,2.3433552,2.5946496,33545.0,33549.887,33866.926,0.0
466,467.0,2.1437762,2.592729,24871.617,24874.504,28837.754,0.0
467,468.0,1.9923284,2.5934725,28013.062,28016.805,30437.545,0.0
468,469.0,2.572795,2.5949404,36522.797,36528.2,35922.035,0.0
469,470.0,2.5743454,2.5958204,36522.797,36528.2,35912.266,0.0
470,471.0,2.1439404,2.594379,24871.617,24874.504,28830.062,0.0
471,472.0,3.2482188,2.5970423,44867.367,44876.047,39077.13,0.0
472,473.0,2.795317,2.6008577,39040.633,39047.53,36078.52,0.0
473,474.0,2.1452684,2.602221,24871.617,24874.504,28787.78,0.0
474,475.0,3.2290998,2.6006503,45757.234,45765.953,39971.56,0.0
475,476.0,2.2862532,2.6047487,30595.635,30600.059,31701.402,0.0
476,477.0,2.2911718,2.6110566,30595.635,30600.059,31660.398,0.0
477,478.0,2.0155592,2.620408,29002.504,29006.346,31135.191,0.0
478,479.0,3.2966793,2.5922635,45532.0,45540.824,39487.21,0.0
479,480.0,2.6403449,2.6091146,36522.797,36528.2,35264.72,0.0
480,481.0,3.3066614,2.6089354,41594.453,41602.76,35748.61,0.0
481,482.0,2.1605558,2.680208,24871.617,24874.504,28062.035,0.0
482,483.0,2.3508987,2.8737786,30595.635,30600.059,30600.227,0.0
483,484.0,2.0095596,2.6400056,21255.531,21257.594,27165.22,0.0
484,485.0,2.39845,2.5682297,34575.7,34580.78,34625.17,0.0
485,486.0,3.156687,2.564596,44767.793,44776.41,39224.305,0.0
486,487.0,3.2155135,2.5692508,45134.066,45142.75,39291.617,0.0
487,488.0,2.6328099,3.1350644,30595.635,30600.059,29421.115,0.0
488,489.0,2.9844687,2.9691305,36522.797,36528.2,33651.47,0.0
489,490.0,2.4743497,2.5521452,36252.77,36258.67,35012.56,0.0
490,491.0,3.3760831,2.5594015,44867.367,44876.047,37742.297,0.0
491,492.0,2.5346875,2.5253737,36522.797,36528.2,34443.81,0.0
492,493.0,2.2055407,2.5190067,30595.635,30600.059,30227.602,0.0
493,494.0,2.001702,2.543748,21255.531,21257.594,27190.617,0.0
494,495.0,2.557997,3.688992,29002.504,29006.346,27723.19,0.0
495,496.0,2.5952113,2.4958873,38444.977,38451.77,36043.348,0.0
496,497.0,2.1881955,4.115063,21255.531,21257.594,22168.742,0.0
497,498.0,2.7738388,2.6481209,37016.98,37023.086,33422.492,0.0
498,499.0,1.9317518,2.784507,21255.531,21257.594,24657.617,0.0
499,500.0,2.0106366,2.5285704,21255.531,21257.594,27099.96,0.0
500,501.0,3.0306036,2.455909,40605.008,40613.22,33785.668,0.0
501,502.0,4.227836,3.680729,39040.633,39047.53,31187.201,0.0
502,503.0,3.4139736,3.2383225,37242.215,37248.215,31513.709,0.0
503,504.0,1.89775,2.472271,21255.531,21257.594,23097.154,0.0
504,505.0,2.8513882,3.3594708,30595.635,30600.059,27482.234,0.0
505,506.0,4.3980513,3.9788284,38444.977,38451.77,29694.428,0.0
506,507.0,2.4956102,2.361816,36252.77,36258.67,32070.928,0.0
507,508.0,2.4551897,2.3893242,34309.0,34314.08,31161.75,0.0
508,509.0,2.389835,2.403234,24871.617,24874.504,23548.428,0.0
509,510.0,3.3724415,2.3702734,45532.0,45540.824,36971.53,0.0
510,511.0,3.5409262,2.4965055,44867.367,44876.047,35694.89,0.0
511,512.0,1.805464,2.265395,27348.637,27352.248,26920.87,0.0
512,513.0,2.4356472,2.228712,36252.77,36258.67,31520.684,0.0
513,514.0,3.0132008,2.4926746,36522.797,36528.2,31169.223,0.0
514,515.0,2.1394875,2.2719603,35198.867,35203.984,32689.445,0.0
515,516.0,2.3194573,2.9997957,21255.531,21257.594,20808.355,0.0
516,517.0,3.600157,2.7906134,40971.28,40979.56,31918.504,0.0
517,518.0,3.7003012,3.4528897,36252.77,36258.67,28837.307,0.0
518,519.0,2.6236591,2.1147134,44103.367,44111.855,37275.2,0.0
519,520.0,2.6037433,2.2102633,44867.367,44876.047,41434.46,0.0
520,521.0,3.4453685,3.0148935,35198.867,35203.984,28784.988,0.0
521,522.0,1.7927928,2.1273878,28013.062,28016.805,27243.324,0.0
522,523.0,2.4669409,2.6191478,24871.617,24874.504,24840.516,0.0
523,524.0,3.0606296,2.5209637,39040.633,39047.53,32025.598,0.0
524,525.0,2.2058496,2.1420996,36619.047,36625.016,37730.277,0.0
525,526.0,2.2158809,2.4610815,24871.617,24874.504,26787.467,0.0
526,527.0,2.5213616,2.1264386,41369.215,41377.633,38570.69,0.0
527,528.0,2.234201,2.6098592,30595.635,30600.059,29953.398,0.0
528,529.0,2.4005487,2.134519,36522.797,36528.2,32385.66,0.0
529,530.0,2.4714103,2.6780162,35198.867,35203.984,33826.906,0.0
530,531.0,1.9696723,2.004599,21255.531,21257.594,22104.621,0.0
531,532.0,5.5476055,4.624296,36522.797,36528.2,26945.773,0.0
532,533.0,4.6176395,3.872222,45134.066,45142.75,33647.473,0.0
533,534.0,2.3974392,2.4062722,30595.635,30600.059,26972.25,0.0
534,535.0,1.7910228,2.0759287,34209.42,34214.44,32967.8,0.0
535,536.0,2.2768803,2.028639,45532.0,45540.824,39057.484,0.0
536,537.0,2.4399993,2.3949158,30595.635,30600.059,26970.75,0.0
537,538.0,3.7040312,3.1389515,40605.008,40613.22,31399.822,0.0
538,539.0,3.2216444,3.1873758,24871.617,24874.504,21499.004,0.0
539,540.0,3.1718323,2.7286735,39040.633,39047.53,31508.291,0.0
540,541.0,1.8346426,1.8763142,30595.635,30600.059,28979.387,0.0
541,542.0,3.1524,2.91378,35588.348,35594.117,29136.742,0.0
542,543.0,1.8900062,1.8749286,34575.7,34580.78,32773.9,0.0
543,544.0,2.2942324,1.8475187,44867.367,44876.047,38269.21,0.0
544,545.0,2.1824558,1.8450909,39040.633,39047.53,40542.785,0.0
545,546.0,2.9412518,2.9637759,21255.531,21257.594,18808.023,0.0
546,547.0,2.2281678,1.7763973,40704.582,40712.855,34740.58,0.0
547,548.0,2.2540166,2.3744173,24871.617,24874.504,28066.232,0.0
548,549.0,2.0216372,2.0631073,40971.28,40979.56,35823.055,0.0
549,550.0,1.667917,1.8904605,30595.635,30600.059,30055.795,0.0
550,551.0,2.4571648,1.9580495,36522.797,36528.2,32077.371,0.0
551,552.0,1.6984853,2.0855684,39040.633,39047.53,36633.297,0.0
552,553.0,2.8445222,3.4976282,30595.635,30600.059,26211.646,0.0
553,554.0,1.7217304,1.9512302,34309.0,34314.08,33696.2,0.0
554,555.0,1.7962066,1.7698002,21255.531,21257.594,24793.227,0.0
555,556.0,1.9223876,1.8784621,44767.793,44776.41,39817.766,0.0
556,557.0,2.283585,1.9180655,36522.797,36528.2,32833.19,0.0
557,558.0,2.7952566,2.3773074,44867.367,44876.047,36853.43,0.0
558,559.0,2.768493,2.5464144,38444.977,38451.77,31717.633,0.0
559,560.0,1.5919304,2.0685225,36352.348,36358.31,35701.805,0.0
560,561.0,2.8790057,2.853758,30595.635,30600.059,25861.4,0.0
561,562.0,3.653056,3.3708334,39040.633,39047.53,30776.82,0.0
562,563.0,1.7690097,1.8993841,36522.797,36528.2,35853.926,0.0
563,564.0,2.4742172,2.4576235,30595.635,30600.059,26937.611,0.0
564,565.0,2.614999,2.430121,38444.977,38451.77,32184.414,0.0
565,566.0,1.6970029,2.016429,45532.0,45540.824,41980.742,0.0
566,567.0,2.0383406,2.043071,39040.633,39047.53,43223.715,0.0
567,568.0,2.5636034,2.2381175,36522.797,36528.2,31993.697,0.0
568,569.0,1.8251852,1.6970226,30595.635,30600.059,29786.535,0.0
569,570.0,2.3923943,2.34058,24871.617,24874.504,22966.188,0.0
570,571.0,2.119617,1.8124166,41594.453,41602.76,35774.86,0.0
571,572.0,2.1862469,1.9234507,44767.793,44776.41,38604.71,0.0
572,573.0,1.5761142,1.8058128,30595.635,30600.059,32014.834,0.0
573,574.0,1.6141429,1.6919647,30595.635,30600.059,30854.854,0.0
574,575.0,1.6125882,2.0573196,38444.977,38451.77,36483.8,0.0
575,576.0,2.2304826,1.79616,21255.531,21257.594,20813.986,0.0
576,577.0,2.3754513,2.2087018,38444.977,38451.77,32902.8,0.0
577,578.0,1.8620669,1.6900737,30595.635,30600.059,29606.434,0.0
578,579.0,2.017668,1.8848406,36252.77,36258.67,32655.621,0.0
579,580.0,1.6587415,1.5978438,38444.977,38451.77,36078.07,0.0
580,581.0,2.2097073,1.9526068,44767.793,44776.41,38388.715,0.0
581,582.0,3.5654135,4.3016396,30595.635,30600.059,25070.926,0.0
582,583.0,3.3198066,3.0001535,30595.635,30600.059,25324.566,0.0
583,584.0,2.991723,2.7838287,24871.617,24874.504,21514.916,0.0
584,585.0,1.697597,1.6037376,30595.635,30600.059,31276.152,0.0
585,586.0,2.670716,3.4111965,34309.0,34314.08,29514.348,0.0
586,587.0,2.121808,1.7732052,24871.617,24874.504,24501.363,0.0
587,588.0,3.4885893,3.3838682,44103.367,44111.855,34574.523,0.0
588,589.0,2.1289325,1.7321963,21255.531,21257.594,21285.373,0.0
589,590.0,1.6010776,1.6102495,38444.977,38451.77,36653.176,0.0
590,591.0,1.8590807,2.1967921,40704.582,40712.855,36600.36,0.0
591,592.0,3.832325,3.4852066,34973.633,34978.855,27859.143,0.0
592,593.0,2.7705946,3.2316494,28379.336,28383.145,24466.418,0.0
593,594.0,2.591676,2.1363518,24871.617,24874.504,22727.184,0.0
594,595.0,2.9805045,2.763769,28777.27,28781.217,24225.305,0.0
595,596.0,2.6259816,2.1390724,24871.617,24874.504,22630.115,0.0
596,597.0,1.6506324,1.8739752,39040.633,39047.53,37582.84,0.0
597,598.0,2.5784492,2.2765307,36522.797,36528.2,31938.201,0.0
598,599.0,3.0115242,2.8890038,39040.633,39047.53,31976.268,0.0
599,600.0,1.93723,1.5916346,21255.531,21257.594,23596.072,0.0
600,601.0,1.7102131,1.9131467,38444.977,38451.77,35466.85,0.0
601,602.0,1.9007117,1.542273,24871.617,24874.504,27000.805,0.0
602,603.0,1.7115504,1.6851074,36252.77,36258.67,34468.9,0.0
603,604.0,2.8901742,4.0647297,39040.633,39047.53,32034.473,0.0
604,605.0,2.4219577,3.5500083,40605.008,40613.22,33927.516,0.0
605,606.0,1.5522164,1.9788804,39040.633,39047.53,38796.11,0.0
606,607.0,4.0126505,3.6769338,28112.635,28116.44,22024.727,0.0
607,608.0,1.5888313,1.8994135,41369.215,41377.633,39169.297,0.0
608,609.0,1.9544737,2.2620535,28013.062,28016.805,26072.504,0.0
609,610.0,1.6614243,1.5558813,34209.42,34214.44,34699.387,0.0
610,611.0,5.0810075,4.3800154,36522.797,36528.2,27244.086,0.0
611,612.0,2.4024546,2.1282167,35198.867,35203.984,31233.621,0.0
612,613.0,1.4728701,2.180052,44767.793,44776.41,44061.887,0.0
613,614.0,2.7017767,2.5213733,30595.635,30600.059,26430.584,0.0
614,615.0,2.3697827,1.9338531,24871.617,24874.504,23521.354,0.0
615,616.0,1.5632044,1.5292484,41594.453,41602.76,39731.67,0.0
616,617.0,2.0357244,1.8623534,28013.062,28016.805,26345.977,0.0
617,618.0,3.3489656,2.2721796,21255.531,21257.594,18069.662,0.0
618,619.0,4.306213,4.187357,28777.27,28781.217,21843.31,0.0
619,620.0,1.6650507,1.5341465,28013.062,28016.805,31229.648,0.0
620,621.0,2.6830816,2.6801167,40704.582,40712.855,33404.863,0.0
621,622.0,2.3927743,2.710584,30595.635,30600.059,26807.184,0.0
622,623.0,2.3251343,2.147701,33545.0,33549.887,30068.523,0.0
623,624.0,2.412877,2.1387713,30595.635,30600.059,27512.791,0.0
624,625.0,1.656898,1.7428864,30595.635,30600.059,32894.98,0.0
625,626.0,1.7156739,1.5548067,39040.633,39047.53,37817.82,0.0
626,627.0,2.232711,1.7887625,34575.7,34580.78,32096.459,0.0
627,628.0,2.006195,1.5911946,24871.617,24874.504,26311.623,0.0
628,629.0,3.1344545,2.8361216,30595.635,30600.059,25524.314,0.0
629,630.0,1.5098777,1.9059446,39040.633,39047.53,40261.13,0.0
630,631.0,1.9679366,1.5916555,21255.531,21257.594,25767.23,0.0
631,632.0,2.0548372,2.0177248,38444.977,38451.77,34212.797,0.0
632,633.0,2.3201628,2.0530615,36522.797,36528.2,32896.316,0.0
633,634.0,5.0221224,4.49756,30595.635,30600.059,22682.152,0.0
634,635.0,1.6124662,1.6031992,41369.215,41377.633,39331.113,0.0
635,636.0,1.498703,2.138082,40605.008,40613.22,39892.62,0.0
636,637.0,2.319265,3.1892636,39040.633,39047.53,33249.902,0.0
637,638.0,5.2744036,4.82934,30595.635,30600.059,22682.305,0.0
638,639.0,1.7821549,2.0746427,39040.633,39047.53,39317.367,0.0
639,640.0,2.6794574,2.335826,30595.635,30600.059,26816.79,0.0
640,641.0,1.9685292,1.9646549,38444.977,38451.77,34634.223,0.0
641,642.0,2.08566,1.9741707,28112.635,28116.44,26219.943,0.0
642,643.0,3.1204972,3.223715,44767.793,44776.41,36316.58,0.0
643,644.0,1.6395202,1.5016943,36522.797,36528.2,39784.23,0.0
644,645.0,2.6612628,2.401317,30595.635,30600.059,26920.143,0.0
645,646.0,2.07932,2.0714214,44867.367,44876.047,39374.61,0.0
646,647.0,2.5029511,2.385685,28013.062,28016.805,24866.727,0.0
647,648.0,4.1772666,4.4238815,39040.633,39047.53,30083.768,0.0
648,649.0,1.6896772,1.7210715,39040.633,39047.53,37057.31,0.0
649,650.0,1.8715835,1.8228326,30595.635,30600.059,29458.664,0.0
650,651.0,2.4345777,2.251092,36522.797,36528.2,32689.871,0.0
651,652.0,3.0817406,3.3170238,38444.977,38451.77,31660.674,0.0
652,653.0,1.9895821,1.9467978,30595.635,30600.059,28757.068,0.0
653,654.0,2.452834,2.277484,30595.635,30600.059,27732.021,0.0
654,655.0,2.08361,2.1506426,38444.977,38451.77,34350.17,0.0
655,656.0,1.6778561,1.6935735,39040.633,39047.53,37264.484,0.0
656,657.0,2.600477,2.5377748,45757.234,45765.953,38543.89,0.0
657,658.0,2.076082,2.028149,30595.635,30600.059,28557.42,0.0
658,659.0,1.8762665,1.765409,35198.867,35203.984,33783.027,0.0
659,660.0,2.4304936,2.319331,34309.0,34314.08,30529.143,0.0
660,661.0,1.7788817,1.8344111,40605.008,40613.22,36794.516,0.0
661,662.0,2.3287003,1.7208705,21255.531,21257.594,20435.154,0.0
662,663.0,6.1096373,5.9614196,36522.797,36528.2,26552.582,0.0
663,664.0,1.6157601,1.6788783,41594.453,41602.76,38905.547,0.0
664,665.0,2.5473526,2.3799508,28112.635,28116.44,41858.816,0.0
665,666.0,2.520095,2.3628447,30595.635,30600.059,43507.95,0.0
666,667.0,1.922299,2.3461661,39940.582,39948.664,47319.406,0.0
667,668.0,2.1231854,2.329912,38444.977,38451.77,48315.016,0.0
668,669.0,2.3310728,2.1339648,44103.367,44111.855,43169.562,0.0
669,670.0,1.7251353,1.8585559,38444.977,38451.77,41655.88,0.0
670,671.0,1.8302522,1.8474674,30595.635,30600.059,36053.965,0.0
671,672.0,1.8250898,1.8359926,28777.27,28781.217,34807.24,0.0
672,673.0,1.9108149,1.8370451,36522.797,36528.2,40870.027,0.0
673,674.0,1.8977046,1.828044,30595.635,30600.059,35765.453,0.0
674,675.0,1.69691,1.8186471,38444.977,38451.77,41247.773,0.0
675,676.0,1.8008122,1.8136554,30595.635,30600.059,36000.62,0.0
676,677.0,1.6716319,1.8110411,41369.215,41377.633,42359.86,0.0
677,678.0,1.7803296,1.8144836,30595.635,30600.059,35239.42,0.0
678,679.0,1.8083292,1.809661,34209.42,34214.44,38295.11,0.0
679,680.0,1.8684201,1.7981771,30595.635,30600.059,35632.19,0.0
680,681.0,2.0261562,1.8014293,24871.617,24874.504,30731.438,0.0
681,682.0,1.8515012,1.80113,30595.635,30600.059,34632.516,0.0
682,683.0,2.0014784,1.8202128,21255.531,21257.594,27798.191,0.0
683,684.0,1.9752363,1.8160784,21255.531,21257.594,27437.762,0.0
684,685.0,1.7461562,1.7941545,30595.635,30600.059,34389.344,0.0
685,686.0,1.9051244,1.860848,36522.797,36528.2,39168.9,0.0
686,687.0,1.866612,1.813413,30595.635,30600.059,34936.65,0.0
687,688.0,1.7105459,1.7851537,35588.348,35594.117,37853.707,0.0
688,689.0,1.8055093,1.8092589,33545.0,33549.887,35717.164,0.0
689,690.0,1.718004,1.8400176,45532.0,45540.824,45223.83,0.0
690,691.0,1.8277005,1.8178931,34973.633,34978.855,37956.953,0.0
691,692.0,1.7085663,1.8690044,28013.062,28016.805,31818.164,0.0
692,693.0,1.9664879,1.8258748,24871.617,24874.504,29729.055,0.0
693,694.0,1.8330817,1.7959578,30595.635,30600.059,34368.8,0.0
694,695.0,1.8472826,1.7770071,36522.797,36528.2,38930.574,0.0
695,696.0,1.8127234,1.7799119,40605.008,40613.22,38783.42,0.0
696,697.0,1.9795371,1.8876376,24871.617,24874.504,28513.238,0.0
697,698.0,1.7099534,1.791944,30595.635,30600.059,33397.777,0.0
698,699.0,1.9402341,1.8363184,24871.617,24874.504,28604.709,0.0
699,700.0,1.7522782,1.7925783,37016.98,37023.086,38520.723,0.0
700,701.0,1.7791102,1.8414105,38444.977,38451.77,38245.87,0.0
701,702.0,2.4176323,2.3316712,21255.531,21257.594,20067.836,0.0
702,703.0,1.8466773,1.685884,38444.977,38451.77,34855.34,0.0
703,704.0,1.7356817,1.6944093,39040.633,39047.53,36424.336,0.0
704,705.0,1.8807585,1.963901,38444.977,38451.77,34524.094,0.0
705,706.0,1.9404488,2.302464,29002.504,29006.346,29471.156,0.0
706,707.0,1.9716424,1.8594763,28112.635,28116.44,26382.953,0.0
707,708.0,3.8730714,4.374498,30595.635,30600.059,24536.54,0.0
708,709.0,2.390956,2.169785,38444.977,38451.77,32807.31,0.0
709,710.0,1.995566,2.2161152,28112.635,28116.44,32711.664,0.0
710,711.0,1.9432646,1.6050994,36522.797,36528.2,34368.914,0.0
711,712.0,3.0040786,2.5591283,24871.617,24874.504,21674.29,0.0
712,713.0,2.3042197,2.7092302,34309.0,34314.08,30241.143,0.0
713,714.0,1.7982271,1.5970988,39040.633,39047.53,35866.508,0.0
714,715.0,1.9114884,1.6297344,24871.617,24874.504,25969.238,0.0
715,716.0,2.932413,4.1448994,38444.977,38451.77,31427.26,0.0
716,717.0,3.749825,3.8499146,40605.008,40613.22,31091.027,0.0
717,718.0,3.3128512,3.2913976,40971.28,40979.56,32068.178,0.0
718,719.0,2.2191155,1.89502,24871.617,24874.504,23987.283,0.0
719,720.0,2.0345922,2.4210606,37242.215,37248.215,33313.89,0.0
720,721.0,2.0566795,1.6108241,21255.531,21257.594,26467.139,0.0
721,722.0,1.9670252,1.8011998,40704.582,40712.855,35580.5,0.0
722,723.0,3.033453,4.4611015,44767.793,44776.41,36606.77,0.0
723,724.0,2.4540606,2.3545582,36252.77,36258.67,31216.643,0.0
724,725.0,4.5376244,4.6679735,24871.617,24874.504,19558.271,0.0
725,726.0,1.8496819,1.7453376,44767.793,44776.41,40046.926,0.0
726,727.0,1.8636595,1.5785528,33545.0,33549.887,32107.143,0.0
727,728.0,2.1870484,2.0498772,28013.062,28016.805,25606.035,0.0
728,729.0,1.7290584,1.9348412,29002.504,29006.346,32736.309,0.0
729,730.0,1.9236385,2.1434119,40971.28,40979.56,44497.766,0.0
730,731.0,2.6067247,2.5625863,39040.633,39047.53,32840.234,0.0
731,732.0,1.9757284,1.805805,44867.367,44876.047,39524.797,0.0
732,733.0,3.005564,2.9274974,39040.633,39047.53,31872.5,0.0
733,734.0,2.0563173,2.033961,36522.797,36528.2,33331.195,0.0
734,735.0,2.487256,2.2356758,28013.062,28016.805,24833.617,0.0
735,736.0,2.582849,2.4495053,39040.633,39047.53,32901.324,0.0
736,737.0,2.467054,2.080014,36522.797,36528.2,32178.861,0.0
737,738.0,2.3617558,1.9979426,36522.797,36528.2,32568.58,0.0
738,739.0,1.9697266,1.6957692,24871.617,24874.504,28858.322,0.0
739,740.0,1.8725924,1.7476578,27348.637,27352.248,26758.473,0.0
740,741.0,1.8409494,1.6613535,30595.635,30600.059,30076.914,0.0
741,742.0,2.7675264,2.5931067,44767.793,44776.41,36829.61,0.0
742,743.0,2.1590188,1.9642909,30595.635,30600.059,28251.65,0.0
743,744.0,1.9320319,1.8522388,30595.635,30600.059,28754.646,0.0
744,745.0,1.9389488,2.4075232,40704.582,40712.855,38069.957,0.0
745,746.0,1.9156061,1.5479299,24871.617,24874.504,28569.254,0.0
746,747.0,1.8912266,2.0360925,30595.635,30600.059,28615.182,0.0
747,748.0,2.2011554,1.9877336,39040.633,39047.53,34347.73,0.0
748,749.0,1.5297137,2.1676848,39040.633,39047.53,40475.53,0.0
749,750.0,2.5850327,2.52598,45757.234,45765.953,38390.258,0.0
750,751.0,3.0827527,2.3923883,24871.617,24874.504,21497.58,0.0
751,752.0,1.5768245,2.1644697,44767.793,44776.41,43157.496,0.0
752,753.0,2.2572725,2.1761029,36522.797,36528.2,46073.586,0.0
753,754.0,2.4763606,2.0928106,30595.635,30600.059,27453.066,0.0
754,755.0,2.2055418,2.0216985,33545.0,33549.887,42843.586,0.0
755,756.0,1.7127699,1.6707606,30595.635,30600.059,31376.34,0.0
756,757.0,1.785593,1.6415763,21255.531,21257.594,23531.908,0.0
757,758.0,1.5419399,1.5833384,38444.977,38451.77,36771.453,0.0
758,759.0,1.8904994,2.1382647,45134.066,45142.75,40099.484,0.0
759,760.0,3.3906584,3.2481036,40605.008,40613.22,31668.861,0.0
760,761.0,2.2152169,2.0369062,36619.047,36625.016,32387.982,0.0
761,762.0,2.5753093,2.3394485,34209.42,34214.44,29789.361,0.0
762,763.0,1.9653072,2.3761246,30595.635,30600.059,32223.09,0.0
763,764.0,2.2127302,2.1546087,35198.867,35203.984,44997.652,0.0
764,765.0,2.1240795,1.8735392,24871.617,24874.504,24347.998,0.0
765,766.0,2.5079887,1.7889769,21255.531,21257.594,20194.648,0.0
766,767.0,1.8933951,2.1534417,41369.215,41377.633,45643.83,0.0
767,768.0,2.5912163,2.449778,45134.066,45142.75,37694.297,0.0
768,769.0,4.0121174,4.2093654,44103.367,44111.855,33713.316,0.0
769,770.0,1.644739,1.5700105,30595.635,30600.059,32149.701,0.0
770,771.0,1.7414069,1.9270287,30595.635,30600.059,33182.934,0.0
771,772.0,2.4052343,2.348475,38444.977,38451.77,32923.984,0.0
772,773.0,2.610735,2.3266165,36522.797,36528.2,31782.379,0.0
773,774.0,1.6759821,1.645639,30595.635,30600.059,30701.285,0.0
774,775.0,1.961186,1.7453723,36522.797,36528.2,34451.402,0.0
775,776.0,4.242372,3.63723,35198.867,35203.984,27316.71,0.0
776,777.0,2.1817725,2.064852,39040.633,39047.53,34354.617,0.0
777,778.0,2.615955,2.650509,40605.008,40613.22,33597.043,0.0
778,779.0,1.9537364,1.9266169,38444.977,38451.77,34540.484,0.0
779,780.0,1.5733423,1.5640066,40704.582,40712.855,38246.89,0.0
780,781.0,1.6721387,2.1493478,34973.633,34978.855,38527.26,0.0
781,782.0,4.084641,4.2763786,44867.367,44876.047,34257.824,0.0
782,783.0,2.399264,2.347597,38444.977,38451.77,33006.15,0.0
783,784.0,2.0998802,1.844877,36522.797,36528.2,33794.242,0.0
784,785.0,3.2001886,2.70428,36522.797,36528.2,30381.34,0.0
785,786.0,2.1062052,1.8958573,30595.635,30600.059,37566.9,0.0
786,787.0,4.8045163,4.25701,30595.635,30600.059,23112.668,0.0
787,788.0,2.8518798,2.7087877,36619.047,36625.016,30743.635,0.0
788,789.0,1.9207187,1.7677443,28112.635,28116.44,27166.104,0.0
789,790.0,2.0864801,2.346119,30595.635,30600.059,28093.0,0.0
790,791.0,1.9557501,2.3806586,30595.635,30600.059,34162.707,0.0
791,792.0,1.9546653,1.7543491,36522.797,36528.2,34881.316,0.0
792,793.0,1.8111115,1.803451,45532.0,45540.824,41334.87,0.0
793,794.0,3.5752149,2.2231934,21255.531,21257.594,17692.162,0.0
794,795.0,2.480462,2.2814436,28777.27,28781.217,25467.096,0.0
795,796.0,1.8903116,2.3069525,40605.008,40613.22,35909.125,0.0
796,797.0,2.696559,1.9478749,21255.531,21257.594,19280.545,0.0
797,798.0,2.0512683,1.9802365,36619.047,36625.016,33186.457,0.0
798,799.0,1.8022723,1.6602654,36522.797,36528.2,35772.242,0.0
799,800.0,2.7289336,2.6780498,35588.348,35594.117,30186.541,0.0
800,801.0,2.087558,1.703712,24871.617,24874.504,25362.92,0.0
801,802.0,2.7314806,2.9063673,40704.582,40712.855,33376.824,0.0
802,803.0,1.5885355,1.553288,37242.215,37248.215,37572.348,0.0
803,804.0,2.5466828,2.2506988,36522.797,36528.2,32118.771,0.0
804,805.0,3.2224815,3.470199,40704.582,40712.855,32437.861,0.0
805,806.0,1.6903028,1.7100654,38444.977,38451.77,36193.066,0.0
806,807.0,3.2680337,3.339738,45134.066,45142.75,36201.965,0.0
807,808.0,1.8399919,1.769508,30595.635,30600.059,29721.541,0.0
808,809.0,1.5751449,1.5880841,39040.633,39047.53,38552.242,0.0
809,810.0,1.6223607,1.6500782,37242.215,37248.215,36756.844,0.0
810,811.0,1.631387,1.7018455,40605.008,40613.22,37592.445,0.0
811,812.0,1.5039954,2.2966688,44767.793,44776.41,45398.92,0.0
812,813.0,2.6570697,1.8604658,21255.531,21257.594,20159.941,0.0
813,814.0,2.7304575,1.8304266,21255.531,21257.594,19841.303,0.0
814,815.0,1.7304287,1.7543808,36252.77,36258.67,35483.96,0.0
815,816.0,2.5823336,2.2918823,30595.635,30600.059,27086.527,0.0
816,817.0,2.439685,2.2104888,34575.7,34580.78,30701.469,0.0
817,818.0,2.5982203,2.2792315,30595.635,30600.059,27099.637,0.0
818,819.0,1.8057418,1.6713111,27348.637,27352.248,27479.307,0.0
819,820.0,2.2301383,1.7405686,21255.531,21257.594,25855.336,0.0
820,821.0,2.3827293,1.7622137,21255.531,21257.594,22464.557,0.0
821,822.0,2.663263,2.097928,24871.617,24874.504,22605.955,0.0
822,823.0,2.1679978,1.7455417,24871.617,24874.504,24602.336,0.0
823,824.0,2.0950212,2.2710426,34575.7,34580.78,31749.566,0.0
824,825.0,2.4274669,2.459654,38444.977,38451.77,33346.715,0.0
825,826.0,2.9149427,2.2559843,24871.617,24874.504,21945.3,0.0
826,827.0,2.104312,2.1091733,39040.633,39047.53,34999.164,0.0
827,828.0,2.72309,2.5655305,30595.635,30600.059,26527.297,0.0
828,829.0,2.7026443,2.6441767,39040.633,39047.53,33090.098,0.0
829,830.0,2.0840173,2.0166166,35588.348,35594.117,32335.406,0.0
830,831.0,2.1178646,1.6867925,24871.617,24874.504,25104.074,0.0
831,832.0,1.9218737,1.798275,34209.42,34214.44,32608.18,0.0
832,833.0,1.8259444,1.8440495,39040.633,39047.53,36286.098,0.0
833,834.0,2.1609383,1.9382104,30595.635,30600.059,28611.705,0.0
834,835.0,3.6323385,3.1300058,30595.635,30600.059,24849.494,0.0
835,836.0,2.4670355,1.8745829,24871.617,24874.504,23355.246,0.0
836,837.0,1.6574597,2.2342687,36619.047,36625.016,40498.504,0.0
837,838.0,1.6515237,1.6131532,30595.635,30600.059,31330.732,0.0
838,839.0,2.5318406,2.5497963,36252.77,36258.67,31514.79,0.0
839,840.0,1.7265674,1.6816325,30595.635,30600.059,36028.79,0.0
840,841.0,1.6460458,1.6470517,38444.977,38451.77,38438.25,0.0
841,842.0,1.8942612,1.8012271,30595.635,30600.059,36428.035,0.0
842,843.0,1.4141842,1.5532544,40704.582,40712.855,40803.297,0.0
843,844.0,1.4862163,1.5523056,37242.215,37248.215,39137.742,0.0
844,845.0,1.8286792,1.6649292,30595.635,30600.059,31884.197,0.0
845,846.0,1.5913024,3.1091237,45532.0,45540.824,43262.016,0.0
846,847.0,1.8684859,1.9000869,36522.797,36528.2,36284.01,0.0
847,848.0,1.7489752,1.6167827,37242.215,37248.215,37967.113,0.0
848,849.0,2.246043,1.8632823,24871.617,24874.504,25664.04,0.0
849,850.0,15.418074,4.798983,30595.635,30600.059,17610.178,0.0
850,851.0,2.0431862,1.917917,30595.635,30600.059,28851.012,0.0
851,852.0,2.0205536,1.5068377,30595.635,30600.059,29949.451,0.0
852,853.0,3.5784543,3.365087,28013.062,28016.805,22955.914,0.0
853,854.0,2.035043,2.2311518,39940.582,39948.664,35174.242,0.0
854,855.0,2.5546231,1.5240083,21255.531,21257.594,22391.355,0.0
855,856.0,2.9906063,2.6398318,35198.867,35203.984,30017.664,0.0
856,857.0,2.0306952,1.5506803,24871.617,24874.504,28021.477,0.0
857,858.0,3.0614922,1.9688647,21255.531,21257.594,18929.268,0.0
858,859.0,1.7411549,1.5013602,44767.793,44776.41,43616.13,0.0
859,860.0,2.5396273,2.1730006,30595.635,30600.059,27614.855,0.0
860,861.0,2.0743527,2.8709729,45532.0,45540.824,40250.53,0.0
861,862.0,1.9908965,1.877328,30595.635,30600.059,29229.34,0.0
862,863.0,1.5452863,1.7453065,38444.977,38451.77,40617.258,0.0
863,864.0,1.9315025,2.0247328,40704.582,40712.855,36366.484,0.0
864,865.0,2.4515438,3.9215055,44767.793,44776.41,38084.547,0.0
865,866.0,1.9836324,1.7767248,28777.27,28781.217,28499.018,0.0
866,867.0,5.6225543,5.0236783,30595.635,30600.059,22291.186,0.0
867,868.0,1.9033858,2.1551428,34973.633,34978.855,32798.582,0.0
868,869.0,3.1690376,3.8403902,30595.635,30600.059,25143.625,0.0
869,870.0,1.7066436,1.657556,30595.635,30600.059,32808.895,0.0
870,871.0,2.3074853,1.7430075,21255.531,21257.594,21309.463,0.0
871,872.0,2.291571,2.0843859,30595.635,30600.059,28161.742,0.0
872,873.0,2.068928,2.0878496,37016.98,37023.086,34152.242,0.0
873,874.0,1.8645524,1.8949208,36522.797,36528.2,37536.934,0.0
874,875.0,1.9291807,2.0435317,40605.008,40613.22,36334.51,0.0
875,876.0,1.6000057,2.1220763,39040.633,39047.53,42068.62,0.0
876,877.0,3.3809233,3.4743404,39040.633,39047.53,31665.334,0.0
877,878.0,2.073422,1.7282585,24871.617,24874.504,25727.281,0.0
878,879.0,5.6305237,5.857725,36252.77,36258.67,26431.781,0.0
879,880.0,1.5439223,1.6937226,39940.582,39948.664,38041.766,0.0
880,881.0,2.5880072,2.424738,30595.635,30600.059,44295.0,0.0
881,882.0,1.8410907,1.9394591,39040.633,39047.53,44873.15,0.0
882,883.0,1.5131086,1.6273713,38444.977,38451.77,37515.027,0.0
883,884.0,2.117612,1.990426,28013.062,28016.805,26167.068,0.0
884,885.0,2.100466,1.6634783,24871.617,24874.504,31189.191,0.0
885,886.0,3.0437403,3.2060592,28379.336,28383.145,23399.086,0.0
886,887.0,2.86446,2.1605272,24871.617,24874.504,22090.871,0.0
887,888.0,1.8953509,1.9879864,41594.453,41602.76,37383.707,0.0
888,889.0,1.8764272,1.7341708,36522.797,36528.2,35447.977,0.0
889,890.0,1.6713874,1.7767209,40605.008,40613.22,37535.484,0.0
890,891.0,2.266595,2.09548,36522.797,36528.2,33402.383,0.0
891,892.0,1.7681167,1.6441941,36522.797,36528.2,36407.465,0.0
892,893.0,2.0216155,1.9713879,35198.867,35203.984,33000.203,0.0
893,894.0,2.017394,2.3998816,44867.367,44876.047,54200.605,0.0
894,895.0,4.63365,2.6475043,21255.531,21257.594,16555.004,0.0
895,896.0,1.6999254,1.7605166,36352.348,36358.31,36114.85,0.0
896,897.0,1.9807265,2.038538,36252.77,36258.67,42765.926,0.0
897,898.0,1.899459,1.6350561,24871.617,24874.504,29739.166,0.0
898,899.0,1.716141,1.6276717,36522.797,36528.2,39525.207,0.0
899,900.0,1.6066928,1.6244055,28013.062,28016.805,32223.084,0.0
900,901.0,1.490714,1.6191748,38444.977,38451.77,40207.453,0.0
901,902.0,1.9795418,2.3240974,44767.793,44776.41,53033.203,0.0
902,903.0,2.082966,2.1015635,44767.793,44776.41,45767.184,0.0
903,904.0,2.0645163,2.1024623,39040.633,39047.53,42133.805,0.0
904,905.0,2.091576,2.1038523,44103.367,44111.855,44912.86,0.0
905,906.0,2.1461127,2.1055553,36522.797,36528.2,41592.266,0.0
906,907.0,2.1330721,2.107454,44867.367,44876.047,45147.168,0.0
907,908.0,2.1374247,2.1096842,45757.234,45765.953,46062.977,0.0
908,909.0,2.1550121,2.1122408,40605.008,40613.22,40411.426,0.0
909,910.0,2.1713777,2.1152196,45134.066,45142.75,44996.39,0.0
910,911.0,2.0742033,2.1183734,35198.867,35203.984,40182.6,0.0
911,912.0,2.0111399,2.1218648,30595.635,30600.059,36161.387,0.0
912,913.0,2.1577387,2.1259067,36522.797,36528.2,40715.3,0.0
913,914.0,2.227728,2.1300688,45134.066,45142.75,44461.45,0.0
914,915.0,2.0975394,2.1341426,30595.635,30600.059,35834.508,0.0
915,916.0,2.0994186,2.139162,38444.977,38451.77,40092.605,0.0
916,917.0,2.2912264,2.144341,40971.28,40979.56,39713.33,0.0
917,918.0,2.097212,2.149184,30595.635,30600.059,35521.168,0.0
918,919.0,2.2093606,2.154454,24871.617,24874.504,32111.99,0.0
919,920.0,2.067507,2.1607623,33545.0,33549.887,37602.316,0.0
920,921.0,2.3176775,2.1668768,44767.793,44776.41,43308.527,0.0
921,922.0,1.9315885,2.1724083,27348.637,27352.248,33105.273,0.0
922,923.0,2.196661,2.179263,36522.797,36528.2,39556.188,0.0
923,924.0,2.9167402,3.0631006,35588.348,35594.117,32617.865,0.0
924,925.0,4.0441284,3.0472972,40971.28,40979.56,33467.625,0.0
925,926.0,2.720391,3.0349226,34209.42,34214.44,32401.947,0.0
926,927.0,2.3645136,2.170362,44103.367,44111.855,42132.797,0.0
927,928.0,2.1286888,2.1654387,36522.797,36528.2,34423.58,0.0
928,929.0,2.4875345,2.2910738,34209.42,34214.44,30771.139,0.0
929,930.0,2.2492719,1.9311371,38444.977,38451.77,33613.26,0.0
930,931.0,1.684387,1.6458163,30595.635,30600.059,32132.309,0.0
931,932.0,1.680239,1.6274842,27348.637,27352.248,27919.57,0.0
932,933.0,2.0174873,1.7474713,45532.0,45540.824,40447.97,0.0
933,934.0,1.8131926,1.9548206,30595.635,30600.059,29713.479,0.0
934,935.0,1.7212067,1.619076,34309.0,34314.08,34414.57,0.0
935,936.0,1.542088,1.5871099,37242.215,37248.215,37898.605,0.0
936,937.0,3.5915468,3.2625914,38444.977,38451.77,30919.16,0.0
937,938.0,1.813232,1.6700064,21255.531,21257.594,23683.574,0.0
938,939.0,1.653057,1.8690088,44867.367,44876.047,41262.676,0.0
939,940.0,1.6325536,1.5731786,33545.0,33549.887,33455.973,0.0
940,941.0,1.6646848,1.5658252,30595.635,30600.059,31658.184,0.0
941,942.0,1.6703846,1.5825849,30595.635,30600.059,32646.441,0.0
942,943.0,1.9374223,1.7483958,30595.635,30600.059,29821.732,0.0
943,944.0,2.056816,1.9914451,28112.635,28116.44,26451.79,0.0
944,945.0,1.5554566,1.6257606,37016.98,37023.086,35999.332,0.0
945,946.0,1.6417968,1.5700577,36522.797,36528.2,37485.117,0.0
946,947.0,1.6570947,1.5813806,36522.797,36528.2,37466.258,0.0
947,948.0,1.8577962,1.6311425,24871.617,24874.504,27804.062,0.0
948,949.0,42.026596,2.066191,30595.635,30600.059,21125.902,0.0
949,950.0,1.6062407,1.5635719,34309.0,34314.08,35726.516,0.0
950,951.0,4.282004,3.9570935,30595.635,30600.059,23586.68,0.0
951,952.0,1.9132644,1.8283925,36619.047,36625.016,33920.51,0.0
952,953.0,1.5603893,1.6328275,30595.635,30600.059,32085.896,0.0
953,954.0,1.7342697,1.6889781,45532.0,45540.824,41641.07,0.0
954,955.0,3.4071813,3.1434255,21255.531,21257.594,18223.975,0.0
955,956.0,1.8365165,1.5979848,24871.617,24874.504,28208.098,0.0
956,957.0,2.0949697,1.9593337,30595.635,30600.059,28283.37,0.0
957,958.0,1.8497293,1.8236604,38444.977,38451.77,35194.53,0.0
958,959.0,1.584561,1.5976367,45757.234,45765.953,43321.13,0.0
959,960.0,2.198102,2.7993581,34309.0,34314.08,30921.727,0.0
960,961.0,2.0817316,2.1922574,39040.633,39047.53,47394.312,0.0
961,962.0,1.469605,1.5706939,39040.633,39047.53,40492.86,0.0
962,963.0,3.0769057,3.025349,41594.453,41602.76,33649.832,0.0
963,964.0,1.8286037,1.6312315,24871.617,24874.504,28331.023,0.0
964,965.0,1.5858113,1.6123149,39940.582,39948.664,37387.91,0.0
965,966.0,3.5904324,7.001991,21255.531,21257.594,17912.043,0.0
966,967.0,2.1088712,1.7240124,24871.617,24874.504,24675.688,0.0
967,968.0,2.727627,3.1031282,34209.42,34214.44,31882.809,0.0
968,969.0,3.0200024,2.6101854,28013.062,28016.805,23650.201,0.0
969,970.0,2.2704463,1.8053875,24871.617,24874.504,23932.598,0.0
970,971.0,2.8899767,2.6990004,27348.637,27352.248,23241.678,0.0
971,972.0,1.5814013,1.5431305,34209.42,34214.44,37248.098,0.0
972,973.0,5.800842,6.3530936,34973.633,34978.855,25609.148,0.0
973,974.0,1.9110074,1.599244,24871.617,24874.504,26243.723,0.0
974,975.0,3.2813013,2.8265338,36522.797,36528.2,30304.648,0.0
975,976.0,1.7963679,1.8028616,30595.635,30600.059,31590.834,0.0
976,977.0,2.2679083,2.3390937,40605.008,40613.22,34862.03,0.0
977,978.0,1.5494847,1.5384257,30595.635,30600.059,33684.426,0.0
978,979.0,3.6903152,3.1990862,30595.635,30600.059,24808.777,0.0
979,980.0,4.8811107,5.097048,38444.977,38451.77,28584.139,0.0
980,981.0,1.4856266,1.5587658,39040.633,39047.53,39320.33,0.0
981,982.0,1.8264681,1.8063579,36252.77,36258.67,34092.01,0.0
982,983.0,1.490219,1.5619093,39040.633,39047.53,39605.42,0.0
983,984.0,2.6244938,2.3514159,35198.867,35203.984,30798.92,0.0
984,985.0,1.6232334,1.6812342,38444.977,38451.77,36800.13,0.0
985,986.0,1.6629375,1.5651288,30595.635,30600.059,32558.648,0.0
986,987.0,2.185574,1.6800148,21255.531,21257.594,20783.883,0.0
987,988.0,1.8520614,1.7753702,30595.635,30600.059,29670.348,0.0
988,989.0,4.9793544,6.1558013,34209.42,34214.44,27864.662,0.0
989,990.0,1.6185126,1.5934911,30595.635,30600.059,31553.271,0.0
990,991.0,3.6245465,3.9346313,38444.977,38451.77,30506.584,0.0
991,992.0,1.4339852,1.6289535,38444.977,38451.77,40770.91,0.0
992,993.0,1.840776,1.9069991,44103.367,44111.855,41334.348,0.0
993,994.0,1.9400144,1.965365,38444.977,38451.77,35308.926,0.0
994,995.0,1.4676027,2.217969,45532.0,45540.824,46800.02,0.0
995,996.0,1.5935489,1.6595471,30595.635,30600.059,34473.527,0.0
996,997.0,1.8763261,1.9429995,40605.008,40613.22,36490.543,0.0
997,998.0,1.7213669,1.5046524,36522.797,36528.2,39553.305,0.0
998,999.0,1.7410032,1.6616559,34575.7,34580.78,34261.207,0.0
999,1000.0,1.7279819,1.9594648,38444.977,38451.77,36511.426,0.0
1000,1001.0,2.1896853,1.9204913,27348.637,27352.248,36772.293,0.0
1001,1002.0,2.2323067,2.07508,34973.633,34978.855,32158.184,0.0
1002,1003.0,3.8497362,3.7236338,24871.617,24874.504,20533.709,0.0
1003,1004.0,1.5897176,1.5572437,28112.635,28116.44,30746.879,0.0
1004,1005.0,1.6038808,1.67569,35588.348,35594.117,37039.95,0.0
1005,1006.0,1.8279165,1.768704,37242.215,37248.215,36471.934,0.0
1006,1007.0,4.326066,4.2847605,30595.635,30600.059,23630.246,0.0
1007,1008.0,1.7734638,1.769929,36252.77,36258.67,34498.76,0.0
1008,1009.0,1.7891257,2.3346605,34209.42,34214.44,40042.223,0.0
1009,1010.0,1.5868198,2.3066385,44767.793,44776.41,45398.832,0.0
1010,1011.0,2.8666093,2.573286,28777.27,28781.217,24571.27,0.0
1011,1012.0,3.1208556,2.382493,24871.617,24874.504,21515.42,0.0
1012,1013.0,2.7000313,2.163296,24871.617,24874.504,38000.05,0.0
1013,1014.0,2.123854,2.0718107,30595.635,30600.059,37781.633,0.0
1014,1015.0,1.9711611,2.031476,36352.348,36358.31,42223.08,0.0
1015,1016.0,1.9798228,2.003823,34209.42,34214.44,36993.3,0.0
1016,1017.0,1.8366648,1.989506,28777.27,28781.217,32700.195,0.0
1017,1018.0,1.9188046,1.9615563,30595.635,30600.059,30406.736,0.0
1018,1019.0,1.8256686,1.6288527,21255.531,21257.594,25242.537,0.0
1019,1020.0,1.8317697,1.6215296,21255.531,21257.594,25785.79,0.0
1020,1021.0,1.5023724,1.6195282,45134.066,45142.75,45198.973,0.0
1021,1022.0,1.5655985,1.5187424,40605.008,40613.22,38828.88,0.0
1022,1023.0,2.40623,2.334588,33545.0,33549.887,45969.05,0.0
1023,1024.0,3.0695505,2.3179586,21255.531,21257.594,37057.44,0.0
1024,1025.0,2.4501433,2.3011584,30595.635,30600.059,42665.367,0.0
1025,1026.0,2.088779,2.2841635,38444.977,38451.77,47585.594,0.0
1026,1027.0,1.8902054,2.114359,39040.633,39047.53,42703.594,0.0
1027,1028.0,1.9690115,1.985174,30595.635,30600.059,36763.215,0.0
1028,1029.0,1.7414069,1.7856307,39040.633,39047.53,40117.656,0.0
1029,1030.0,1.8771749,1.7721252,36522.797,36528.2,39378.887,0.0
1030,1031.0,1.8283914,1.7596972,30595.635,30600.059,35047.848,0.0
1031,1032.0,1.7677469,1.7740632,30595.635,30600.059,35167.027,0.0
1032,1033.0,1.8596821,1.753653,36522.797,36528.2,40378.152,0.0
1033,1034.0,1.867784,1.6185035,36619.047,36625.016,34809.312,0.0
1034,1035.0,1.5797925,1.6160334,28112.635,28116.44,30715.184,0.0
1035,1036.0,2.3514633,2.064155,21255.531,21257.594,20635.29,0.0
1036,1037.0,1.9858557,1.9664162,36522.797,36528.2,35132.59,0.0
1037,1038.0,1.6825396,1.6695809,41594.453,41602.76,39867.766,0.0
1038,1039.0,2.7888043,2.8438056,30595.635,30600.059,28274.564,0.0
1039,1040.0,1.9442315,1.7768564,36252.77,36258.67,33290.363,0.0
1040,1041.0,2.0742426,1.8126717,21255.531,21257.594,24351.064,0.0
1041,1042.0,3.0584314,3.4044757,36522.797,36528.2,30284.84,0.0
1042,1043.0,3.4516037,1.8765223,21255.531,21257.594,18122.12,0.0
1043,1044.0,1.689899,1.854884,45532.0,45540.824,42371.105,0.0
1044,1045.0,1.7245865,1.6835066,30595.635,30600.059,30654.527,0.0
1045,1046.0,1.9731977,1.7567394,40704.582,40712.855,36152.266,0.0
1046,1047.0,3.3329515,3.5640624,28777.27,28781.217,23745.662,0.0
1047,1048.0,1.6383195,1.6571717,38444.977,38451.77,36594.07,0.0
1048,1049.0,2.5918288,2.1175313,36522.797,36528.2,32376.701,0.0
1049,1050.0,1.6473867,1.6158252,30595.635,30600.059,32267.227,0.0
1050,1051.0,2.2329652,1.5953695,30595.635,30600.059,29081.164,0.0
1051,1052.0,1.6475635,1.6116838,39040.633,39047.53,37896.188,0.0
1052,1053.0,1.6511412,1.5887617,38444.977,38451.77,37235.652,0.0
1053,1054.0,3.0500553,1.8824902,27348.637,27352.248,24004.48,0.0
1054,1055.0,2.4230216,2.3196585,30595.635,30600.059,27255.484,0.0
1055,1056.0,2.6979074,2.2473886,24871.617,24874.504,38017.64,0.0
1056,1057.0,2.1465466,2.2200665,36352.348,36358.31,45809.36,0.0
1057,1058.0,1.7204204,1.7778198,39040.633,39047.53,39564.793,0.0
1058,1059.0,1.820085,1.6375169,21255.531,21257.594,23420.87,0.0
1059,1060.0,1.7894224,1.6142045,21255.531,21257.594,24533.182,0.0
1060,1061.0,1.855278,1.6595229,24871.617,24874.504,26928.807,0.0
1061,1062.0,1.8309672,1.6103655,24871.617,24874.504,28413.271,0.0
1062,1063.0,1.8431621,1.6652421,24871.617,24874.504,27035.521,0.0
1063,1064.0,1.5293031,1.603255,38444.977,38451.77,37768.36,0.0
1064,1065.0,1.6380639,1.6039454,34209.42,34214.44,34995.703,0.0
1065,1066.0,1.6773556,1.5890279,36522.797,36528.2,37950.477,0.0
1066,1067.0,5.711847,4.6697116,30595.635,30600.059,22566.957,0.0
1067,1068.0,2.3748386,1.7013414,28013.062,28016.805,25191.033,0.0
1068,1069.0,1.493738,2.0899444,38444.977,38451.77,38369.14,0.0
1069,1070.0,1.6650826,1.7794505,33545.0,33549.887,33626.22,0.0
1070,1071.0,4.6009316,3.0220692,21255.531,21257.594,16494.865,0.0
1071,1072.0,1.6517854,1.6368058,39040.633,39047.53,37065.676,0.0
1072,1073.0,5.49521,6.2680855,21255.531,21257.594,16127.042,0.0
1073,1074.0,2.329323,2.1843863,24871.617,24874.504,23627.93,0.0
1074,1075.0,2.2267034,1.5675936,21255.531,21257.594,21065.445,0.0
1075,1076.0,1.6973768,1.5714424,38444.977,38451.77,35985.17,0.0
1076,1077.0,2.409864,4.048803,39940.582,39948.664,33274.6,0.0
1077,1078.0,3.9289653,2.6196928,21255.531,21257.594,17147.553,0.0
1078,1079.0,1.582431,1.5550177,34209.42,34214.44,35333.11,0.0
1079,1080.0,1.9366425,1.5973665,21255.531,21257.594,24361.69,0.0
1080,1081.0,3.6265297,4.399677,30595.635,30600.059,24322.695,0.0
1081,1082.0,1.6019578,1.5571895,41594.453,41602.76,39050.547,0.0
1082,1083.0,2.712205,2.891397,28013.062,28016.805,24002.67,0.0
1083,1084.0,1.4714533,1.5865223,39040.633,39047.53,39096.03,0.0
1084,1085.0,2.5251627,2.041171,24871.617,24874.504,22974.852,0.0
1085,1086.0,2.5680046,2.3519104,39040.633,39047.53,33032.598,0.0
1086,1087.0,1.7477213,1.7064997,39040.633,39047.53,36410.312,0.0
1087,1088.0,1.7539462,2.436887,38444.977,38451.77,37622.06,0.0
1088,1089.0,3.0027587,2.0580547,30595.635,30600.059,26043.36,0.0
1089,1090.0,2.1560538,3.3690102,39040.633,39047.53,34155.555,0.0
1090,1091.0,7.144963,4.8687453,21255.531,21257.594,15280.934,0.0
1091,1092.0,4.424736,3.7973425,37242.215,37248.215,28503.436,0.0
1092,1093.0,2.1551158,1.6305193,21255.531,21257.594,21711.104,0.0
1093,1094.0,2.0787594,3.3355722,40605.008,40613.22,35379.793,0.0
1094,1095.0,1.9063568,2.2751386,34209.42,34214.44,37636.453,0.0
1095,1096.0,1.8353552,1.7292442,38444.977,38451.77,35636.086,0.0
1096,1097.0,1.6850677,1.5626025,28013.062,28016.805,31789.867,0.0
1097,1098.0,1.8790544,1.7795836,44867.367,44876.047,40614.242,0.0
1098,1099.0,1.7312633,1.6771266,36619.047,36625.016,34817.992,0.0
1099,1100.0,2.1007812,1.9073836,34309.0,34314.08,31582.71,0.0
1100,1101.0,2.5667977,2.0473738,24871.617,24874.504,36842.29,0.0
1101,1102.0,1.7832737,2.0278285,41369.215,41377.633,45670.547,0.0
1102,1103.0,2.58057,3.0827146,38444.977,38451.77,32268.309,0.0
1103,1104.0,1.6279302,1.5895392,36522.797,36528.2,36725.04,0.0
1104,1105.0,1.6414559,1.5256225,36522.797,36528.2,36841.117,0.0
1105,1106.0,1.5351851,1.5385976,39040.633,39047.53,38368.45,0.0
1106,1107.0,1.5803447,1.6421429,34309.0,34314.08,34717.254,0.0
1107,1108.0,2.256871,1.7942041,29002.504,29006.346,27008.39,0.0
1108,1109.0,2.2955139,2.2433016,34209.42,34214.44,45195.355,0.0
1109,1110.0,2.272568,2.2165596,30595.635,30600.059,41412.38,0.0
1110,1111.0,2.5364013,2.0625794,21255.531,21257.594,32822.93,0.0
1111,1112.0,2.1089213,2.0717955,44103.367,44111.855,43698.645,0.0
1112,1113.0,2.1230407,1.9681091,44867.367,44876.047,41416.457,0.0
1113,1114.0,1.8833385,1.8748288,39040.633,39047.53,38205.465,0.0
1114,1115.0,1.8835771,1.8523687,30595.635,30600.059,32788.887,0.0
1115,1116.0,2.2257547,1.8478483,45757.234,45765.953,39700.37,0.0
1116,1117.0,1.6868005,1.715657,27348.637,27352.248,27436.6,0.0
1117,1118.0,1.7853216,1.664495,36522.797,36528.2,36243.098,0.0
1118,1119.0,1.6867005,1.651548,44767.793,44776.41,41515.258,0.0
1119,1120.0,1.9257609,1.7121518,21255.531,21257.594,22164.902,0.0
1120,1121.0,2.4971626,2.0506568,36522.797,36528.2,32472.865,0.0
1121,1122.0,1.8224329,1.6336392,24871.617,24874.504,27586.783,0.0
1122,1123.0,1.6411175,1.6854591,30595.635,30600.059,30896.883,0.0
1123,1124.0,2.0821106,1.8271383,30595.635,30600.059,28797.855,0.0
1124,1125.0,1.8550333,1.673403,21255.531,21257.594,22696.867,0.0
1125,1126.0,1.7082673,1.6364586,45134.066,45142.75,41623.766,0.0
1126,1127.0,1.548056,1.6041199,36619.047,36625.016,36701.984,0.0
1127,1128.0,1.5622063,1.6297123,44767.793,44776.41,42649.895,0.0
1128,1129.0,1.7860241,1.8136739,30595.635,30600.059,30389.365,0.0
1129,1130.0,1.878422,1.8269948,28013.062,28016.805,26799.35,0.0
1130,1131.0,1.6119037,1.5984287,40704.582,40712.855,38072.23,0.0
1131,1132.0,2.15082,1.9681339,36619.047,36625.016,32801.473,0.0
1132,1133.0,1.5690846,1.619713,30595.635,30600.059,32027.299,0.0
1133,1134.0,1.6030763,1.7038114,30595.635,30600.059,31419.584,0.0
1134,1135.0,1.5425372,1.6769205,45134.066,45142.75,43210.703,0.0
1135,1136.0,1.5806797,1.5869019,44103.367,44111.855,41610.62,0.0
1136,1137.0,1.512328,1.5802125,36252.77,36258.67,36571.855,0.0
1137,1138.0,1.532919,1.6349494,38444.977,38451.77,37449.53,0.0
1138,1139.0,1.5681056,1.6763989,27348.637,27352.248,28499.201,0.0
1139,1140.0,1.7079406,1.6903716,30595.635,30600.059,31141.25,0.0
1140,1141.0,1.5144615,1.5733857,37016.98,37023.086,37535.164,0.0
1141,1142.0,1.585286,1.601885,40971.28,40979.56,38691.95,0.0
1142,1143.0,1.9413022,2.1999977,21255.531,21257.594,24848.248,0.0
1143,1144.0,1.6713829,1.7320315,39040.633,39047.53,39598.816,0.0
1144,1145.0,1.638607,1.5746986,30595.635,30600.059,32628.562,0.0
1145,1146.0,1.8152139,1.591789,21255.531,21257.594,23614.43,0.0
1146,1147.0,2.1724908,1.8609289,45134.066,45142.75,39183.83,0.0
1147,1148.0,2.2434177,2.4535067,24871.617,24874.504,26137.445,0.0
1148,1149.0,1.7216331,1.7895933,36252.77,36258.67,36817.824,0.0
1149,1150.0,1.6269891,1.6782755,39040.633,39047.53,39845.41,0.0
1150,1151.0,1.6418113,1.5612872,36522.797,36528.2,37629.594,0.0
1151,1152.0,1.5983837,1.5701578,34309.0,34314.08,35021.918,0.0
1152,1153.0,1.9464564,2.7574027,21255.531,21257.594,24336.73,0.0
1153,1154.0,1.9200162,1.9180427,21255.531,21257.594,24506.75,0.0
1154,1155.0,1.65491,1.712632,36252.77,36258.67,37555.207,0.0
1155,1156.0,3.6854384,2.6661165,40605.008,40613.22,32757.646,0.0
1156,1157.0,1.8609636,1.6054146,24871.617,24874.504,28380.014,0.0
1157,1158.0,2.428012,2.9885683,28112.635,28116.44,24750.814,0.0
1158,1159.0,2.8343294,2.2337804,21255.531,21257.594,18953.54,0.0
1159,1160.0,6.326996,6.012286,37016.98,37023.086,25678.81,0.0
1160,1161.0,1.5780193,1.6052524,29002.504,29006.346,30097.875,0.0
1161,1162.0,1.5675895,1.5618768,34209.42,34214.44,35775.035,0.0
1162,1163.0,1.7557317,1.62951,21255.531,21257.594,24180.598,0.0
1163,1164.0,1.5015616,1.5689588,37242.215,37248.215,38181.016,0.0
1164,1165.0,1.900313,1.7678199,36619.047,36625.016,33587.81,0.0
1165,1166.0,1.5645717,1.6194565,27348.637,27352.248,28276.201,0.0
1166,1167.0,1.531713,1.5535666,40704.582,40712.855,38847.453,0.0
1167,1168.0,1.6465088,1.6006098,45757.234,45765.953,42402.867,0.0
1168,1169.0,1.8785858,1.5951676,21255.531,21257.594,22763.674,0.0
1169,1170.0,1.5508801,1.5630733,30595.635,30600.059,31978.666,0.0
1170,1171.0,1.53351,1.5579889,39040.633,39047.53,38044.98,0.0
1171,1172.0,1.5103536,1.7275068,40971.28,40979.56,39348.605,0.0
1172,1173.0,1.7202163,1.6712155,36522.797,36528.2,36189.473,0.0
1173,1174.0,1.5499089,1.5840931,37242.215,37248.215,36577.113,0.0
1174,1175.0,1.6480757,1.5791023,39040.633,39047.53,36983.324,0.0
1175,1176.0,2.7845984,2.3738375,30595.635,30600.059,26348.662,0.0
1176,1177.0,4.1843657,4.5025787,24871.617,24874.504,20188.09,0.0
1177,1178.0,1.5307298,1.5624992,30595.635,30600.059,32829.586,0.0
1178,1179.0,1.9543817,2.063172,21255.531,21257.594,23887.883,0.0
1179,1180.0,1.6247967,1.6901832,28013.062,28016.805,31225.805,0.0
1180,1181.0,1.8465083,1.7086673,24871.617,24874.504,25968.248,0.0
1181,1182.0,4.7726674,4.948431,36352.348,36358.31,27428.812,0.0
1182,1183.0,1.9157274,1.7248043,24871.617,24874.504,28533.824,0.0
1183,1184.0,1.630463,1.6938832,39040.633,39047.53,39539.297,0.0
1184,1185.0,1.7134485,1.6947109,35198.867,35203.984,37295.85,0.0
1185,1186.0,1.6236118,1.6758449,40605.008,40613.22,39472.156,0.0
1186,1187.0,1.6902469,1.6763729,34209.42,34214.44,36367.86,0.0
1187,1188.0,1.6317027,1.507264,28013.062,28016.805,28805.81,0.0
1188,1189.0,1.6916083,1.7014413,40605.008,40613.22,38680.58,0.0
1189,1190.0,1.6334581,1.674632,40605.008,40613.22,39258.08,0.0
1190,1191.0,1.7985793,1.6397039,21255.531,21257.594,24328.383,0.0
1191,1192.0,1.818912,2.1121056,44767.793,44776.41,40073.434,0.0
1192,1193.0,2.2830763,2.080737,45134.066,45142.75,39888.39,0.0
1193,1194.0,1.9037871,1.7259233,24871.617,24874.504,27685.56,0.0
1194,1195.0,1.6069579,1.661277,37242.215,37248.215,38982.33,0.0
1195,1196.0,1.8208632,1.6092479,24871.617,24874.504,27155.156,0.0
1196,1197.0,2.7537928,3.8224177,37016.98,37023.086,31022.834,0.0
1197,1198.0,1.5526607,1.5184846,39040.633,39047.53,38026.105,0.0
1198,1199.0,1.5510068,1.6038028,28013.062,28016.805,29640.209,0.0
1199,1200.0,1.6405244,1.5697055,30595.635,30600.059,32074.66,0.0
1200,1201.0,31.379374,14.161045,21255.531,21257.594,9969.738,0.0
1201,1202.0,1.7527783,1.7056789,30595.635,30600.059,33313.902,0.0
1202,1203.0,1.6354955,1.6913106,28112.635,28116.44,31779.094,0.0
1203,1204.0,1.6337274,1.6982561,29002.504,29006.346,32473.643,0.0
1204,1205.0,1.7370772,1.6885616,30595.635,30600.059,33555.777,0.0
1205,1206.0,1.7805026,1.6856067,36522.797,36528.2,38443.805,0.0
1206,1207.0,1.6276191,1.6937298,36252.77,36258.67,37290.72,0.0
1207,1208.0,1.8946574,2.1832113,40605.008,40613.22,45140.582,0.0
1208,1209.0,1.7333233,1.8492913,38444.977,38451.77,41403.703,0.0
1209,1210.0,1.5853125,1.5845033,34309.0,34314.08,35991.793,0.0
1210,1211.0,1.5277034,1.5899237,44767.793,44776.41,43300.652,0.0
1211,1212.0,1.7942022,1.7002931,21255.531,21257.594,24662.389,0.0
1212,1213.0,1.7158949,1.7174591,33545.0,33549.887,34165.58,0.0
1213,1214.0,1.5608468,1.6551125,38444.977,38451.77,38732.516,0.0
1214,1215.0,1.6216422,1.6648477,39040.633,39047.53,38653.773,0.0
1215,1216.0,1.665216,1.6668284,34209.42,34214.44,35561.23,0.0
1216,1217.0,2.5994155,4.5979166,41594.453,41602.76,34644.758,0.0
1217,1218.0,1.5660456,1.5980406,39040.633,39047.53,37730.496,0.0
1218,1219.0,2.046261,1.6347262,24871.617,24874.504,24941.273,0.0
1219,1220.0,1.8183318,1.606691,21255.531,21257.594,23900.389,0.0
1220,1221.0,1.7253014,1.609291,30595.635,30600.059,30752.822,0.0
1221,1222.0,3.029182,2.73328,39040.633,39047.53,31987.879,0.0
1222,1223.0,2.3042715,2.541369,36522.797,36528.2,33064.586,0.0
1223,1224.0,1.783507,1.6838866,21255.531,21257.594,24969.016,0.0
1224,1225.0,1.9682492,1.7202818,30595.635,30600.059,28551.959,0.0
1225,1226.0,1.9270772,1.6152971,24871.617,24874.504,25187.914,0.0
1226,1227.0,2.3527303,2.0925422,30595.635,30600.059,27454.268,0.0
1227,1228.0,1.6891226,1.6156353,41369.215,41377.633,37709.58,0.0
1228,1229.0,1.9046464,1.8409781,36252.77,36258.67,33144.336,0.0
1229,1230.0,1.498361,1.5481216,36619.047,36625.016,36952.664,0.0
1230,1231.0,1.9375349,1.8323873,30595.635,30600.059,28637.205,0.0
1231,1232.0,1.6678056,1.580577,34575.7,34580.78,34362.344,0.0
1232,1233.0,2.7700922,2.3517945,28013.062,28016.805,23379.738,0.0
1233,1234.0,1.6023452,1.6916926,27348.637,27352.248,28985.322,0.0
1234,1235.0,1.5537478,1.6199355,39040.633,39047.53,39708.582,0.0
1235,1236.0,1.9038702,1.5132871,21255.531,21257.594,23356.043,0.0
1236,1237.0,1.7795773,1.5994499,36522.797,36528.2,35614.46,0.0
1237,1238.0,2.0468645,1.774261,37242.215,37248.215,44733.516,0.0
1238,1239.0,1.8008624,1.6025648,24871.617,24874.504,27459.285,0.0
1239,1240.0,1.8584257,1.6249887,21255.531,21257.594,25251.197,0.0
1240,1241.0,1.6693441,1.655902,44103.367,44111.855,40703.7,0.0
1241,1242.0,1.8554456,1.6419519,21255.531,21257.594,24857.848,0.0
1242,1243.0,4.489519,8.965205,45532.0,45540.824,33515.117,0.0
1243,1244.0,2.7108011,2.5568764,30595.635,30600.059,26258.7,0.0
1244,1245.0,1.5680048,1.5887341,39040.633,39047.53,37896.785,0.0
1245,1246.0,1.878267,1.6100144,21255.531,21257.594,25281.594,0.0
1246,1247.0,1.8270686,1.5886846,24871.617,24874.504,28612.523,0.0
1247,1248.0,1.6107326,1.5541042,30595.635,30600.059,31174.934,0.0
1248,1249.0,1.8021456,1.7415833,40605.008,40613.22,36349.96,0.0
1249,1250.0,1.4949437,1.5606704,38444.977,38451.77,37985.62,0.0
1250,1251.0,1.5121197,1.636319,40971.28,40979.56,39340.9,0.0
1251,1252.0,4.622567,4.3828187,30595.635,30600.059,23060.078,0.0
1252,1253.0,2.131202,2.019885,41594.453,41602.76,35948.496,0.0
1253,1254.0,1.7496266,1.6014537,36522.797,36528.2,36035.973,0.0
1254,1255.0,1.8467231,1.5895877,24871.617,24874.504,28244.893,0.0
1255,1256.0,8.857414,8.524009,30595.635,30600.059,19778.426,0.0
1256,1257.0,1.8414413,1.5359173,24871.617,24874.504,28108.66,0.0
1257,1258.0,1.5696385,1.5680897,41594.453,41602.76,39403.1,0.0
1258,1259.0,1.7684712,1.6020552,36522.797,36528.2,35930.484,0.0
1259,1260.0,1.6081203,1.5846453,27348.637,27352.248,29484.117,0.0
1260,1261.0,1.5563036,1.5577388,39940.582,39948.664,37925.418,0.0
1261,1262.0,1.620771,1.5835361,30595.635,30600.059,31663.646,0.0
1262,1263.0,2.8474553,2.400687,30595.635,30600.059,26177.533,0.0
1263,1264.0,1.5466665,1.5769287,39040.633,39047.53,38307.273,0.0
1264,1265.0,1.5684947,1.5640681,30595.635,30600.059,32481.656,0.0
1265,1266.0,1.5437974,1.6951013,38444.977,38451.77,36884.1,0.0
1266,1267.0,5.7954783,5.142803,30595.635,30600.059,21812.775,0.0
1267,1268.0,6.5106144,6.8821163,24871.617,24874.504,17502.256,0.0
1268,1269.0,1.5966905,1.5645498,34209.42,34214.44,35667.56,0.0
1269,1270.0,1.6615216,1.5953546,30595.635,30600.059,33350.16,0.0
1270,1271.0,2.0430076,1.7492183,28013.062,28016.805,26782.758,0.0
1271,1272.0,5.785417,4.2763157,21255.531,21257.594,15832.84,0.0
1272,1273.0,1.8006011,1.755541,24871.617,24874.504,28386.84,0.0
1273,1274.0,1.609432,1.5664959,36522.797,36528.2,38447.133,0.0
1274,1275.0,1.5062757,1.539459,45757.234,45765.953,44462.92,0.0
1275,1276.0,6.954027,6.024701,30595.635,30600.059,20959.217,0.0
1276,1277.0,1.9104546,1.6675994,21255.531,21257.594,25188.352,0.0
1277,1278.0,1.5825229,1.5878799,34309.0,34314.08,36647.11,0.0
1278,1279.0,1.6537801,1.5757489,36522.797,36528.2,37270.203,0.0
1279,1280.0,1.5897996,1.62753,37016.98,37023.086,37405.348,0.0
1280,1281.0,2.4250827,3.1538353,30595.635,30600.059,26607.43,0.0
1281,1282.0,4.807019,5.19599,38444.977,38451.77,28680.016,0.0
1282,1283.0,1.5173272,1.5875568,38444.977,38451.77,37836.812,0.0
1283,1284.0,1.5427572,1.5727528,45134.066,45142.75,43203.273,0.0
1284,1285.0,1.4987096,1.5657454,36252.77,36258.67,37240.137,0.0
1285,1286.0,2.8176324,2.8056204,24871.617,24874.504,22852.094,0.0
1286,1287.0,1.7252268,1.7606922,30595.635,30600.059,30661.822,0.0
1287,1288.0,1.6564898,1.5893569,30595.635,30600.059,33236.4,0.0
1288,1289.0,1.5021253,1.5856264,44867.367,44876.047,43905.766,0.0
1289,1290.0,1.4685922,1.5811629,38444.977,38451.77,39476.965,0.0
1290,1291.0,1.5522112,1.590323,27348.637,27352.248,30151.441,0.0
1291,1292.0,1.5718503,1.5884959,30595.635,30600.059,32881.51,0.0
1292,1293.0,1.6961913,1.5860944,30595.635,30600.059,32689.146,0.0
1293,1294.0,1.8804667,1.9401506,38444.977,38451.77,35341.89,0.0
1294,1295.0,1.6050023,1.5777214,34973.633,34978.855,37335.09,0.0
1295,1296.0,2.4065263,2.3702898,45757.234,45765.953,39411.688,0.0
1296,1297.0,1.5192362,1.5806048,37016.98,37023.086,38205.418,0.0
1297,1298.0,1.6695263,1.5796769,36522.797,36528.2,38305.395,0.0
1298,1299.0,1.6543702,1.5912776,30595.635,30600.059,32731.695,0.0
1299,1300.0,1.6546769,1.6009625,30595.635,30600.059,32606.604,0.0
1300,1301.0,1.6968467,1.5955857,36522.797,36528.2,37355.984,0.0
1301,1302.0,1.8224523,1.5821118,24871.617,24874.504,28420.12,0.0
1302,1303.0,1.6580561,1.5746468,36522.797,36528.2,38453.03,0.0
1303,1304.0,1.5630299,1.5751646,30595.635,30600.059,33496.348,0.0
1304,1305.0,1.8285364,1.5900272,24871.617,24874.504,28773.766,0.0
1305,1306.0,1.6149987,1.5866692,35198.867,35203.984,36438.207,0.0
1306,1307.0,1.4929566,1.5757203,45134.066,45142.75,44261.76,0.0
1307,1308.0,1.7037152,1.603243,40971.28,40979.56,38549.207,0.0
1308,1309.0,1.7478702,1.9330974,28112.635,28116.44,28656.064,0.0
1309,1310.0,1.5413326,1.5975741,29002.504,29006.346,31450.955,0.0
1310,1311.0,2.176221,1.5228554,30595.635,30600.059,28520.54,0.0
1311,1312.0,8.093678,4.282236,24871.617,24874.504,16717.729,0.0
1312,1313.0,1.8785703,2.237317,27348.637,27352.248,26001.105,0.0
1313,1314.0,2.3705513,1.9239087,21255.531,21257.594,30424.84,0.0
1314,1315.0,2.83602,2.3572142,44103.367,44111.855,36468.082,0.0
1315,1316.0,1.5620228,1.6212018,36252.77,36258.67,35850.89,0.0
1316,1317.0,3.0353065,2.1553514,24871.617,24874.504,21765.742,0.0
1317,1318.0,2.0054684,1.6280128,28777.27,28781.217,27630.611,0.0
1318,1319.0,3.2825117,2.3141727,39040.633,39047.53,32395.285,0.0
1319,1320.0,2.1014404,3.0267212,40704.582,40712.855,35506.59,0.0
1320,1321.0,1.4925292,1.7091577,44103.367,44111.855,42578.75,0.0
1321,1322.0,2.2805362,4.882487,44867.367,44876.047,39042.734,0.0
1322,1323.0,2.1642046,1.5068132,21255.531,21257.594,23962.477,0.0
1323,1324.0,2.2123165,1.853324,35198.867,35203.984,32058.242,0.0
1324,1325.0,1.6372187,1.5327318,36522.797,36528.2,37206.49,0.0
1325,1326.0,1.7909429,1.7926756,38444.977,38451.77,35405.79,0.0
1326,1327.0,1.5624733,1.5208775,34309.0,34314.08,36286.375,0.0
1327,1328.0,1.7962687,1.7995538,45134.066,45142.75,40847.293,0.0
1328,1329.0,1.7453141,1.5958893,34973.633,34978.855,34419.656,0.0
1329,1330.0,1.509481,1.524363,45757.234,45765.953,43990.496,0.0
1330,1331.0,2.17294,1.8161352,28379.336,28383.145,26429.703,0.0
1331,1332.0,1.5000126,1.5675387,36252.77,36258.67,36655.543,0.0
1332,1333.0,1.681574,1.5743262,39040.633,39047.53,37054.547,0.0
1333,1334.0,1.4442449,1.7106448,39040.633,39047.53,39922.473,0.0
1334,1335.0,3.4211092,2.4430866,24871.617,24874.504,20837.684,0.0
1335,1336.0,1.7146733,1.5751176,30595.635,30600.059,31525.281,0.0
1336,1337.0,3.1315184,2.3288298,28013.062,28016.805,23569.82,0.0
1337,1338.0,1.667169,1.5666795,39040.633,39047.53,37256.344,0.0
1338,1339.0,1.5754353,1.5296327,39040.633,39047.53,38003.008,0.0
1339,1340.0,1.5300568,1.5711042,44103.367,44111.855,42112.797,0.0
1340,1341.0,1.4627866,1.5382329,38444.977,38451.77,38465.797,0.0
1341,1342.0,1.6012069,1.5378305,30595.635,30600.059,32268.414,0.0
1342,1343.0,1.615779,1.5969942,29002.504,29006.346,32333.008,0.0
1343,1344.0,1.9615653,1.5908048,21255.531,21257.594,24204.965,0.0
1344,1345.0,2.476863,1.601694,21255.531,21257.594,20760.23,0.0
1345,1346.0,1.8537053,1.5938157,24871.617,24874.504,27486.545,0.0
1346,1347.0,1.6122464,1.5650878,36522.797,36528.2,38280.383,0.0
1347,1348.0,1.6085129,1.5623606,30595.635,30600.059,31845.229,0.0
1348,1349.0,5.7698965,4.868614,34209.42,34214.44,24867.316,0.0
1349,1350.0,1.682588,1.5557377,30595.635,30600.059,32595.549,0.0
1350,1351.0,1.8370007,1.62158,24871.617,24874.504,28153.91,0.0
1351,1352.0,3.353753,2.2162986,24871.617,24874.504,21205.102,0.0
1352,1353.0,1.6584287,1.5761514,29002.504,29006.346,30898.379,0.0
1353,1354.0,1.6246902,1.5774913,28013.062,28016.805,30456.428,0.0
1354,1355.0,1.404866,1.8453168,45532.0,45540.824,45274.027,0.0
1355,1356.0,2.2155397,1.7937675,30595.635,30600.059,28728.682,0.0
1356,1357.0,1.6248025,2.2462366,30595.635,30600.059,32389.451,0.0
1357,1358.0,1.9384657,2.235477,44767.793,44776.41,51254.25,0.0
1358,1359.0,1.8960416,2.220397,40704.582,40712.855,45883.14,0.0
