,epoch,loss,val_loss,ivw,evw,ivw_ann
0,1.0,1633987.1,1146570.4,40953.55,40979.56,151.78668
1,2.0,210160.69,167072.12,40953.55,40979.56,356.1852
2,3.0,101256.6,102536.0,36511.223,36528.2,447.71213
3,4.0,78907.75,71460.61,39025.855,39047.53,548.2499
4,5.0,45389.42,51459.92,33534.547,33549.883,613.6536
5,6.0,16797.521,38260.543,21251.11,21257.594,585.2722
6,7.0,31931.951,29534.416,38430.42,38451.766,870.73987
7,8.0,13329.233,23143.209,24865.441,24874.504,801.37994
8,9.0,10692.972,18597.271,24865.441,24874.504,896.7766
9,10.0,16540.707,15312.871,38430.42,38451.766,1224.9504
10,11.0,8846.909,12892.742,28104.486,28116.44,1141.7866
11,12.0,11078.705,11109.314,36606.27,36625.016,1424.8057
12,13.0,10624.213,9694.306,39025.855,39047.53,1566.2684
13,14.0,6620.1836,8532.705,30586.148,30600.059,1470.1587
14,15.0,10002.328,7593.4863,44749.33,44776.41,1915.3494
15,16.0,6499.1777,6784.752,35575.99,35594.117,1789.8843
16,17.0,6688.141,6108.337,39025.855,39047.53,1971.6665
17,18.0,5409.5586,5516.8726,36240.137,36258.67,2007.1465
18,19.0,3867.1318,4996.525,30586.148,30600.059,1915.3568
19,20.0,4900.3296,4548.384,38430.42,38451.766,2250.037
20,21.0,4545.035,4149.252,39025.855,39047.53,2382.9553
21,22.0,2927.9814,3788.8516,30586.148,30600.059,2191.624
22,23.0,1471.3229,3464.9614,21251.11,21257.594,1976.3633
23,24.0,2864.903,3182.0696,34298.133,34314.074,2571.239
24,25.0,2681.7085,2922.9795,35187.92,35203.98,2748.9832
25,26.0,3288.6362,2691.595,40587.418,40613.22,2858.9893
26,27.0,3027.1775,2477.4878,40587.418,40613.22,2974.9385
27,28.0,2092.0347,2280.614,35187.92,35203.98,3092.8481
28,29.0,2269.2756,2103.3684,38430.42,38451.766,3256.2373
29,30.0,1889.9565,1939.3657,36511.223,36528.2,3404.676
30,31.0,1379.607,1790.6777,30586.148,30600.059,3128.913
31,32.0,1273.4425,1654.1721,30586.148,30600.059,3247.2378
32,33.0,1176.9601,1529.1499,30586.148,30600.059,3367.969
33,34.0,1087.6874,1413.7969,30586.148,30600.059,3492.4434
34,35.0,1737.9009,1309.4058,44749.33,44776.41,4449.7036
35,36.0,1193.7872,1210.1403,36339.58,36358.31,4128.1045
36,37.0,1385.9653,1120.4065,40686.86,40712.855,4303.9785
37,38.0,1386.6597,1037.1484,44848.77,44876.047,4948.3887
38,39.0,735.5084,958.8051,30586.148,30600.059,4170.4688
39,40.0,977.245,888.3572,39025.855,39047.53,4904.4663
40,41.0,1108.6528,822.70306,45115.465,45142.75,5524.6455
41,42.0,740.6179,760.57886,36511.223,36528.2,5223.955
42,43.0,626.4129,704.26215,34198.69,34214.438,5164.883
43,44.0,635.073,652.02356,36511.223,36528.2,5592.291
44,45.0,461.66498,603.5928,30586.148,30600.059,5122.395
45,46.0,735.85956,559.6438,44085.184,44111.855,6436.726
46,47.0,647.0649,518.0445,40686.86,40712.855,6066.0586
47,48.0,365.3483,478.80045,30586.148,30600.059,5666.464
48,49.0,431.67886,443.43585,36511.223,36528.2,6611.7188
49,50.0,561.82104,410.9611,45738.56,45765.953,7611.1074
50,51.0,413.11133,380.15076,38430.42,38451.766,7014.158
51,52.0,190.8872,351.51318,24865.441,24874.504,5861.003
52,53.0,316.63513,325.40247,36511.223,36528.2,7535.723
53,54.0,228.57088,300.94733,30586.148,30600.059,6895.732
54,55.0,279.77097,278.60168,37229.363,37248.215,8037.019
55,56.0,254.83151,257.6628,36339.58,36358.31,8089.028
56,57.0,180.33745,238.20563,30586.148,30600.059,7590.136
57,58.0,272.656,220.45467,39923.27,39948.664,8562.198
58,59.0,222.40262,203.7187,38430.42,38451.766,9069.466
59,60.0,183.1033,188.22823,36511.223,36528.2,9418.496
60,61.0,131.17728,173.89812,30586.148,30600.059,8605.486
61,62.0,204.31955,160.91136,40587.418,40613.22,9826.183
62,63.0,165.41203,148.62682,39025.855,39047.53,10398.278
63,64.0,150.35077,137.2285,38430.42,38451.766,10585.893
64,65.0,138.91951,126.712875,38430.42,38451.766,10912.968
65,66.0,164.72614,117.14532,45513.098,45540.824,12463.942
66,67.0,104.96347,107.985085,36511.223,36528.2,11663.058
67,68.0,111.552414,99.781105,39025.855,39047.53,12086.842
68,69.0,47.501316,91.94718,24865.441,24874.504,9938.857
69,70.0,93.54009,84.946434,38430.42,38451.766,12656.413
70,71.0,109.97696,78.45779,45115.465,45142.75,14356.6
71,72.0,24.914839,72.17033,21251.11,21257.594,10326.2
72,73.0,86.907646,66.74048,40587.418,40613.22,13614.277
73,74.0,31.140709,61.451885,24865.441,24874.504,11470.534
74,75.0,49.63128,56.670506,34198.69,34214.438,14033.487
75,76.0,38.63578,52.249134,30586.148,30600.059,13371.593
76,77.0,15.910202,48.08454,21251.11,21257.594,11873.639
77,78.0,37.67784,44.38829,33534.547,33549.883,15032.464
78,79.0,46.27146,40.94664,39025.855,39047.53,16476.195
79,80.0,27.683907,37.66597,30586.148,30600.059,14893.083
80,81.0,33.72992,34.699764,36511.223,36528.2,17259.955
81,82.0,10.1202345,31.871216,21251.11,21257.594,13553.144
82,83.0,14.38317,29.36404,24865.441,24874.504,14591.219
83,84.0,19.77368,27.073767,30586.148,30600.059,16500.033
84,85.0,18.192223,24.937634,30586.148,30600.059,16912.13
85,86.0,11.148463,22.94964,24865.441,24874.504,15715.446
86,87.0,6.5089836,21.129637,21251.11,21257.594,15335.239
87,88.0,26.666212,19.531166,40587.418,40613.22,20123.06
88,89.0,13.055996,17.972147,30586.148,30600.059,18606.906
89,90.0,5.0601697,16.5462,21251.11,21257.594,16449.176
90,91.0,14.908672,15.313906,36511.223,36528.2,21984.484
91,92.0,12.543431,14.131028,34564.83,34580.777,21618.072
92,93.0,7.850607,13.035269,28104.486,28116.44,19469.713
93,94.0,11.7642145,12.072876,36511.223,36528.2,23463.123
94,95.0,12.6372175,11.175336,38430.42,38451.766,23792.293
95,96.0,15.087053,10.364402,44749.33,44776.41,26611.795
96,97.0,9.596718,9.602035,36339.58,36358.31,24301.516
97,98.0,6.481545,8.914172,30586.148,30600.059,22520.99
98,99.0,12.107409,8.314312,44749.33,44776.41,28196.496
99,100.0,7.6219354,7.7333813,36240.137,36258.67,25716.197
100,101.0,4.4063625,7.2047863,28104.486,28116.44,22770.156
101,102.0,6.731779,6.747834,37229.363,37248.215,27335.885
102,103.0,3.3399577,6.3105817,24865.441,24874.504,22328.46
103,104.0,3.7278383,5.9360332,28371.18,28383.145,24113.193
104,105.0,3.2793858,5.587363,27340.898,27352.248,23958.447
105,106.0,5.9484577,5.284406,38430.42,38451.766,28924.771
106,107.0,4.394788,4.995833,34198.69,34214.438,28235.838
107,108.0,2.0640154,4.7273626,21251.11,21257.594,22928.236
108,109.0,2.0339777,4.497349,21251.11,21257.594,23228.709
109,110.0,3.2769618,4.302576,30586.148,30600.059,27220.05
110,111.0,2.656022,4.1134076,28005.045,28016.805,26370.453
111,112.0,4.387372,3.9509592,38430.42,38451.766,31258.326
112,113.0,4.2089777,3.7997084,38430.42,38451.766,31595.791
113,114.0,4.119852,3.6646903,39025.855,39047.53,32317.768
114,115.0,4.807315,3.5462334,40587.418,40613.22,31803.96
115,116.0,1.9566634,3.423153,21251.11,21257.594,25066.973
116,117.0,2.6451924,3.3376474,30586.148,30600.059,29248.844
117,118.0,2.993653,3.2552886,34564.83,34580.777,32000.71
118,119.0,4.2913604,3.1855092,40953.55,40979.56,33044.34
119,120.0,4.177667,3.1167562,40953.55,40979.56,33268.363
120,121.0,3.306092,3.0536969,38430.42,38451.766,33712.848
121,122.0,2.5064123,2.9949172,30586.148,30600.059,30229.76
122,123.0,2.4778929,2.9475298,30586.148,30600.059,30399.79
123,124.0,2.1911898,2.9063833,24865.441,24874.504,27689.34
124,125.0,3.7281008,2.8817294,40587.418,40613.22,33909.297
125,126.0,2.1774821,2.838803,24865.441,24874.504,27900.66
126,127.0,2.8379881,2.818495,37003.902,37023.086,34400.598
127,128.0,1.9852734,2.781736,21251.11,21257.594,26769.508
128,129.0,3.5399477,2.7721035,40587.418,40613.22,34365.61
129,130.0,2.739699,2.749732,36511.223,36528.2,35161.36
130,131.0,2.721302,2.731366,36511.223,36528.2,35243.082
131,132.0,2.035941,2.7120812,28005.045,28016.805,29926.576
132,133.0,2.92681,2.7028556,39025.855,39047.53,35576.336
133,134.0,1.9990968,2.6814096,21251.11,21257.594,27124.158
134,135.0,2.6677825,2.6808016,36511.223,36528.2,35475.41
135,136.0,2.1522987,2.6630068,24865.441,24874.504,28547.932
136,137.0,3.3592732,2.6645906,41576.645,41602.76,35766.574
137,138.0,2.8058405,2.655085,38430.42,38451.766,35349.164
138,139.0,2.8531394,2.6460595,39025.855,39047.53,35853.766
139,140.0,2.8451357,2.6393144,39025.855,39047.53,35894.09
140,141.0,2.8395178,2.6356175,39025.855,39047.53,35917.273
141,142.0,2.0092945,2.6228564,21251.11,21257.594,27350.924
142,143.0,2.8302984,2.6277857,39025.855,39047.53,35952.94
143,144.0,2.1464343,2.6173625,24865.441,24874.504,28739.68
144,145.0,2.0447485,2.6176386,28371.18,28383.145,30562.68
145,146.0,2.608386,2.6215591,36511.223,36528.2,35778.297
146,147.0,3.2356362,2.6209874,39923.27,39948.664,34623.25
147,148.0,2.7577796,2.6175814,38430.42,38451.766,35546.887
148,149.0,2.8138578,2.6161716,39025.855,39047.53,35997.473
149,150.0,2.537716,2.611377,37229.363,37248.215,35830.004
150,151.0,2.2847836,2.6075919,30586.148,30600.059,31729.586
151,152.0,3.257144,2.6140916,45738.56,45765.953,39901.676
152,153.0,2.193037,2.6070008,30586.148,30600.059,31742.805
153,154.0,2.2840111,2.6052568,30586.148,30600.059,31736.46
154,155.0,2.1451151,2.6011822,24865.441,24874.504,28807.729
155,156.0,2.284955,2.6050165,30586.148,30600.059,31750.96
156,157.0,2.28394,2.6038907,30586.148,30600.059,31750.125
157,158.0,1.9971423,2.6029563,28005.045,28016.805,30385.986
158,159.0,2.7431731,2.6072166,38430.42,38451.766,35613.203
159,160.0,2.0129912,2.599482,21251.11,21257.594,27448.066
160,161.0,2.005813,2.602462,28994.273,29006.346,31324.758
161,162.0,3.2269723,2.5761158,44848.77,44876.047,39140.113
162,163.0,3.2707777,2.5709682,41351.184,41377.633,35719.633
163,164.0,2.374474,2.5307672,34298.133,34314.074,34423.75
164,165.0,2.2036455,2.4408696,30586.148,30600.059,32697.736
165,166.0,2.9781892,2.4817572,44085.184,44111.855,39373.734
166,167.0,3.1079335,2.5041373,40953.55,40979.56,35870.777
167,168.0,2.7011635,2.5425584,39025.855,39047.53,36337.516
168,169.0,1.9938668,2.4994044,28104.486,28116.44,30601.977
169,170.0,2.6808724,2.505568,39025.855,39047.53,36263.37
170,171.0,1.9774721,2.5474231,21251.11,21257.594,26869.59
171,172.0,1.9603255,2.5057864,28994.273,29006.346,31049.07
172,173.0,2.4236524,2.4946725,36240.137,36258.67,34621.508
173,174.0,2.563695,2.4313157,38430.42,38451.766,34976.484
174,175.0,2.2389104,2.1634488,38430.42,38451.766,36160.254
175,176.0,1.9743906,2.0217524,36240.137,36258.67,35208.098
176,177.0,1.7670926,1.7955489,38430.42,38451.766,37544.914
177,178.0,1.7217817,1.7036844,36606.27,36625.016,34924.78
178,179.0,1.682496,3.4145064,38430.42,38451.766,36615.32
179,180.0,2.0933237,1.622851,24865.441,24874.504,27186.773
180,181.0,1.5778562,1.6998439,27340.898,27352.248,31408.691
181,182.0,1.5028336,1.47336,36240.137,36258.67,37490.016
182,183.0,1.8030194,1.7640079,39025.855,39047.53,36676.375
183,184.0,1.6594638,1.7360172,28005.045,28016.805,31983.201
184,185.0,2.4484723,2.887909,30586.148,30600.059,29738.555
185,186.0,2.1019151,1.9625746,37229.363,37248.215,37516.23
186,187.0,1.827283,1.7624084,39923.27,39948.664,38188.613
187,188.0,1.7408327,1.3754944,30586.148,30600.059,34371.906
188,189.0,3.6405554,2.8781128,24865.441,24874.504,22787.965
189,190.0,1.910951,1.515674,36240.137,36258.67,37659.934
190,191.0,2.7123475,2.603318,41351.184,41377.633,38491.523
191,192.0,2.2103026,1.9956188,36511.223,36528.2,36223.543
192,193.0,4.2059517,2.1753817,21251.11,21257.594,18968.508
193,194.0,2.8868582,2.6287692,33534.547,33549.883,32676.768
194,195.0,2.711194,2.5794458,39025.855,39047.53,37258.01
195,196.0,3.3707933,3.3343754,45738.56,45765.953,42028.555
196,197.0,2.4274304,2.3153076,30586.148,30600.059,32276.594
197,198.0,1.9291608,2.6654215,39025.855,39047.53,36693.766
198,199.0,2.9817784,3.0405033,41576.645,41602.76,37730.23
199,200.0,2.1376846,2.4299307,40686.86,40712.855,38653.1
200,201.0,4.559843,2.0214953,36511.223,36528.2,33826.855
201,202.0,2.5991452,2.366704,39025.855,39047.53,38490.84
202,203.0,2.6570883,2.372629,30586.148,30600.059,31070.227
203,204.0,1.7928053,1.7906737,45115.465,45142.75,44724.164
204,205.0,6.8781376,4.6568313,24865.441,24874.504,23271.055
205,206.0,6.3851743,3.8553195,28005.045,28016.805,27891.53
206,207.0,3.4016023,1.3489568,30586.148,30600.059,31584.809
207,208.0,2.2678235,2.650992,36511.223,36528.2,36696.434
208,209.0,3.620297,3.0405066,28005.045,28016.805,28080.15
209,210.0,1.161829,10.453864,38430.42,38451.766,39602.86
210,211.0,3.5744548,3.717993,40686.86,40712.855,38133.61
211,212.0,3.8601046,3.1267893,36339.58,36358.31,36009.516
212,213.0,5.8101273,5.738611,28104.486,28116.44,25861.773
213,214.0,1.2128493,2.6674495,39025.855,39047.53,39863.68
214,215.0,3.952136,3.6560063,30586.148,30600.059,30410.232
215,216.0,1.8819166,2.0027432,34564.83,34580.777,34886.633
216,217.0,2.151316,5.1279826,36240.137,36258.67,34291.492
217,218.0,4.505375,3.6281383,39025.855,39047.53,38292.934
218,219.0,1.687301,1.3762653,38430.42,38451.766,38496.844
219,220.0,1.4533616,3.1933358,28005.045,28016.805,29183.473
220,221.0,1.8666666,1.5606396,34564.83,34580.777,35267.043
221,222.0,9.149319,7.0322404,38430.42,38451.766,37197.13
222,223.0,2.5688505,3.0445282,24865.441,24874.504,25179.451
223,224.0,4.1629415,5.0872087,45115.465,45142.75,43912.67
224,225.0,1.3203034,1.2940247,38430.42,38451.766,38291.715
225,226.0,3.3733215,2.402255,30586.148,30600.059,30969.166
226,227.0,6.5664377,5.109727,38430.42,38451.766,36871.31
227,228.0,1.5398962,1.2852165,30586.148,30600.059,31628.896
228,229.0,1.2669241,2.9526632,45738.56,45765.953,47309.61
229,230.0,2.1623924,1.5107286,21251.11,21257.594,21798.697
230,231.0,3.0719178,1.8727027,30586.148,30600.059,31387.434
231,232.0,1.3202789,8.052863,34298.133,34314.074,34153.652
232,233.0,2.5022333,2.2828465,40953.55,40979.56,38998.156
233,234.0,1.6646367,1.960743,45115.465,45142.75,44418.992
234,235.0,2.405035,1.3673121,38430.42,38451.766,36668.87
235,236.0,2.030766,7.719886,36511.223,36528.2,34559.04
236,237.0,4.1878896,2.0733957,30586.148,30600.059,30298.268
237,238.0,1.7664458,1.9484577,36339.58,36358.31,36578.17
238,239.0,5.8715124,4.15888,45513.098,45540.824,43872.984
239,240.0,2.106922,1.2380383,24865.441,24874.504,26192.582
240,241.0,2.0711033,4.2551913,28768.809,28781.217,28615.09
241,242.0,1.789175,5.2761006,36511.223,36528.2,35803.36
242,243.0,3.8619487,2.4945939,30586.148,30600.059,30286.773
243,244.0,7.7034354,8.212944,24865.441,24874.504,22503.904
244,245.0,2.8704836,1.3993318,37003.902,37023.086,36983.516
245,246.0,4.061541,1.6138718,30586.148,30600.059,30667.867
246,247.0,1.5195061,3.9408598,24865.441,24874.504,24839.186
247,248.0,1.9791827,1.1099044,36511.223,36528.2,36333.945
248,249.0,3.8320203,1.1501052,30586.148,30600.059,30167.646
249,250.0,2.374637,1.5323021,41576.645,41602.76,39743.36
250,251.0,2.2957096,1.1421084,30586.148,30600.059,30845.928
251,252.0,1.5247331,1.4691964,34962.457,34978.85,36329.613
252,253.0,1.013241,2.8004684,44848.77,44876.047,44811.703
253,254.0,1.4033475,1.4959768,44848.77,44876.047,44248.2
254,255.0,2.4194138,1.8432031,21251.11,21257.594,21633.527
255,256.0,1.7295932,1.5186491,34564.83,34580.777,34853.777
256,257.0,2.0235472,1.6371155,24865.441,24874.504,26420.154
257,258.0,3.52925,2.3679729,45738.56,45765.953,43515.543
258,259.0,1.9422803,2.7626178,28005.045,28016.805,26960.47
259,260.0,1.3499773,1.1708506,38430.42,38451.766,39456.848
260,261.0,1.2288156,1.9075856,34198.69,34214.438,34606.035
261,262.0,1.6507167,6.1800466,35187.92,35203.98,34102.797
262,263.0,2.9888577,2.835191,38430.42,38451.766,38071.465
263,264.0,1.512093,1.7961873,34198.69,34214.438,36051.086
264,265.0,1.2074858,6.4799056,36511.223,36528.2,36430.273
265,266.0,7.3380837,3.1974506,40587.418,40613.22,38900.824
266,267.0,2.9550257,3.30661,34564.83,34580.777,33707.223
267,268.0,4.547901,4.3848634,24865.441,24874.504,23581.77
268,269.0,1.717934,1.1716186,30586.148,30600.059,31101.33
269,270.0,3.9413135,1.2645379,44749.33,44776.41,44464.48
270,271.0,5.2895164,7.795784,40686.86,40712.855,39147.633
271,272.0,2.7192202,1.8448892,30586.148,30600.059,30524.621
272,273.0,2.3945518,1.2598417,21251.11,21257.594,22162.8
273,274.0,2.5722725,1.4337394,36240.137,36258.67,36561.086
274,275.0,3.0613375,1.5324117,39025.855,39047.53,38804.227
275,276.0,1.3225431,2.1148143,28104.486,28116.44,29715.46
276,277.0,1.0328321,1.2330352,36240.137,36258.67,37310.582
277,278.0,6.3009505,2.0792775,30586.148,30600.059,29805.982
278,279.0,1.4864722,3.2865577,24865.441,24874.504,24467.08
279,280.0,2.3675692,2.0306978,34198.69,34214.438,34097.8
280,281.0,3.8795836,3.164875,44749.33,44776.41,43529.133
281,282.0,1.5693631,1.1322249,40686.86,40712.855,39874.71
282,283.0,15.92179,5.1419735,36606.27,36625.016,34283.977
283,284.0,1.8350095,1.2347894,21251.11,21257.594,22040.758
284,285.0,8.9739065,8.9586525,21251.11,21257.594,14614.705
285,286.0,2.8937187,3.6041052,40587.418,40613.22,39693.363
286,287.0,1.8080205,1.3699915,36511.223,36528.2,36583.363
287,288.0,4.7993784,4.5848713,30586.148,30600.059,28881.717
288,289.0,3.831593,1.0982143,28005.045,28016.805,26292.79
289,290.0,7.4120617,6.195252,39025.855,39047.53,37134.13
290,291.0,4.0385127,6.8969913,36511.223,36528.2,34299.93
291,292.0,8.60327,7.0693717,38430.42,38451.766,36118.13
292,293.0,6.7731047,9.9367695,41351.184,41377.633,38417.52
293,294.0,3.1322584,4.033299,36511.223,36528.2,35614.32
294,295.0,1.3943596,1.1054579,30586.148,30600.059,32232.139
295,296.0,7.3589764,8.102019,40686.86,40712.855,38451.43
296,297.0,5.247833,3.8162024,39025.855,39047.53,38844.42
297,298.0,1.2712274,1.0838975,36511.223,36528.2,36878.047
298,299.0,1.1158437,1.4667246,27340.898,27352.248,27559.742
299,300.0,9.592257,11.872372,24865.441,24874.504,22020.617
300,301.0,5.381301,5.3556995,40587.418,40613.22,39184.312
301,302.0,0.89984536,0.9839752,38430.42,38451.766,38534.32
302,303.0,2.4815488,7.8694577,21251.11,21257.594,20455.508
303,304.0,1.1696364,14.0962305,37003.902,37023.086,35421.71
304,305.0,1.1048237,1.1095853,45115.465,45142.75,45869.27
305,306.0,7.937422,4.1428394,44085.184,44111.855,43284.09
306,307.0,1.3999075,1.204609,36511.223,36528.2,36834.973
307,308.0,75.93218,3.8363435,38430.42,38451.766,35848.344
308,309.0,2.4642694,1.1434436,28371.18,28383.145,28109.023
309,310.0,0.8838448,0.98646027,38430.42,38451.766,38772.53
310,311.0,1.4928364,1.1408106,38430.42,38451.766,38486.855
311,312.0,1.3207641,0.93717396,28994.273,29006.346,29116.451
312,313.0,3.6979473,1.1612153,30586.148,30600.059,31299.344
313,314.0,0.97824085,3.1246278,40587.418,40613.22,39506.008
314,315.0,2.377907,0.90821445,28104.486,28116.44,27570.355
315,316.0,2.5030751,1.0216802,30586.148,30600.059,31212.049
316,317.0,2.178949,0.95185447,28371.18,28383.145,28781.879
317,318.0,2.83564,1.0722588,30586.148,30600.059,31668.732
318,319.0,0.7180078,7.0311155,44085.184,44111.855,44020.957
319,320.0,1.6448646,3.7430997,30586.148,30600.059,30504.16
320,321.0,10.968,9.920694,24865.441,24874.504,23328.396
321,322.0,1.2571018,1.6977623,28005.045,28016.805,31154.152
322,323.0,2.1459544,1.7634015,24865.441,24874.504,32910.973
323,324.0,1.5385079,1.4819999,28104.486,28116.44,30032.617
324,325.0,1.5519735,4.1640606,36511.223,36528.2,36514.676
325,326.0,2.1654835,1.566423,39923.27,39948.664,37892.69
326,327.0,1.9804742,2.1896772,24865.441,24874.504,25889.877
327,328.0,2.837625,1.7617708,28005.045,28016.805,25709.512
328,329.0,2.0878093,1.6853546,21251.11,21257.594,22438.336
329,330.0,2.2799654,1.9858006,24865.441,24874.504,25537.787
330,331.0,2.3052323,2.1467903,28768.809,28781.217,28927.104
331,332.0,3.0145936,1.7067575,38430.42,38451.766,37030.18
332,333.0,1.5506152,2.5509796,28994.273,29006.346,30223.312
333,334.0,3.802717,2.0006242,38430.42,38451.766,35307.492
334,335.0,2.1086168,1.941633,27340.898,27352.248,27711.254
335,336.0,342.52158,392.58557,44749.33,44776.41,38509.99
336,337.0,3.709059,3.0473018,36240.137,36258.67,36867.137
337,338.0,2.1968431,1.3936769,28994.273,29006.346,29642.07
338,339.0,10.32814,6.808843,30586.148,30600.059,29250.086
339,340.0,0.86682314,8.376082,41351.184,41377.633,39971.23
340,341.0,1.6082704,1.2105669,30586.148,30600.059,31478.174
341,342.0,1.6567023,1.0607191,21251.11,21257.594,23370.92
342,343.0,3.0801842,1.2125006,39025.855,39047.53,38973.25
343,344.0,24.251333,23.295937,30586.148,30600.059,27729.438
344,345.0,3.6851857,3.441785,24865.441,24874.504,25584.105
345,346.0,1.0561266,3.2953143,39025.855,39047.53,39426.957
346,347.0,4.1708164,4.6635547,28994.273,29006.346,27483.105
347,348.0,1.9754314,1.0226833,36511.223,36528.2,36985.484
348,349.0,0.93769956,0.9195956,39025.855,39047.53,39508.3
349,350.0,1.7481451,1.4590213,21251.11,21257.594,22472.51
350,351.0,1.0650392,2.0660846,39923.27,39948.664,38662.89
351,352.0,1.3293867,1.0612425,30586.148,30600.059,31615.004
352,353.0,2.8763125,2.8133767,30586.148,30600.059,30201.852
353,354.0,1.3037455,1.4361125,38430.42,38451.766,38493.598
354,355.0,2.764653,1.996557,45115.465,45142.75,43689.406
355,356.0,6.017586,6.685293,27340.898,27352.248,26003.36
356,357.0,3.6569316,5.4907546,40587.418,40613.22,39378.727
357,358.0,3.2682848,4.8155766,35187.92,35203.98,33927.582
358,359.0,3.6013324,3.567735,30586.148,30600.059,29660.188
359,360.0,3.1154625,2.9708843,21251.11,21257.594,21170.258
360,361.0,2.1699793,2.5518923,40953.55,40979.56,40519.2
361,362.0,1.362143,1.1089422,36511.223,36528.2,36734.613
362,363.0,7.764536,3.0950556,21251.11,21257.594,20525.508
363,364.0,2.494708,1.0483478,21251.11,21257.594,22894.1
364,365.0,6.9200683,1.1710514,39025.855,39047.53,38065.85
365,366.0,4.4127097,0.92038983,38430.42,38451.766,37514.723
366,367.0,6.6042137,5.0336194,30586.148,30600.059,30324.799
367,368.0,0.97267437,1.1639171,28994.273,29006.346,29493.996
368,369.0,0.7787945,10.438754,39025.855,39047.53,38502.227
369,370.0,10.642752,10.098417,21251.11,21257.594,19505.121
370,371.0,1.1895149,1.1096969,34198.69,34214.438,34949.547
371,372.0,6.3902593,1.9361845,30586.148,30600.059,29818.91
372,373.0,1.3452526,1.003307,24865.441,24874.504,26458.645
373,374.0,0.6712202,7.719529,40587.418,40613.22,39377.953
374,375.0,1.0795074,0.9330937,36511.223,36528.2,36583.176
375,376.0,1.2408034,1.0362254,30586.148,30600.059,31651.705
376,377.0,1.7282457,1.1092529,21251.11,21257.594,23022.055
377,378.0,5.2531013,5.7643204,40953.55,40979.56,39701.676
378,379.0,1.1778777,0.9718383,38430.42,38451.766,38355.094
379,380.0,3.2414138,1.8856528,37003.902,37023.086,36536.727
380,381.0,2.2814054,1.6809247,24865.441,24874.504,34982.406
381,382.0,1.5051728,1.2804619,28994.273,29006.346,29535.701
382,383.0,1.2542285,1.053598,28768.809,28781.217,29872.041
383,384.0,5.0695157,6.981128,28371.18,28383.145,27266.379
384,385.0,5.364688,5.1774974,30586.148,30600.059,29240.754
385,386.0,1.1866763,1.0311437,30586.148,30600.059,30639.607
386,387.0,0.86020744,2.8319263,40587.418,40613.22,40317.05
387,388.0,2.6056318,4.0853114,34962.457,34978.85,34214.516
388,389.0,1.1996274,1.5558496,36511.223,36528.2,36871.348
389,390.0,1.5506952,1.8788733,35187.92,35203.98,34952.82
390,391.0,4.5756936,3.577391,30586.148,30600.059,29628.258
391,392.0,3.0953307,1.3823944,39025.855,39047.53,38257.54
392,393.0,2.9936612,1.1498594,36511.223,36528.2,35847.895
393,394.0,1.2487149,0.94148797,30586.148,30600.059,31432.59
394,395.0,9.767795,1.7356402,39025.855,39047.53,38426.17
395,396.0,2.289548,1.8440077,41576.645,41602.76,40833.0
396,397.0,13.199903,9.432417,21251.11,21257.594,19566.902
397,398.0,2.3545408,0.92169994,34298.133,34314.074,34071.145
398,399.0,1.2333219,0.9020909,21251.11,21257.594,22762.781
399,400.0,3.2398558,1.239992,36511.223,36528.2,36339.066
400,401.0,4.487337,5.9651012,34198.69,34214.438,32855.188
401,402.0,0.6339023,0.68348753,39025.855,39047.53,39221.234
402,403.0,0.7256767,0.9251246,39025.855,39047.53,39771.78
403,404.0,12.455088,11.765853,39025.855,39047.53,37151.71
404,405.0,0.76701784,5.6199093,39025.855,39047.53,39721.14
405,406.0,1.0457413,0.99325585,38430.42,38451.766,38476.094
406,407.0,3.0136266,2.9785168,28104.486,28116.44,27393.115
407,408.0,6.351343,4.625875,24865.441,24874.504,23974.473
408,409.0,0.9038871,0.7905354,34962.457,34978.85,34785.863
409,410.0,0.8259709,0.8720937,44848.77,44876.047,44366.434
410,411.0,9.107666,9.1168785,36511.223,36528.2,35716.418
411,412.0,1.3204645,0.8521776,24865.441,24874.504,25873.332
412,413.0,6.8867364,1.0137675,35575.99,35594.117,34420.848
413,414.0,1.2444063,0.94577163,38430.42,38451.766,38614.562
414,415.0,0.85105777,21.80895,36240.137,36258.67,35788.582
415,416.0,0.69936925,0.87979853,41576.645,41602.76,41785.8
416,417.0,0.762359,17.441923,39025.855,39047.53,38651.64
417,418.0,4.5830774,1.0375367,39025.855,39047.53,38263.332
418,419.0,10.212445,15.46647,28994.273,29006.346,28477.488
419,420.0,0.84188247,1.2237755,44085.184,44111.855,43766.7
420,421.0,13.552741,19.829878,30586.148,30600.059,28822.307
421,422.0,0.6194283,0.62891185,38430.42,38451.766,38918.043
422,423.0,1.7821833,1.2496972,39025.855,39047.53,39534.062
423,424.0,0.83792454,0.91652286,37003.902,37023.086,36956.79
424,425.0,9.695255,3.66162,36240.137,36258.67,35226.707
425,426.0,1.6567895,1.0779237,36240.137,36258.67,36288.203
426,427.0,7.8314776,0.86142725,36511.223,36528.2,34949.15
427,428.0,18.055336,20.41263,36511.223,36528.2,34906.664
428,429.0,0.68064046,1.3733416,44848.77,44876.047,44873.016
429,430.0,22.414726,24.227215,21251.11,21257.594,18788.988
430,431.0,12.336061,13.931273,28005.045,28016.805,27085.143
431,432.0,9.777173,8.244384,45513.098,45540.824,43900.207
432,433.0,3.1652145,1.3251238,21251.11,21257.594,22145.922
433,434.0,2.1723962,2.4026384,30586.148,30600.059,29978.053
434,435.0,1.3627276,3.0466392,40953.55,40979.56,40839.32
435,436.0,0.94423985,0.89880943,34962.457,34978.85,34845.184
436,437.0,8.52333,21.218803,28371.18,28383.145,27228.871
437,438.0,1.0733533,1.2538497,30586.148,30600.059,31224.535
438,439.0,1.0702527,1.9745979,36511.223,36528.2,36309.336
439,440.0,3.6632817,0.9587767,30586.148,30600.059,30334.871
440,441.0,4.060813,0.98161614,30586.148,30600.059,30304.727
441,442.0,0.7871022,0.9231169,44085.184,44111.855,44116.51
442,443.0,14.942135,16.242943,28994.273,29006.346,27734.068
443,444.0,8.110087,7.47051,38430.42,38451.766,37508.66
444,445.0,0.8371136,0.76537377,36240.137,36258.67,36397.72
445,446.0,1.0471911,7.244974,30586.148,30600.059,31134.607
446,447.0,9.2122,10.544933,36240.137,36258.67,35049.414
447,448.0,5.180987,7.758728,36511.223,36528.2,35007.523
448,449.0,0.945887,0.88309854,36511.223,36528.2,36709.57
449,450.0,0.7176803,0.7080757,36511.223,36528.2,36716.15
450,451.0,2.7697928,1.5374883,30586.148,30600.059,31650.492
451,452.0,1.1277474,1.1498113,30586.148,30600.059,32484.295
452,453.0,0.8912378,3.3945963,35575.99,35594.117,36076.504
453,454.0,9.301454,7.5958347,44848.77,44876.047,43864.98
454,455.0,0.91146255,0.89066327,28104.486,28116.44,28821.94
455,456.0,1.4760332,7.4937286,30586.148,30600.059,29905.041
456,457.0,11.635662,11.347073,28371.18,28383.145,25964.156
457,458.0,0.9846152,0.9128081,33534.547,33549.883,33798.285
458,459.0,9.384501,9.637413,38430.42,38451.766,37062.797
459,460.0,4.6806602,4.1015754,38430.42,38451.766,37751.473
460,461.0,7.7464542,1.3018283,28768.809,28781.217,27724.258
461,462.0,0.7460237,0.7761944,37229.363,37248.215,36903.645
462,463.0,8.711048,10.747124,28371.18,28383.145,26928.873
463,464.0,1.0543113,0.94422543,27340.898,27352.248,27871.025
464,465.0,1.4355333,11.154015,28371.18,28383.145,28333.066
465,466.0,0.79827315,0.8309868,39025.855,39047.53,39001.68
466,467.0,1.1211019,1.7998376,30586.148,30600.059,31395.219
467,468.0,1.5490966,3.4534721,44749.33,44776.41,43913.305
468,469.0,164.70074,9.131428,28104.486,28116.44,25599.945
469,470.0,0.93568015,2.8802366,45513.098,45540.824,45594.082
470,471.0,0.7958524,0.95335186,44848.77,44876.047,44976.414
471,472.0,1.4835522,1.4361112,21251.11,21257.594,21716.773
472,473.0,2.0437737,1.3402195,38430.42,38451.766,37816.72
473,474.0,1.1149842,0.9597627,39025.855,39047.53,38832.375
474,475.0,15.395092,8.71711,37003.902,37023.086,36062.176
475,476.0,0.8688339,0.73880064,34962.457,34978.85,35135.35
476,477.0,1.710976,0.96478665,28005.045,28016.805,28318.58
477,478.0,1.2854332,6.6783805,44749.33,44776.41,43994.19
478,479.0,4.054259,0.8359202,30586.148,30600.059,30926.459
479,480.0,0.8449708,0.8508949,34198.69,34214.438,34388.176
480,481.0,5.2776394,1.5401818,38430.42,38451.766,37972.953
481,482.0,5.3042808,2.9131,30586.148,30600.059,30147.258
482,483.0,0.9047582,0.9803079,37003.902,37023.086,37328.85
483,484.0,1.7329965,0.9928353,30586.148,30600.059,30734.389
484,485.0,6.908541,0.8262979,38430.42,38451.766,37670.44
485,486.0,0.81611997,9.389073,45115.465,45142.75,44826.086
486,487.0,0.75111234,0.9122962,38430.42,38451.766,38098.79
487,488.0,3.5249288,10.249903,36339.58,36358.31,34471.867
488,489.0,8.585567,1.0595824,30586.148,30600.059,30459.273
489,490.0,271.66037,17.695526,28768.809,28781.217,27562.754
490,491.0,0.82131445,0.89472336,36240.137,36258.67,36753.746
491,492.0,1.9681582,0.6355455,24865.441,24874.504,24841.008
492,493.0,1.6507926,1.2435273,30586.148,30600.059,33200.203
493,494.0,12.044124,10.687166,30586.148,30600.059,29408.768
494,495.0,0.7253382,0.8630475,45513.098,45540.824,45713.336
495,496.0,0.8775057,0.7839658,33534.547,33549.883,33848.86
496,497.0,1.5046177,1.0930716,30586.148,30600.059,31298.424
497,498.0,3.6421824,1.4101343,30586.148,30600.059,31264.82
498,499.0,0.9881122,0.83464575,36511.223,36528.2,36216.164
499,500.0,0.8967407,21.249037,39025.855,39047.53,38569.24
500,501.0,9.840148,1.1081707,28994.273,29006.346,28553.629
501,502.0,0.98406357,0.9019169,34564.83,34580.777,34304.215
502,503.0,1.2853081,3.7045984,21251.11,21257.594,22000.305
503,504.0,2.5434852,1.1566014,24865.441,24874.504,25061.592
504,505.0,1.4141307,0.9491362,21251.11,21257.594,22746.164
505,506.0,13.363792,18.712585,36511.223,36528.2,34895.965
506,507.0,3.6563144,4.0944996,28005.045,28016.805,27366.63
507,508.0,4.5996327,3.999763,39025.855,39047.53,38297.453
508,509.0,2.5094798,5.81722,34198.69,34214.438,33393.715
509,510.0,7.136502,3.631568,21251.11,21257.594,20135.307
510,511.0,1.2958741,0.98946637,36511.223,36528.2,36374.184
511,512.0,6.4819465,4.2079,24865.441,24874.504,23924.898
512,513.0,2.2282305,1.8085297,28005.045,28016.805,27648.002
513,514.0,1.0863632,0.9305003,30586.148,30600.059,31346.727
514,515.0,6.116206,1.3024013,30586.148,30600.059,30180.555
515,516.0,1.1658844,0.70506126,21251.11,21257.594,21482.168
516,517.0,0.79286826,1.6450615,44749.33,44776.41,44976.38
517,518.0,2.164439,0.7422312,21251.11,21257.594,21699.049
518,519.0,1.7435167,1.4249505,34198.69,34214.438,32666.656
519,520.0,4.486481,0.96726966,21251.11,21257.594,19615.672
520,521.0,1.1769674,1.4062018,44749.33,44776.41,46883.48
521,522.0,1.5862781,1.5123056,36511.223,36528.2,38739.734
522,523.0,1.7102858,1.4154334,24865.441,24874.504,26619.828
523,524.0,1.6325426,1.3247552,21251.11,21257.594,23330.541
524,525.0,2.3767695,1.4683894,24865.441,24874.504,24904.883
525,526.0,1.4635973,3.9934955,28768.809,28781.217,28843.615
526,527.0,1.7286133,1.4679304,21251.11,21257.594,23723.348
527,528.0,1.7831192,1.6216173,21251.11,21257.594,22325.42
528,529.0,1.3858544,1.6748282,30586.148,30600.059,31098.29
529,530.0,1.6156311,1.1989046,21251.11,21257.594,23209.74
530,531.0,1.4116281,1.4032758,34198.69,34214.438,34937.996
531,532.0,1.9008636,1.8332694,39025.855,39047.53,38561.0
532,533.0,1.1809685,1.3890207,39025.855,39047.53,39332.58
533,534.0,1.6360883,1.2887971,21251.11,21257.594,23485.045
534,535.0,17.10238,4.0555744,34198.69,34214.438,32001.455
535,536.0,3.0150614,6.7504373,37229.363,37248.215,35044.082
536,537.0,1.6849161,1.3846986,24865.441,24874.504,26651.875
537,538.0,4.09444,2.1907775,24865.441,24874.504,23949.227
538,539.0,3.8882167,5.629356,24865.441,24874.504,25138.674
539,540.0,3.3821368,3.1771765,34198.69,34214.438,32469.344
540,541.0,320.77597,46.214127,38430.42,38451.766,33354.082
541,542.0,3.252512,3.7905774,37229.363,37248.215,36972.703
542,543.0,3.4580393,3.6569986,24865.441,24874.504,24433.898
543,544.0,2.8185296,3.1831448,44848.77,44876.047,43877.957
544,545.0,1.8598657,2.4581344,36511.223,36528.2,36318.293
545,546.0,1.27176,1.1658337,28005.045,28016.805,29318.316
546,547.0,1.0949765,1.1522912,35187.92,35203.98,35513.223
547,548.0,0.9816768,1.0416412,39025.855,39047.53,39602.21
548,549.0,0.7643645,19.460068,45513.098,45540.824,44336.027
549,550.0,6.3790483,6.283726,38430.42,38451.766,37356.137
550,551.0,1.0425961,1.5374749,44085.184,44111.855,44511.13
551,552.0,1.48704,2.410094,21251.11,21257.594,21052.84
552,553.0,12.733877,2.6118493,24865.441,24874.504,24433.975
553,554.0,0.8777727,1.3671281,44848.77,44876.047,44753.824
554,555.0,0.9402806,0.8743303,39025.855,39047.53,39615.68
555,556.0,0.7956563,7.9242435,38430.42,38451.766,39065.832
556,557.0,1.5651051,1.3446578,28005.045,28016.805,32573.889
557,558.0,1.6626048,1.383742,21251.11,21257.594,22841.621
558,559.0,3.6660945,4.2000294,38430.42,38451.766,37915.24
559,560.0,7.812658,1.7573202,36511.223,36528.2,36235.59
560,561.0,1.2080188,2.3542533,44848.77,44876.047,43741.594
561,562.0,0.9323706,0.9200309,27340.898,27352.248,27678.264
562,563.0,0.89762425,1.1783347,40587.418,40613.22,40105.07
563,564.0,0.99885356,0.86172915,34298.133,34314.074,34045.71
564,565.0,0.971841,1.102344,39025.855,39047.53,38255.418
565,566.0,4.6682796,3.2025533,28005.045,28016.805,26933.518
566,567.0,0.79471874,0.9445087,38430.42,38451.766,37876.3
567,568.0,15.4751,14.139173,36511.223,36528.2,33915.582
568,569.0,2.5437758,1.2597826,39025.855,39047.53,37993.22
569,570.0,1.4151735,1.1429491,30586.148,30600.059,31428.152
570,571.0,0.8036612,0.9209821,40587.418,40613.22,38912.316
571,572.0,1.2185769,9.493264,36511.223,36528.2,36175.53
572,573.0,1.4942098,1.1934165,21251.11,21257.594,22519.064
573,574.0,3.3742478,77.895256,34298.133,34314.074,31421.152
574,575.0,1.4350877,1.6358265,38430.42,38451.766,39695.234
575,576.0,1.7316513,1.3728348,24865.441,24874.504,26739.855
576,577.0,4.9649973,4.8848314,21251.11,21257.594,20905.857
577,578.0,1.6291616,2.2677052,21251.11,21257.594,22178.36
578,579.0,1.0993053,0.94578254,28371.18,28383.145,28951.457
579,580.0,1.0532088,1.043631,44085.184,44111.855,43981.93
580,581.0,2.0148957,4.0282016,28104.486,28116.44,28666.602
581,582.0,0.8197415,0.9997175,44848.77,44876.047,44081.516
582,583.0,5.1300063,3.6807127,41351.184,41377.633,39892.95
583,584.0,1.4944003,6.4213996,21251.11,21257.594,21513.596
584,585.0,2.1016858,0.9860483,38430.42,38451.766,37568.17
585,586.0,1.5504227,3.8726218,28005.045,28016.805,28735.186
586,587.0,0.94845307,0.8904491,39025.855,39047.53,39118.188
587,588.0,0.8258141,0.92203194,36339.58,36358.31,36646.69
588,589.0,0.68077403,0.7649558,39025.855,39047.53,39013.363
589,590.0,1.0076072,1.325591,45115.465,45142.75,43825.33
590,591.0,0.91545093,1.1034846,38430.42,38451.766,37691.81
591,592.0,5.5923243,1.3942409,30586.148,30600.059,30396.902
592,593.0,1.8594513,1.4899935,34298.133,34314.074,35821.645
593,594.0,1.6728812,1.5289311,39923.27,39948.664,38148.754
594,595.0,1.416934,1.0107548,21251.11,21257.594,23255.496
595,596.0,1.3970811,1.6154703,30586.148,30600.059,31972.656
596,597.0,2.5011816,2.3387039,24865.441,24874.504,25508.305
597,598.0,0.78937125,1.8206495,40587.418,40613.22,38953.83
598,599.0,7.9478817,6.973197,36339.58,36358.31,35503.227
599,600.0,0.7833702,8.250129,40587.418,40613.22,38809.086
600,601.0,1.4009163,1.1368375,30586.148,30600.059,30973.291
601,602.0,1.0069815,1.3442223,36511.223,36528.2,36660.76
602,603.0,12.362648,9.16407,38430.42,38451.766,35815.0
603,604.0,1.0139501,4.654821,44085.184,44111.855,43174.844
604,605.0,0.8157706,0.8259642,39025.855,39047.53,38418.08
605,606.0,1.1684705,1.388598,41576.645,41602.76,41070.562
606,607.0,1.2640616,2.7300963,40686.86,40712.855,39846.938
607,608.0,1.6288891,1.8027352,36511.223,36528.2,36275.977
608,609.0,1.9620391,1.8829863,44848.77,44876.047,42068.383
609,610.0,2.5858657,1.7371196,24865.441,24874.504,25931.523
610,611.0,1.8775728,1.2643334,33534.547,33549.883,33143.215
611,612.0,8.229921,9.396046,30586.148,30600.059,28225.53
612,613.0,1.6501963,1.578098,39025.855,39047.53,42662.24
613,614.0,2.0518184,1.2853458,36511.223,36528.2,34923.887
614,615.0,1.498285,1.5549251,45738.56,45765.953,45076.53
615,616.0,4.8267727,6.259859,21251.11,21257.594,18839.19
616,617.0,2.1033647,2.1005092,44749.33,44776.41,41606.145
617,618.0,1.497528,10.158994,36511.223,36528.2,34971.11
618,619.0,1.3897245,4.3878784,28005.045,28016.805,28392.016
619,620.0,2.2029967,1.5079508,21251.11,21257.594,23891.436
620,621.0,2.9567645,2.3893435,24865.441,24874.504,25983.32
621,622.0,1.1681873,2.0588229,44749.33,44776.41,42785.117
622,623.0,4.101238,2.1563478,39025.855,39047.53,37149.2
623,624.0,1.2662283,1.3813233,30586.148,30600.059,31603.695
624,625.0,1.1517501,1.1890186,36511.223,36528.2,35886.67
625,626.0,1.0310961,5.7829657,40686.86,40712.855,38202.715
626,627.0,1.3673809,1.1547116,39025.855,39047.53,37758.36
627,628.0,2.6846485,1.4300764,40953.55,40979.56,37758.89
628,629.0,1.2492181,1.0499054,40587.418,40613.22,37951.11
629,630.0,1.9419799,16.323126,40587.418,40613.22,37809.684
630,631.0,1.1074586,1.0929453,39025.855,39047.53,38558.547
631,632.0,7.796804,3.001956,45115.465,45142.75,40620.34
632,633.0,9.69129,3.6206312,39025.855,39047.53,37553.465
633,634.0,2.1267672,14.677731,28104.486,28116.44,27843.414
634,635.0,1.2364355,2.6702797,40587.418,40613.22,38629.016
635,636.0,1.0148922,1.2031204,41576.645,41602.76,39101.234
636,637.0,5.6456275,7.737505,36511.223,36528.2,34966.934
637,638.0,3.7689972,1.2334949,30586.148,30600.059,30536.188
638,639.0,0.8771578,1.0094715,45513.098,45540.824,43441.18
639,640.0,1.2751575,25.25251,45513.098,45540.824,41954.13
640,641.0,9.019687,16.908033,28371.18,28383.145,26481.36
641,642.0,1.155839,1.2277198,30586.148,30600.059,31545.76
642,643.0,1.0585876,1.0883024,40587.418,40613.22,38339.39
643,644.0,1.3210406,1.263313,28005.045,28016.805,29127.754
644,645.0,2.163919,1.248899,36511.223,36528.2,35879.543
645,646.0,7.104002,7.6350994,45738.56,45765.953,43238.55
646,647.0,9.305975,4.376707,40587.418,40613.22,37896.39
647,648.0,17.99332,12.161332,39923.27,39948.664,36641.32
648,649.0,1.0446563,2.7117875,35187.92,35203.98,35457.082
649,650.0,2.3947453,3.9694731,45115.465,45142.75,43241.516
650,651.0,1.9237576,1.119637,30586.148,30600.059,30719.152
651,652.0,9.661508,10.878044,21251.11,21257.594,19169.752
652,653.0,0.85756546,4.7060184,44749.33,44776.41,43805.125
653,654.0,2.107812,1.2234087,28005.045,28016.805,27940.387
654,655.0,1.4080051,18.837345,36339.58,36358.31,35053.72
655,656.0,4.9272194,4.787617,36240.137,36258.67,35652.07
656,657.0,6.700581,7.170435,36240.137,36258.67,33940.61
657,658.0,15.299735,9.964773,21251.11,21257.594,19138.61
658,659.0,4.998497,6.016389,36240.137,36258.67,33010.07
659,660.0,3.0268598,2.4983628,21251.11,21257.594,22940.508
660,661.0,1.3877238,1.0007492,21251.11,21257.594,22428.266
661,662.0,5.4774313,4.3168073,30586.148,30600.059,29361.531
662,663.0,4.8832035,1.4874711,35575.99,35594.117,33737.613
663,664.0,1.6655523,1.3977624,24865.441,24874.504,26587.338
664,665.0,1.1873363,1.2717329,38430.42,38451.766,37579.8
665,666.0,1.3236368,1.3154538,44749.33,44776.41,41712.965
666,667.0,1.4440291,1.346495,30586.148,30600.059,31243.576
667,668.0,1.1932157,1.2181265,38430.42,38451.766,36680.094
668,669.0,1.2808791,1.2019689,39923.27,39948.664,36336.934
669,670.0,1.5342432,1.6334397,36240.137,36258.67,36070.953
670,671.0,1.8030953,1.6121427,24865.441,24874.504,27711.574
671,672.0,1.5323225,1.6291028,34564.83,34580.777,33214.19
672,673.0,1.407454,1.381934,39025.855,39047.53,36276.02
673,674.0,1.5659869,1.2903483,21251.11,21257.594,23082.906
674,675.0,1.7723631,2.0446796,30586.148,30600.059,29915.205
675,676.0,1.8790888,1.7327188,36511.223,36528.2,34000.83
676,677.0,1.4069414,1.2866285,45115.465,45142.75,40859.89
677,678.0,1.7872304,1.7919706,38430.42,38451.766,40727.547
678,679.0,1.5394813,1.6354867,28005.045,28016.805,29582.615
679,680.0,1.7715758,1.6306403,24865.441,24874.504,27290.893
680,681.0,1.6111435,1.707539,35575.99,35594.117,33965.137
681,682.0,1.6781054,1.7067636,30586.148,30600.059,30611.42
682,683.0,1.9131794,1.7537112,45115.465,45142.75,39775.77
683,684.0,1.5998664,1.6735494,30586.148,30600.059,30737.04
684,685.0,1.8880806,1.7973695,41351.184,41377.633,35931.35
685,686.0,1.8880163,1.6781621,41576.645,41602.76,36812.637
686,687.0,1.5767164,1.6776361,36339.58,36358.31,34419.7
687,688.0,1.5684112,1.6976703,30586.148,30600.059,30265.576
688,689.0,1.4867117,1.5939807,27340.898,27352.248,27941.38
689,690.0,1.6133707,1.5485307,38430.42,38451.766,34641.848
690,691.0,2.592731,2.3862514,39025.855,39047.53,33012.324
691,692.0,2.0848532,2.0766208,39025.855,39047.53,39916.71
692,693.0,1.8650507,1.8653646,35575.99,35594.117,32052.219
693,694.0,1.7857151,1.7750305,34198.69,34214.438,31857.746
694,695.0,2.0687456,1.7357067,40587.418,40613.22,34931.42
695,696.0,1.7113881,1.7322197,36511.223,36528.2,34211.387
696,697.0,2.1350086,2.3771152,21251.11,21257.594,20686.975
697,698.0,2.849266,2.5608923,41576.645,41602.76,34165.688
698,699.0,1.8206713,1.7377396,39025.855,39047.53,35494.098
699,700.0,1.7416538,1.808549,37229.363,37248.215,33962.035
700,701.0,2.8867621,3.050496,36606.27,36625.016,31500.383
701,702.0,2.4480937,2.2948265,30586.148,30600.059,29040.598
702,703.0,3.7475467,4.7779593,40686.86,40712.855,33344.67
703,704.0,2.6604676,2.974967,28104.486,28116.44,26661.11
704,705.0,1.5744824,1.5558207,38430.42,38451.766,36156.965
705,706.0,1.630615,4.707171,36511.223,36528.2,33241.652
706,707.0,2.4011223,2.1828058,39025.855,39047.53,35611.312
707,708.0,1.6201881,1.6516833,38430.42,38451.766,36344.734
708,709.0,1.7181177,1.6879556,38430.42,38451.766,35798.8
709,710.0,1.7847543,1.6701562,38430.42,38451.766,35546.363
710,711.0,2.1689181,1.370828,21251.11,21257.594,24482.717
711,712.0,1.4676827,1.8154397,30586.148,30600.059,31335.93
712,713.0,1.3836673,1.5922546,45513.098,45540.824,41503.87
713,714.0,1.4686753,1.3825843,44848.77,44876.047,41304.805
714,715.0,1.9228312,1.6733135,24865.441,24874.504,25939.225
715,716.0,1.2855012,8.737611,30586.148,30600.059,30042.021
716,717.0,10.275463,8.962338,39025.855,39047.53,33604.15
717,718.0,1.1871661,56.335262,30586.148,30600.059,31198.727
718,719.0,6.23698,4.3677917,21251.11,21257.594,23814.508
719,720.0,3.2969658,1.726581,36240.137,36258.67,34908.777
720,721.0,1.8865691,1.7583673,21251.11,21257.594,24454.922
721,722.0,1.3410494,1.5422642,36511.223,36528.2,36417.03
722,723.0,6.7848477,5.9392204,38430.42,38451.766,34983.965
723,724.0,3.4876125,2.8939617,30586.148,30600.059,29934.5
724,725.0,1.6475787,1.600978,39025.855,39047.53,38285.77
725,726.0,1.3509142,1.1441706,30586.148,30600.059,31846.709
726,727.0,1.3437532,1.1337873,41351.184,41377.633,37927.168
727,728.0,1.7385639,2.7738616,33534.547,33549.883,31101.264
728,729.0,2.5511284,1.3247958,21251.11,21257.594,22359.492
729,730.0,1.7995981,2.7122736,28005.045,28016.805,27133.346
730,731.0,17.290627,10.269121,21251.11,21257.594,18112.11
731,732.0,2.1640606,1.3399,30586.148,30600.059,30693.715
732,733.0,5.0686574,5.5558085,39025.855,39047.53,35362.36
733,734.0,1.8694689,1.1111472,21251.11,21257.594,23791.652
734,735.0,1.0916923,5.0509562,30586.148,30600.059,31264.941
735,736.0,1.7064508,1.1105407,21251.11,21257.594,23047.875
736,737.0,1.9840181,1.1342204,30586.148,30600.059,30712.348
737,738.0,2.7985234,1.6782362,38430.42,38451.766,37101.168
738,739.0,0.9913812,1.135297,36339.58,36358.31,35698.29
739,740.0,15.392212,9.565756,30586.148,30600.059,28695.885
740,741.0,7.311895,10.2718935,36511.223,36528.2,34157.97
741,742.0,0.96502084,1.0932431,38430.42,38451.766,37278.492
742,743.0,1.3139338,1.001967,24865.441,24874.504,26168.625
743,744.0,1.7116476,1.4507985,24865.441,24874.504,27077.68
744,745.0,1.3044925,1.3037286,30586.148,30600.059,31275.43
745,746.0,1.2378712,1.2079695,45738.56,45765.953,43185.66
746,747.0,1.461596,1.2928251,30586.148,30600.059,31288.479
747,748.0,1.217245,1.2659297,28005.045,28016.805,29152.986
748,749.0,1.3857563,1.3258108,30586.148,30600.059,30509.865
749,750.0,1.2052155,1.2949957,33534.547,33549.883,33444.207
750,751.0,1.5178337,1.5674211,39025.855,39047.53,40521.438
751,752.0,109.0725,1.0719075,21251.11,21257.594,19507.285
752,753.0,1.596484,2.8662755,36511.223,36528.2,36461.74
753,754.0,1.1820384,1.3778777,40953.55,40979.56,37006.58
754,755.0,1.223936,1.2493329,40686.86,40712.855,39457.867
755,756.0,1.5522168,1.2302295,21251.11,21257.594,24248.775
756,757.0,52.625042,2.021686,38430.42,38451.766,32538.986
757,758.0,1.6814051,1.6574793,41576.645,41602.76,38014.73
758,759.0,1.3515507,1.269894,40587.418,40613.22,36737.55
759,760.0,1.1264433,3.1735163,36240.137,36258.67,34328.824
760,761.0,1.1914446,1.1379108,30586.148,30600.059,30138.986
761,762.0,1.2013029,1.9011576,36240.137,36258.67,34681.016
762,763.0,1.4711049,1.1840175,30586.148,30600.059,30413.541
763,764.0,1.4846935,1.7579514,34962.457,34978.85,33391.85
764,765.0,1.6554618,1.2278394,24865.441,24874.504,25759.064
765,766.0,1.1189427,1.1154681,40587.418,40613.22,37608.516
766,767.0,3.8339128,1.8080211,41351.184,41377.633,36786.066
767,768.0,1.4991888,1.0821058,21251.11,21257.594,22126.117
768,769.0,1.1625025,1.1166043,41576.645,41602.76,38720.61
769,770.0,1.021342,1.053506,39025.855,39047.53,37778.555
770,771.0,1.7120667,2.0766194,28371.18,28383.145,28869.818
771,772.0,1.9721845,1.9824901,36511.223,36528.2,35587.203
772,773.0,2.0903049,2.222731,34198.69,34214.438,34269.855
773,774.0,1.0293019,1.4242224,38430.42,38451.766,37679.125
774,775.0,6.401769,8.062648,30586.148,30600.059,28863.834
775,776.0,1.6790137,1.6241769,33534.547,33549.883,33570.727
776,777.0,1.0457397,1.1926519,45115.465,45142.75,43740.633
777,778.0,1.4721916,1.4218416,34564.83,34580.777,35302.676
778,779.0,1.0456275,1.1807986,37229.363,37248.215,36948.844
779,780.0,6.1169987,4.458881,39025.855,39047.53,36189.87
780,781.0,7.6377726,6.5875835,45513.098,45540.824,41482.477
781,782.0,4.0315723,5.977199,28371.18,28383.145,27310.266
782,783.0,4.3894043,1.1669354,39025.855,39047.53,38177.137
783,784.0,0.93366134,0.9842719,39025.855,39047.53,38095.84
784,785.0,15.04681,15.117876,21251.11,21257.594,19136.281
785,786.0,24.421387,16.169056,30586.148,30600.059,28206.477
786,787.0,7.100731,5.375338,39025.855,39047.53,37663.54
787,788.0,2.0838442,1.4053539,24865.441,24874.504,27258.521
788,789.0,1.9068491,1.8016248,38430.42,38451.766,36341.59
789,790.0,33.519146,1.8686299,34564.83,34580.777,34368.008
790,791.0,1.281282,1.4015979,38430.42,38451.766,38729.49
791,792.0,1.2398643,1.16665,28005.045,28016.805,29199.732
792,793.0,1.7718158,1.4210492,24865.441,24874.504,26081.62
793,794.0,2.2876008,1.7924527,40587.418,40613.22,37326.617
794,795.0,1.2752796,1.5293322,38430.42,38451.766,38013.5
795,796.0,1.5804104,1.6324843,37003.902,37023.086,38348.86
796,797.0,1.7677208,1.539612,24865.441,24874.504,28031.307
797,798.0,1.710061,1.5221324,24865.441,24874.504,26618.82
798,799.0,2.2535045,2.8994074,44749.33,44776.41,41262.867
799,800.0,2.2806785,1.4768616,30586.148,30600.059,30758.834
800,801.0,1.1539302,1.1564221,39025.855,39047.53,37552.766
801,802.0,2.557103,1.058558,38430.42,38451.766,35609.12
802,803.0,1.357266,1.112257,36240.137,36258.67,34887.63
803,804.0,5.1740627,3.989552,30586.148,30600.059,28297.986
804,805.0,1.0720046,1.0984766,38430.42,38451.766,36097.39
805,806.0,1.9362668,1.9276477,44085.184,44111.855,43992.547
806,807.0,1.6524621,1.7074516,38430.42,38451.766,37949.234
807,808.0,1.6270163,1.695391,30586.148,30600.059,32708.246
808,809.0,1.7030679,1.7034161,30586.148,30600.059,32495.008
809,810.0,1.8065215,1.6939263,36511.223,36528.2,35904.758
810,811.0,1.6628534,1.6598167,38430.42,38451.766,36130.355
811,812.0,1.6715604,1.6348269,28371.18,28383.145,27095.428
812,813.0,1.7395482,1.6003666,38430.42,38451.766,34700.586
813,814.0,2.321807,2.5466895,36511.223,36528.2,32778.035
814,815.0,2.706117,2.625521,24865.441,24874.504,24336.195
815,816.0,1.3539053,1.8567685,35187.92,35203.98,33887.508
816,817.0,4.015952,4.280306,44085.184,44111.855,36806.465
817,818.0,1.7579879,1.5737406,39025.855,39047.53,36247.016
818,819.0,8.675647,8.687138,24865.441,24874.504,21734.232
819,820.0,1.8432364,2.3547037,24865.441,24874.504,25355.217
820,821.0,2.9706392,3.1470656,44749.33,44776.41,39880.77
821,822.0,1.8913239,1.9132737,36511.223,36528.2,34769.676
822,823.0,1.7249953,1.7921164,36511.223,36528.2,35460.777
823,824.0,1.7663214,1.8685347,35187.92,35203.98,34613.46
824,825.0,1.5285668,1.2821708,24865.441,24874.504,26671.799
825,826.0,4.5234923,4.4607005,30586.148,30600.059,28733.344
826,827.0,1.7954502,1.6897111,38430.42,38451.766,36523.242
827,828.0,2.3667245,3.4653049,36511.223,36528.2,34109.367
828,829.0,1.9348077,1.2132723,30586.148,30600.059,29838.406
829,830.0,1.4309719,2.3118317,44085.184,44111.855,40711.637
830,831.0,4.1137276,39.750793,44848.77,44876.047,39572.19
831,832.0,1.5826312,1.0733767,39025.855,39047.53,36572.3
832,833.0,1.8896681,1.1141601,38430.42,38451.766,36878.3
833,834.0,1.202594,1.1340276,36606.27,36625.016,35940.254
834,835.0,1.7065376,1.1451335,21251.11,21257.594,23971.354
835,836.0,1.7664965,2.329631,36240.137,36258.67,35215.27
836,837.0,1.7523463,2.3569393,36511.223,36528.2,35447.332
837,838.0,1.1880549,1.8486443,33534.547,33549.883,33616.83
838,839.0,1.6206826,1.3735259,40953.55,40979.56,38082.67
839,840.0,3.1292686,5.8989806,36511.223,36528.2,33354.527
840,841.0,3.3190584,3.7113037,38430.42,38451.766,36072.504
841,842.0,1.274819,1.6913248,30586.148,30600.059,31750.445
842,843.0,1.6603644,1.1526856,24865.441,24874.504,26684.395
843,844.0,1.5951028,1.7750882,41351.184,41377.633,42670.18
844,845.0,5.409412,17.030481,39025.855,39047.53,35469.633
845,846.0,1.565502,1.5767789,28994.273,29006.346,31515.709
846,847.0,1.532211,1.5777559,39025.855,39047.53,38230.637
847,848.0,1.5935737,1.5144413,41576.645,41602.76,38688.996
848,849.0,1.582079,1.5447083,36511.223,36528.2,36635.32
849,850.0,1.4961932,1.6109074,40587.418,40613.22,37416.844
850,851.0,1.8027167,1.6730467,21251.11,21257.594,24933.955
851,852.0,1.691977,1.6763724,30586.148,30600.059,32169.465
852,853.0,1.7767997,1.6822551,21251.11,21257.594,24525.006
853,854.0,1.6322592,1.6851903,38430.42,38451.766,36810.832
854,855.0,1.8047984,1.6854647,40587.418,40613.22,36851.117
855,856.0,1.7521782,1.6920946,21251.11,21257.594,24306.65
856,857.0,1.6478523,1.692819,34198.69,34214.438,33849.027
857,858.0,1.6715726,1.6837432,39025.855,39047.53,36580.43
858,859.0,1.6266791,1.6586332,38430.42,38451.766,35752.89
859,860.0,1.8741041,1.6010809,40953.55,40979.56,36078.984
860,861.0,1.5330127,1.6898167,28371.18,28383.145,28932.191
861,862.0,1.5736634,1.7747953,36240.137,36258.67,33934.96
862,863.0,1.853796,2.630823,34198.69,34214.438,30778.42
863,864.0,2.1913207,2.258134,34962.457,34978.85,31304.268
864,865.0,2.00591,1.9817328,24865.441,24874.504,24785.176
865,866.0,1.7266141,1.6965928,38430.42,38451.766,34355.55
866,867.0,2.3216186,1.7113549,44749.33,44776.41,38396.855
867,868.0,1.7775369,1.8899697,28371.18,28383.145,28043.346
868,869.0,2.0742197,2.0344214,34198.69,34214.438,31159.008
869,870.0,1.8076581,1.7995396,30586.148,30600.059,29938.402
870,871.0,3.688035,1.6263595,28005.045,28016.805,25622.22
871,872.0,2.2679842,1.9756427,21251.11,21257.594,22852.055
872,873.0,3.661844,1.336446,40686.86,40712.855,34834.008
873,874.0,12.126204,1.8121821,24865.441,24874.504,25258.742
874,875.0,1.7288235,1.6296811,40686.86,40712.855,37415.625
875,876.0,1.7044346,1.6344018,36511.223,36528.2,36488.594
876,877.0,1.942166,3.2796247,41351.184,41377.633,34742.87
877,878.0,2.317833,1.3359677,21251.11,21257.594,22260.45
878,879.0,1.8726796,1.7858319,36511.223,36528.2,33529.035
879,880.0,2.3516793,1.7664784,24865.441,24874.504,25001.42
880,881.0,1.2109765,1.211864,30586.148,30600.059,30248.896
881,882.0,4.8514853,7.67232,36511.223,36528.2,32374.893
882,883.0,3.1245656,4.204348,30586.148,30600.059,28709.646
883,884.0,1.6037993,1.670475,44749.33,44776.41,43894.3
884,885.0,1.6586787,1.7082717,44848.77,44876.047,44017.992
885,886.0,56.707333,1.3464876,38430.42,38451.766,34237.89
886,887.0,7.646855,7.480032,30586.148,30600.059,27727.895
887,888.0,1.7678497,8.454362,24865.441,24874.504,25609.238
888,889.0,1.1046163,7.1474085,33534.547,33549.883,33674.04
889,890.0,1.6817954,1.8111589,36511.223,36528.2,35618.207
890,891.0,3.4369009,2.0108955,30586.148,30600.059,29161.527
891,892.0,10.715281,9.033999,30586.148,30600.059,27794.723
892,893.0,1.8432431,1.3219916,24865.441,24874.504,26419.965
893,894.0,2.787224,2.8130407,41576.645,41602.76,36914.457
894,895.0,1.2536138,1.5334151,36511.223,36528.2,36309.95
895,896.0,1.7018126,1.5142467,21251.11,21257.594,23976.84
896,897.0,1.2341208,1.2958177,44749.33,44776.41,41132.105
897,898.0,1.1278405,1.1221806,35187.92,35203.98,34814.652
898,899.0,1.7640928,1.8300525,36240.137,36258.67,35014.418
899,900.0,1.1741022,0.9875683,40686.86,40712.855,36563.0
900,901.0,1.5373068,3.4988143,36606.27,36625.016,33899.34
901,902.0,3.0407312,1.2644963,38430.42,38451.766,33710.305
902,903.0,1.3418977,6.0236363,34198.69,34214.438,31407.209
903,904.0,9.719129,1.1310949,30586.148,30600.059,28381.328
904,905.0,1.1717678,1.5833305,38430.42,38451.766,34778.793
905,906.0,1.7382178,1.0983574,21251.11,21257.594,21838.074
906,907.0,50.787216,28.091515,39025.855,39047.53,33159.68
907,908.0,1.0461141,1.0120559,41351.184,41377.633,36673.92
908,909.0,1.2971623,1.43578,24865.441,24874.504,25107.45
909,910.0,1.495562,1.0623046,24865.441,24874.504,25275.695
910,911.0,0.8277529,3.6126928,35575.99,35594.117,33937.926
911,912.0,1.2705798,1.4908606,44749.33,44776.41,40898.562
912,913.0,1.4502324,1.1112841,24865.441,24874.504,26161.182
913,914.0,1.1372936,1.0659121,40686.86,40712.855,36915.375
914,915.0,0.9782674,1.0504426,38430.42,38451.766,36421.5
915,916.0,1.237995,1.2183514,39923.27,39948.664,35707.84
916,917.0,3.738238,2.5783002,28104.486,28116.44,26030.016
917,918.0,3.7118454,1.5284077,30586.148,30600.059,29370.107
918,919.0,2.2113178,1.4265256,24865.441,24874.504,25054.836
919,920.0,1.6996422,0.8928047,21251.11,21257.594,22967.947
920,921.0,0.7008331,1.2694681,38430.42,38451.766,36501.11
921,922.0,1.3163177,4.5839195,39025.855,39047.53,36963.676
