,epoch,loss,val_loss,ivw,evw,ivw_ann,s_loss
0,1.0,1172149.9,1254673.1,61616.77,61543.645,420.65152,0.0
1,2.0,123177.234,131451.08,62932.785,62852.93,1816.4985,0.0
2,3.0,42538.31,51487.32,60715.91,60641.43,3498.997,0.0
3,4.0,35246.57,33716.688,67881.11,67785.64,4511.4795,0.0
4,5.0,24476.473,23658.182,67516.56,67421.34,5592.5806,0.0
5,6.0,23684.64,17920.43,83442.17,83321.33,7597.907,0.0
6,7.0,7350.2925,14222.717,42402.66,42357.758,5986.778,0.0
7,8.0,9875.758,11683.907,62200.72,62124.684,8491.211,0.0
8,9.0,4987.2993,9696.083,42402.66,42357.758,7413.78,0.0
9,10.0,7315.9854,8129.568,63045.793,62964.258,10154.008,0.0
10,11.0,6092.513,6850.0156,62530.184,62450.56,11050.323,0.0
11,12.0,5236.76,5798.459,62549.934,62470.293,12142.364,0.0
12,13.0,5126.865,4878.5005,68275.484,68179.89,13255.8545,0.0
13,14.0,1762.9563,4181.4854,38407.316,38374.598,11383.039,0.0
14,15.0,3409.1692,3568.476,64334.684,64249.57,15485.488,0.0
15,16.0,4114.811,3054.58,84427.74,84303.414,20089.428,0.0
16,17.0,2424.7551,2622.7004,63821.844,63736.773,18226.256,0.0
17,18.0,1932.3748,2263.233,62337.344,62261.65,19701.312,0.0
18,19.0,1677.5327,1955.6654,61969.59,61891.227,21108.357,0.0
19,20.0,1379.6771,1681.0231,60489.133,60415.18,23235.984,0.0
20,21.0,734.1113,1477.4025,42402.656,42357.76,19650.598,0.0
21,22.0,1333.9736,1297.3037,68750.17,68653.16,26787.672,0.0
22,23.0,778.5825,1004.8739,60860.383,60786.785,28634.438,0.0
23,24.0,386.06616,880.6492,42402.66,42357.76,24967.26,0.0
24,25.0,534.34216,792.70807,59221.215,59151.02,32664.857,0.0
25,26.0,536.196,651.95984,64184.41,64099.844,35975.055,0.0
26,27.0,210.4149,606.5017,38463.492,38430.645,30757.244,0.0
27,28.0,234.58084,537.2034,42402.664,42357.758,31900.637,0.0
28,29.0,208.84056,488.7189,42402.66,42357.758,33401.594,0.0
29,30.0,146.60086,426.32822,38514.47,38481.47,34203.45,0.0
30,31.0,169.30608,388.00677,42402.66,42357.758,35642.734,0.0
31,32.0,240.0406,325.6525,59083.094,59016.133,45749.293,0.0
32,33.0,309.58307,298.33182,68140.65,68044.695,47485.215,0.0
33,34.0,110.35726,293.8195,38332.742,38299.547,37320.555,0.0
34,35.0,84.03935,296.59723,38622.28,38588.95,35524.684,0.0
35,36.0,191.12126,203.65097,61168.344,61091.76,46619.145,0.0
36,37.0,160.40099,186.44835,62655.83,62576.684,48226.742,0.0
37,38.0,145.58447,161.9844,62797.613,62716.9,48368.73,0.0
38,39.0,121.49306,152.72548,60915.707,60840.816,51611.56,0.0
39,40.0,124.255104,128.19003,62079.09,62000.707,51210.23,0.0
40,41.0,112.315735,123.81645,63494.387,63411.1,50487.85,0.0
41,42.0,93.044174,112.07318,61962.605,61882.727,49088.758,0.0
42,43.0,98.94565,111.58161,68669.11,68571.73,52647.477,0.0
43,44.0,80.72473,81.71417,62298.65,62219.76,49351.598,0.0
44,45.0,80.80272,70.83371,63849.91,63766.215,52253.84,0.0
45,46.0,60.460773,60.410126,64676.52,64591.965,58959.69,0.0
46,47.0,56.945557,59.476784,64712.793,64628.316,48150.965,0.0
47,48.0,70.69153,56.33757,71756.38,71650.305,49627.734,0.0
48,49.0,40.43371,51.061836,63544.793,63463.918,53951.895,0.0
49,50.0,42.9766,43.22481,68901.164,68803.914,51912.863,0.0
50,51.0,38.067135,37.26315,68550.07,68452.96,53973.9,0.0
51,52.0,33.44127,33.045635,68589.125,68491.84,55297.03,0.0
52,53.0,26.71288,27.194824,64220.9,64136.617,52209.008,0.0
53,54.0,18.989012,25.258583,60987.195,60913.668,52090.055,0.0
54,55.0,16.493692,22.682894,62396.133,62317.977,53575.965,0.0
55,56.0,13.297819,19.708677,59836.81,59764.242,52060.81,0.0
56,57.0,17.581902,18.814205,64824.457,64739.547,52672.98,0.0
57,58.0,11.063053,16.768444,61618.32,61544.023,57158.305,0.0
58,59.0,20.297318,16.884394,84578.2,84453.61,67306.94,0.0
59,60.0,8.659115,14.855058,57487.934,57423.258,54188.07,0.0
60,61.0,13.504155,14.074495,72087.9,71981.36,63137.773,0.0
61,62.0,11.427023,17.600882,64612.58,64527.035,64289.047,0.0
62,63.0,11.47331,10.664354,72038.2,71931.83,61545.695,0.0
63,64.0,7.2221518,8.637474,68721.39,68623.82,60724.715,0.0
64,65.0,4.9341073,9.0305195,58698.695,58630.6,55202.31,0.0
65,66.0,5.8320017,8.741765,64653.92,64568.59,58624.633,0.0
66,67.0,4.1044936,7.351915,61655.566,61579.645,61045.168,0.0
67,68.0,5.7651963,8.222332,64591.285,64506.83,60190.17,0.0
68,69.0,4.0507345,11.467395,42402.66,42357.758,49797.184,0.0
69,70.0,2.9463284,7.16657,42402.66,42357.76,53072.805,0.0
70,71.0,3.200417,13.97932,42402.66,42357.758,44054.47,0.0
71,72.0,2.760107,6.1363153,59524.094,59453.457,59890.258,0.0
72,73.0,3.0301545,6.1738853,59878.125,59804.703,58581.117,0.0
73,74.0,1.7672125,6.3515,38572.836,38539.562,38815.902,0.0
74,75.0,2.22405,6.2398667,60300.605,60228.59,57984.406,0.0
75,76.0,2.0933814,6.2118306,59830.082,59758.51,55171.047,0.0
76,77.0,3.0917497,6.4188895,61583.953,61506.66,60668.242,0.0
77,78.0,1.3349192,6.4743915,42402.66,42357.758,43153.754,0.0
78,79.0,2.0543208,4.5260944,42402.66,42357.76,45053.59,0.0
79,80.0,1.8058783,4.3220763,68607.16,68510.555,63227.72,0.0
80,81.0,1.5683792,5.3050256,42402.66,42357.758,47150.31,0.0
81,82.0,3.0959287,6.5533977,83654.44,83532.086,76887.38,0.0
82,83.0,0.91279274,5.735038,60936.4,60862.367,57589.375,0.0
83,84.0,1.8925062,5.42143,42402.66,42357.758,48239.914,0.0
84,85.0,0.97935224,3.881956,68617.31,68520.61,63786.67,0.0
85,86.0,0.50467014,3.8700624,37722.97,37691.023,38960.566,0.0
86,87.0,0.72065574,5.1434655,42402.66,42357.758,41763.66,0.0
87,88.0,2.802016,6.2585144,83210.555,83086.27,79206.94,0.0
88,89.0,1.301258,4.2167344,60908.715,60836.008,62141.26,0.0
89,90.0,1.0285723,5.13459,85519.04,85393.336,79415.94,0.0
90,91.0,0.932749,3.6398733,42402.66,42357.758,45583.94,0.0
91,92.0,0.42802033,4.2103186,38436.26,38402.72,39320.85,0.0
92,93.0,0.5932282,4.1138377,56991.67,56927.695,56121.355,0.0
93,94.0,0.85735005,4.6559668,64224.4,64140.055,65726.02,0.0
94,95.0,0.46924296,4.590161,63489.33,63405.133,62620.363,0.0
95,96.0,0.38247845,4.416073,64617.35,64531.91,63841.43,0.0
96,97.0,1.4411362,4.732535,85753.234,85624.914,83918.47,0.0
97,98.0,2.8066573,7.0276046,61812.617,61734.156,69215.06,0.0
98,99.0,1.0656244,5.2746425,55665.645,55604.684,56240.387,0.0
99,100.0,0.74173045,5.3609324,68591.84,68496.01,67046.62,0.0
100,101.0,0.37778914,4.128125,60225.617,60153.363,60120.156,0.0
101,102.0,0.51695544,4.4185476,68566.586,68469.91,65640.984,0.0
102,103.0,0.4691,4.60095,62591.168,62512.043,61696.22,0.0
103,104.0,0.41328254,3.8256233,61261.137,61186.33,61168.133,0.0
104,105.0,0.32804054,4.186846,68579.016,68482.68,66566.36,0.0
105,106.0,0.42028123,3.6864188,37952.117,37919.992,37723.75,0.0
106,107.0,1.0706766,4.3318105,42402.66,42357.76,43586.945,0.0
107,108.0,0.28707153,4.2134757,59227.297,59159.535,58601.57,0.0
108,109.0,0.42473343,4.028928,61739.418,61663.934,61770.51,0.0
109,110.0,0.30595994,3.5203364,67791.81,67696.17,66694.19,0.0
110,111.0,0.2741122,3.4982092,85563.18,85436.46,83549.34,0.0
111,112.0,0.21211433,3.6884265,57662.715,57598.375,57034.727,0.0
112,113.0,0.95119786,5.312425,37976.348,37943.652,39169.617,0.0
113,114.0,0.41062927,5.870041,68956.32,68859.2,68587.21,0.0
114,115.0,0.1927411,3.8181698,60561.68,60488.316,60775.68,0.0
115,116.0,0.16032991,3.522445,64719.117,64632.695,63770.363,0.0
116,117.0,0.13193557,3.6067033,64570.508,64485.15,64273.645,0.0
117,118.0,0.31248346,5.96697,38323.17,38290.53,38039.65,0.0
118,119.0,0.25161296,3.0094614,85326.914,85200.484,83892.375,0.0
119,120.0,2.9616632,9.991503,62253.17,62175.457,71746.34,0.0
120,121.0,0.6106473,3.3095329,38529.457,38496.387,37627.082,0.0
121,122.0,0.17095613,2.686836,68348.4,68251.8,67165.586,0.0
122,123.0,0.26067653,3.2593822,57598.93,57535.07,55526.566,0.0
123,124.0,0.29020065,3.9980946,58284.67,58216.035,58385.082,0.0
124,125.0,0.37510246,3.2136478,60572.543,60499.137,60799.81,0.0
125,126.0,0.9189491,6.7581034,64343.06,64258.797,64662.01,0.0
126,127.0,0.25470367,3.0751607,64649.832,64564.98,64739.367,0.0
127,128.0,0.20937811,3.0637789,59438.105,59369.4,59715.28,0.0
128,129.0,0.38464692,4.9388943,68115.79,68019.19,68291.83,0.0
129,130.0,0.95519567,3.3638444,42402.656,42357.758,44373.996,0.0
130,131.0,0.17691314,3.117525,64676.297,64591.85,65617.516,0.0
131,132.0,0.30283874,4.359084,85526.57,85400.39,84100.266,0.0
132,133.0,0.64513934,6.2356176,61928.145,61848.695,64661.863,0.0
133,134.0,0.35964113,4.7408843,84838.12,84712.61,85515.04,0.0
134,135.0,0.88962036,13.07928,65084.285,64998.957,64802.01,0.0
135,136.0,0.39349017,4.1758842,61277.457,61200.117,61779.566,0.0
136,137.0,0.6627161,3.4820688,38094.547,38061.87,39602.973,0.0
137,138.0,0.64687663,4.057616,62430.0,62351.625,64503.887,0.0
138,139.0,0.181447,3.6632085,68926.79,68828.81,69146.33,0.0
139,140.0,0.44075057,3.1580276,85590.516,85464.016,85914.81,0.0
140,141.0,0.25299624,4.0160885,60034.258,59961.57,61922.758,0.0
141,142.0,0.27078685,3.9259121,59605.934,59535.387,60985.844,0.0
142,143.0,0.32216325,3.2697575,69020.945,68923.15,69018.32,0.0
143,144.0,0.16323389,3.0098126,60660.035,60586.4,60514.42,0.0
144,145.0,0.56244177,4.3071,86544.82,86416.45,86691.32,0.0
145,146.0,0.22874013,2.8993702,59476.727,59410.258,60568.332,0.0
146,147.0,0.35665765,4.26972,61072.617,60995.133,60512.57,0.0
147,148.0,0.17976362,3.770224,57954.75,57888.92,59314.83,0.0
148,149.0,0.15086815,3.3679295,61732.695,61656.758,62847.93,0.0
149,150.0,0.20434198,3.2893233,60401.117,60328.875,61832.195,0.0
150,151.0,0.13865131,3.0675848,68668.04,68571.71,68657.484,0.0
151,152.0,0.19395682,3.4108644,64262.715,64178.75,65925.31,0.0
152,153.0,0.5946515,4.4456153,61667.344,61592.07,62875.133,0.0
153,154.0,1.2054358,5.0615582,68735.09,68638.17,70193.16,0.0
154,155.0,0.4127962,4.4416604,61543.01,61464.74,63616.105,0.0
155,156.0,0.20062053,3.6428597,68091.26,67994.81,68453.82,0.0
156,157.0,0.21887021,2.9342403,63516.49,63433.41,65155.32,0.0
157,158.0,0.24868652,3.747778,59516.203,59445.668,60979.863,0.0
158,159.0,0.21949239,3.165022,70938.36,70834.22,71377.21,0.0
159,160.0,0.5307288,6.855947,38475.47,38442.57,39291.176,0.0
160,161.0,0.17230526,3.6533566,58043.207,57977.9,59232.67,0.0
161,162.0,0.13276674,3.136928,72315.47,72208.36,72517.234,0.0
162,163.0,0.36573347,5.011553,61264.395,61187.992,63022.4,0.0
163,164.0,0.15567034,2.8926542,68910.02,68812.47,69596.63,0.0
164,165.0,0.15208009,3.032507,61566.242,61491.273,62862.42,0.0
165,166.0,0.13341947,2.9437292,62748.83,62669.133,62889.617,0.0
166,167.0,0.23055778,3.8372014,62263.297,62187.97,62142.508,0.0
167,168.0,0.152837,2.3440804,68608.81,68511.664,68655.664,0.0
168,169.0,0.2808357,2.7667866,37982.137,37949.785,38215.152,0.0
169,170.0,0.1722558,3.4818454,61573.97,61498.953,63049.082,0.0
170,171.0,0.17957053,2.487142,42402.66,42357.76,43797.24,0.0
171,172.0,1.4338222,2.9513164,63855.83,63771.555,66179.53,0.0
172,173.0,0.24027438,1.4079839,64440.543,64355.656,63871.477,0.0
173,174.0,0.23099627,3.1062047,68470.52,68373.48,68758.86,0.0
174,175.0,0.23974289,3.1912198,71549.31,71444.23,70128.836,0.0
175,176.0,0.090572454,2.0440261,68630.36,68533.36,68377.305,0.0
176,177.0,0.26660633,2.8380582,58002.656,57935.02,58079.52,0.0
177,178.0,0.06293833,2.176033,69047.89,68950.06,68626.414,0.0
178,179.0,0.057081666,2.2387154,64161.203,64076.023,63771.715,0.0
179,180.0,0.17355403,5.8207045,38656.07,38622.723,38680.082,0.0
180,181.0,0.18770857,2.8929915,71693.18,71588.27,70715.57,0.0
181,182.0,0.09182869,2.8424795,59904.17,59831.168,60169.543,0.0
182,183.0,0.094176866,2.0488741,64101.668,64018.09,64407.605,0.0
183,184.0,0.12262477,2.9374073,54034.67,53977.363,53968.285,0.0
184,185.0,0.13227051,2.390053,68627.74,68530.59,68000.63,0.0
185,186.0,0.13562083,3.0265112,60138.207,60066.832,60074.22,0.0
186,187.0,1.0530478,4.5029745,42402.66,42357.758,46103.53,0.0
187,188.0,0.30713665,2.1382625,64142.91,64057.66,63272.082,0.0
188,189.0,0.20733277,1.703512,61067.113,60991.832,62224.418,0.0
189,190.0,0.36262548,3.5803945,59724.4,59653.035,62376.59,0.0
190,191.0,0.27261272,4.0385613,72108.64,72003.21,73148.28,0.0
191,192.0,0.8597889,5.042841,59216.707,59147.816,59209.99,0.0
192,193.0,0.1836941,3.1208272,64323.418,64238.953,65459.535,0.0
193,194.0,0.1024948,3.413131,85059.695,84934.67,84384.85,0.0
194,195.0,0.13427247,2.7120218,84833.78,84707.66,84498.27,0.0
195,196.0,0.13877614,2.1440358,71793.63,71687.22,70625.12,0.0
196,197.0,0.120270856,2.6487222,56664.383,56602.27,56701.316,0.0
197,198.0,0.06204354,3.6372242,64441.94,64356.715,64455.207,0.0
198,199.0,0.19548807,3.405875,63418.6,63338.105,64790.863,0.0
199,200.0,0.32064363,2.667999,64452.375,64367.715,62974.137,0.0
200,201.0,0.25938994,2.4145548,64318.945,64234.85,64511.273,0.0
201,202.0,0.3018414,3.4480383,38443.957,38410.97,38432.56,0.0
202,203.0,0.13872908,4.59783,67991.266,67894.766,67758.625,0.0
203,204.0,0.42825517,4.2144556,68643.04,68545.86,67614.44,0.0
204,205.0,0.6784063,3.670489,56617.953,56556.01,58588.203,0.0
205,206.0,1.0093796,9.768636,56116.418,56055.74,57122.117,0.0
206,207.0,1.1800972,4.725199,38626.97,38593.797,39971.695,0.0
207,208.0,0.2272486,2.619148,71793.484,71686.984,71876.125,0.0
208,209.0,0.28809935,3.3478408,42402.656,42357.758,44760.77,0.0
209,210.0,0.11125751,3.3841062,63943.105,63859.855,64917.69,0.0
210,211.0,0.11564706,2.1670923,62216.023,62139.387,62398.24,0.0
211,212.0,0.051979892,2.8401072,67939.94,67844.695,67618.8,0.0
212,213.0,0.11090409,3.5159543,71885.65,71779.22,70965.13,0.0
213,214.0,0.21209227,2.0012462,57302.168,57234.97,57127.68,0.0
214,215.0,0.13273495,2.4764028,84165.71,84040.91,84277.18,0.0
215,216.0,3.4886837,5.140281,38160.047,38127.58,38859.76,0.0
216,217.0,0.3194102,3.725822,38690.887,38656.973,39145.875,0.0
217,218.0,0.10231627,1.8210602,64081.49,63997.625,64432.613,0.0
218,219.0,0.19475538,2.3169324,59607.875,59535.02,59859.703,0.0
219,220.0,1.1487343,6.521534,59840.51,59769.23,63190.332,0.0
220,221.0,0.40301204,3.4598966,61532.918,61455.957,61234.117,0.0
221,222.0,1.2531044,7.4019537,65049.98,64964.03,64892.617,0.0
222,223.0,1.4359843,8.106964,38435.605,38402.707,39681.883,0.0
223,224.0,0.08401159,2.3647797,68820.64,68723.305,68954.98,0.0
224,225.0,0.07918412,2.714694,62234.863,62158.242,62719.22,0.0
225,226.0,0.057029895,3.47414,63882.355,63797.008,63879.867,0.0
226,227.0,0.047940284,1.6786642,62254.594,62174.855,62509.35,0.0
227,228.0,0.050186377,2.0140529,62655.76,62575.793,63005.66,0.0
228,229.0,0.4312568,4.7155232,68311.02,68214.21,69135.625,0.0
229,230.0,1.0156646,3.233449,42402.664,42357.758,45280.645,0.0
230,231.0,0.40164694,4.410119,64124.445,64040.633,63000.105,0.0
231,232.0,0.13446172,3.6696599,63691.887,63607.17,63983.656,0.0
232,233.0,0.48300135,4.278712,71953.24,71847.195,72103.01,0.0
233,234.0,0.44270244,2.521124,63741.27,63657.195,63800.945,0.0
234,235.0,0.0626839,3.9620183,72528.59,72421.36,72279.27,0.0
235,236.0,1.1191938,8.681828,57567.74,57501.93,58271.156,0.0
236,237.0,1.3350071,6.7365484,58722.656,58654.047,61080.477,0.0
237,238.0,0.47163704,3.467973,42402.66,42357.758,44834.613,0.0
238,239.0,0.08686476,2.4847822,67804.88,67709.32,67201.89,0.0
239,240.0,0.06490984,2.1783893,64086.07,64001.48,63363.992,0.0
240,241.0,0.14532697,2.1123562,57365.24,57300.332,58004.008,0.0
241,242.0,0.07346612,2.1476421,64843.273,64758.258,64678.26,0.0
242,243.0,0.5909777,2.7401283,37861.945,37829.457,38289.035,0.0
243,244.0,0.111826725,2.2592895,64607.133,64522.715,65036.633,0.0
244,245.0,0.086845204,3.9355683,64491.797,64406.918,63993.047,0.0
245,246.0,0.18419707,2.7339156,61732.773,61656.727,61126.68,0.0
246,247.0,0.037636932,2.254739,68970.164,68872.46,68577.75,0.0
247,248.0,0.24682038,3.5682087,64136.43,64052.637,62695.082,0.0
248,249.0,0.13069555,2.4792004,64737.867,64653.203,64828.99,0.0
249,250.0,0.060339384,2.118831,64608.082,64522.242,64374.73,0.0
250,251.0,0.11479529,3.3747065,59039.992,58970.285,58868.844,0.0
251,252.0,0.05160532,2.2723541,68803.65,68706.46,69139.31,0.0
252,253.0,0.30736905,3.177414,83252.75,83129.72,84422.016,0.0
253,254.0,0.55168545,3.5719943,42402.656,42357.758,44447.504,0.0
254,255.0,0.2294567,3.735176,72166.1,72059.125,72365.36,0.0
255,256.0,0.23917806,2.955785,64248.875,64165.07,63648.94,0.0
256,257.0,0.2544088,2.628696,42402.66,42357.758,43945.19,0.0
257,258.0,0.14747882,2.6798656,85676.51,85549.51,85038.6,0.0
258,259.0,0.17971018,3.240691,86308.984,86181.27,85183.61,0.0
259,260.0,0.5833905,4.0289054,68127.266,68030.914,67897.46,0.0
260,261.0,0.096810386,3.017666,68740.86,68643.99,67673.22,0.0
261,262.0,0.08719355,4.499316,71985.46,71879.54,71876.016,0.0
262,263.0,0.35477725,3.776048,64412.33,64328.105,62983.77,0.0
263,264.0,1.7082162,8.439411,60113.44,60042.637,63351.17,0.0
264,265.0,0.164473,2.5828462,83996.74,83872.42,82475.414,0.0
265,266.0,0.14918415,3.9528427,42402.656,42357.758,43639.383,0.0
266,267.0,0.057530466,2.175021,68724.86,68627.516,68140.89,0.0
267,268.0,0.046532307,2.7747028,63099.594,63019.85,63172.355,0.0
268,269.0,0.07170526,4.658984,86094.75,85966.14,85440.62,0.0
269,270.0,0.18723471,3.241012,61684.9,61607.406,61831.09,0.0
270,271.0,0.11341149,3.2125266,68094.336,67997.82,68294.56,0.0
271,272.0,0.07809991,1.8061839,60912.48,60835.668,60311.297,0.0
272,273.0,0.252459,2.8711112,62432.207,62353.94,62166.24,0.0
273,274.0,0.046175152,2.641641,67653.02,67557.44,67718.2,0.0
274,275.0,0.07534677,2.5855029,62159.805,62082.42,62872.406,0.0
275,276.0,0.073641144,1.7214842,64359.543,64275.535,64374.215,0.0
276,277.0,0.9059205,5.6402826,59201.867,59132.07,57440.492,0.0
277,278.0,0.05339912,2.6769567,71420.445,71315.11,70736.47,0.0
278,279.0,0.28693658,2.470684,42402.664,42357.76,42095.594,0.0
279,280.0,0.05763234,1.7579584,86661.625,86530.734,86629.58,0.0
280,281.0,0.09374204,2.2631764,63540.453,63456.242,63275.242,0.0
281,282.0,1.4680207,2.1368823,42402.664,42357.76,43172.152,0.0
282,283.0,0.8965267,6.5178657,71265.7,71160.695,71941.8,0.0
283,284.0,0.22665283,3.907361,68220.04,68123.04,70150.914,0.0
284,285.0,0.16103429,2.3381622,42402.656,42357.76,43372.62,0.0
285,286.0,1.0891832,6.619448,65082.27,64996.203,67129.65,0.0
286,287.0,0.7360082,4.747663,67817.46,67721.7,68979.44,0.0
287,288.0,0.44594443,3.1083035,38099.61,38067.062,38819.39,0.0
288,289.0,0.401411,3.2635539,38459.84,38426.562,39439.723,0.0
289,290.0,0.10135235,2.5860066,71564.8,71460.305,71390.664,0.0
290,291.0,0.2907473,2.8188293,57477.363,57413.875,56541.195,0.0
291,292.0,1.1154535,5.0331745,58184.105,58119.582,57486.742,0.0
292,293.0,0.24539323,2.8585904,64718.83,64634.344,64920.16,0.0
293,294.0,0.13491657,2.7314425,64680.69,64594.703,64465.695,0.0
294,295.0,0.14679469,3.2420032,64679.863,64593.633,64228.207,0.0
295,296.0,0.09034465,2.3216777,68686.914,68590.42,68633.664,0.0
296,297.0,0.116598345,4.2045355,68072.016,67976.02,68366.91,0.0
297,298.0,0.25132108,2.2276535,57314.617,57250.75,57058.668,0.0
298,299.0,0.45762444,3.7747371,61462.92,61386.58,64110.48,0.0
299,300.0,0.19155432,2.897907,71458.91,71353.83,70537.07,0.0
300,301.0,0.20876244,3.023011,68513.234,68416.29,69018.195,0.0
301,302.0,0.594257,4.3151913,85996.87,85869.78,89547.73,0.0
302,303.0,1.0673827,7.6776557,82925.96,82804.21,86880.72,0.0
303,304.0,0.9259541,6.0120244,62180.867,62102.887,67770.01,0.0
304,305.0,0.46025676,4.660425,64170.92,64087.01,68907.68,0.0
305,306.0,1.9282007,4.8422675,38648.18,38614.49,36070.312,0.0
306,307.0,0.24008179,3.0679417,61885.887,61811.297,62156.547,0.0
307,308.0,0.31517166,2.475745,42402.66,42357.758,44340.406,0.0
308,309.0,0.16462792,3.7863421,68398.85,68302.73,66719.766,0.0
309,310.0,0.19068396,3.4748154,63935.816,63851.383,63624.51,0.0
310,311.0,0.37887165,2.533887,42402.656,42357.758,43845.895,0.0
311,312.0,0.2145106,3.7081058,64715.293,64630.668,65079.355,0.0
312,313.0,0.21407668,3.4692173,64789.383,64704.594,63577.156,0.0
313,314.0,0.16263554,3.1435833,61897.9,61822.4,61812.637,0.0
314,315.0,0.55788034,8.644414,38108.895,38076.336,38462.66,0.0
315,316.0,0.1699931,3.3819246,63811.094,63727.863,64658.03,0.0
316,317.0,0.104143314,3.073922,71328.96,71222.91,71326.52,0.0
317,318.0,0.39510614,2.1833575,55476.625,55417.113,55168.03,0.0
318,319.0,0.2182503,2.7536345,42402.66,42357.76,44133.52,0.0
319,320.0,2.273179,11.820102,55147.383,55086.82,58329.41,0.0
320,321.0,0.1457665,4.218169,65012.4,64926.816,64420.33,0.0
321,322.0,0.11727923,3.1143422,83296.31,83174.164,82592.734,0.0
322,323.0,0.18510212,2.8618488,37354.746,37322.605,37298.562,0.0
323,324.0,0.08719336,5.0592766,68278.86,68181.875,68509.14,0.0
324,325.0,0.21742244,3.3510127,61561.09,61483.78,63015.18,0.0
325,326.0,0.1626108,3.15545,59349.98,59279.94,60646.535,0.0
326,327.0,0.2839978,4.607336,42402.66,42357.758,41741.562,0.0
327,328.0,1.4015459,7.414153,68930.836,68833.336,71646.67,0.0
328,329.0,1.0663576,6.720652,55151.113,55092.977,56947.895,0.0
329,330.0,0.14733854,3.3630648,68180.57,68083.94,68653.016,0.0
330,331.0,0.8288349,6.6795096,68268.336,68171.914,69411.3,0.0
331,332.0,0.7087747,4.4002733,55297.195,55238.145,56483.25,0.0
332,333.0,0.39105093,3.3230321,58026.15,57957.78,59835.91,0.0
333,334.0,0.31149158,2.9050996,64123.02,64039.047,63771.395,0.0
334,335.0,0.5926085,3.2894406,42402.656,42357.758,42532.72,0.0
335,336.0,0.1252536,1.8587301,61359.656,61286.668,61286.375,0.0
336,337.0,0.119562715,2.3152843,59962.523,59891.805,60161.32,0.0
337,338.0,0.20990436,2.999796,83773.14,83649.71,83248.55,0.0
338,339.0,0.09410149,2.1298146,61096.883,61021.74,61263.65,0.0
339,340.0,0.16789374,4.0552254,62625.633,62546.68,63368.523,0.0
340,341.0,0.40723515,2.994493,64420.695,64336.508,64861.637,0.0
341,342.0,1.4635059,7.1893435,61356.27,61277.85,62862.094,0.0
342,343.0,0.50625896,5.965135,65289.945,65202.78,67029.51,0.0
343,344.0,0.16468407,2.3589876,68950.7,68853.13,67592.64,0.0
344,345.0,0.10768537,2.426456,63781.477,63698.03,64729.418,0.0
345,346.0,0.5250452,4.7838264,61578.457,61501.863,63302.24,0.0
346,347.0,0.23422682,3.0030158,63869.17,63784.57,64817.977,0.0
347,348.0,0.22859523,2.6042585,58675.137,58606.78,59821.09,0.0
348,349.0,0.6464789,3.217021,68397.055,68300.24,71337.26,0.0
349,350.0,0.12531726,2.9885087,62955.98,62875.355,63147.91,0.0
350,351.0,0.73507226,5.4180355,64447.582,64363.06,62036.52,0.0
351,352.0,0.16806601,3.615185,64673.383,64588.785,63883.793,0.0
352,353.0,0.09079552,2.2162476,60826.24,60754.15,61045.99,0.0
353,354.0,0.6897105,5.0395226,62406.42,62327.906,59771.434,0.0
354,355.0,0.11208457,3.7396276,85667.12,85538.234,85195.54,0.0
355,356.0,0.32792312,3.2633617,71739.84,71635.164,69721.766,0.0
356,357.0,0.090983585,4.1781683,64647.773,64561.617,64150.945,0.0
357,358.0,0.7299949,3.3823657,58541.535,58473.125,57538.742,0.0
358,359.0,1.3006399,5.3351707,62103.6,62025.94,62959.566,0.0
359,360.0,0.33494362,7.1279197,61956.773,61881.594,61599.066,0.0
360,361.0,0.9069074,6.7646127,72668.195,72561.39,73240.766,0.0
361,362.0,0.8068159,5.697162,57898.25,57828.97,58232.195,0.0
362,363.0,0.55325174,4.5587907,58559.957,58494.684,59580.434,0.0
363,364.0,1.8361673,4.555453,42402.664,42357.758,47614.67,0.0
364,365.0,0.21006975,3.13589,59653.01,59585.383,60124.16,0.0
365,366.0,0.14625585,2.8075252,60934.74,60860.67,62079.977,0.0
366,367.0,0.13213104,3.5661447,71716.59,71611.586,72170.484,0.0
367,368.0,0.11281218,3.1139584,71964.62,71859.14,72121.766,0.0
368,369.0,0.19476888,2.720294,55700.727,55642.184,56334.16,0.0
369,370.0,0.16950147,3.5461226,67712.79,67618.0,68078.03,0.0
370,371.0,0.55424076,3.6804602,57825.68,57760.82,58067.15,0.0
371,372.0,0.6292873,2.9493403,61217.73,61143.24,61801.145,0.0
372,373.0,0.3968955,2.7035363,37639.043,37606.73,36884.957,0.0
373,374.0,0.16178878,2.7677562,64103.805,64018.47,64853.523,0.0
374,375.0,0.22897375,2.591789,61690.08,61612.023,61289.797,0.0
375,376.0,0.31278497,4.241062,71494.62,71390.02,71845.81,0.0
376,377.0,0.10723584,2.7200704,71301.52,71196.43,71417.78,0.0
377,378.0,0.073538005,2.449674,72734.06,72626.94,72825.99,0.0
378,379.0,0.09782893,3.1562805,62909.457,62829.73,63441.566,0.0
379,380.0,0.0880047,2.34802,64169.19,64085.543,64756.145,0.0
380,381.0,1.375674,9.214379,42402.664,42357.76,43245.977,0.0
381,382.0,0.6788161,4.0475626,61245.76,61172.566,61708.773,0.0
382,383.0,1.28826,4.7650423,58244.625,58176.06,63068.395,0.0
383,384.0,0.18003769,3.3369489,64717.4,64632.582,64671.383,0.0
384,385.0,0.31590962,4.3427677,68879.35,68782.04,68951.016,0.0
385,386.0,0.5279454,4.1928644,56472.25,56408.94,55796.355,0.0
386,387.0,0.07880298,2.5989425,84962.195,84835.484,85065.484,0.0
387,388.0,0.51298875,4.051139,42402.66,42357.758,44064.305,0.0
388,389.0,0.21575823,3.3052847,38110.38,38078.082,38680.598,0.0
389,390.0,0.11616971,2.5852294,60839.305,60763.117,61628.816,0.0
390,391.0,0.47284046,3.313428,62814.758,62734.523,63753.492,0.0
391,392.0,0.5848924,4.5535955,38229.18,38196.395,37803.82,0.0
392,393.0,0.099339925,2.0157406,64308.316,64224.26,65094.434,0.0
393,394.0,0.35246718,3.5402317,57912.258,57844.566,59975.195,0.0
394,395.0,0.11655753,3.1163025,64490.406,64405.18,63896.285,0.0
395,396.0,0.5439801,3.2099483,58246.844,58178.445,57979.594,0.0
396,397.0,0.17159939,2.5456357,68110.08,68014.67,67658.055,0.0
397,398.0,0.20985453,3.2991278,68263.36,68166.72,66853.484,0.0
398,399.0,0.18838094,2.1745222,82007.68,81888.46,81203.54,0.0
399,400.0,0.09293075,2.8062136,84161.836,84038.08,83811.02,0.0
400,401.0,0.265571,3.0008159,62640.617,62560.387,63240.918,0.0
401,402.0,0.30895624,4.055336,63592.91,63511.94,62677.34,0.0
402,403.0,0.17420463,3.1924694,57143.977,57081.043,57635.02,0.0
403,404.0,0.14422832,3.326669,42402.656,42357.758,43285.656,0.0
404,405.0,0.07290037,2.7950642,64804.242,64718.715,64989.613,0.0
405,406.0,0.051112253,2.0530183,69083.33,68985.53,68968.4,0.0
406,407.0,0.07669147,2.8926258,71812.95,71707.44,71300.72,0.0
407,408.0,0.036848534,2.827121,65007.68,64922.44,65231.625,0.0
408,409.0,1.4348842,3.0862267,38619.156,38586.016,41589.957,0.0
409,410.0,0.22039244,2.300509,64117.57,64033.59,64322.98,0.0
410,411.0,0.1684687,2.3173277,42402.66,42357.76,43488.086,0.0
411,412.0,0.43630576,2.6862035,42402.656,42357.76,44773.37,0.0
412,413.0,0.3144351,6.3744464,71592.81,71486.9,72807.09,0.0
413,414.0,0.8008808,6.296173,85087.62,84960.09,86884.44,0.0
414,415.0,0.5083793,5.736026,68675.46,68578.055,69308.86,0.0
415,416.0,0.09206488,2.9103563,61606.094,61529.49,61845.6,0.0
416,417.0,0.6173947,5.2779546,68399.44,68303.06,69064.586,0.0
417,418.0,0.871779,3.981643,63631.793,63546.883,62547.99,0.0
418,419.0,0.16844119,2.518571,71710.875,71604.46,71367.484,0.0
419,420.0,0.44717643,6.351686,59022.24,58955.344,57965.156,0.0
420,421.0,0.10149143,1.5532717,82270.14,82150.47,81761.1,0.0
421,422.0,0.082514234,2.6551945,63094.125,63013.25,63162.785,0.0
422,423.0,0.13136321,2.0666113,68037.58,67941.96,67687.23,0.0
423,424.0,0.9800583,7.9751883,42402.664,42357.758,45862.707,0.0
424,425.0,0.046074957,1.3759342,68950.53,68852.836,68788.516,0.0
425,426.0,0.26679662,3.2757237,42402.66,42357.758,43715.902,0.0
426,427.0,0.16281284,2.4792914,72144.586,72038.6,70150.9,0.0
427,428.0,0.5051448,4.336347,38537.156,38504.08,38355.97,0.0
428,429.0,0.18884218,4.158238,68517.414,68421.086,68064.85,0.0
429,430.0,0.076897845,3.0227134,68228.35,68132.56,67756.85,0.0
430,431.0,0.04699402,2.5570967,63282.6,63201.17,63572.99,0.0
431,432.0,0.1423492,2.318169,64430.0,64346.26,64821.33,0.0
432,433.0,0.06775298,3.5244975,61719.06,61640.34,62484.297,0.0
433,434.0,0.039793603,2.2861745,70845.69,70741.234,69946.79,0.0
434,435.0,0.08559319,2.300228,61854.23,61779.363,61908.67,0.0
435,436.0,0.12685645,2.7320113,59715.227,59645.375,59472.01,0.0
436,437.0,0.17710853,1.677667,57658.316,57594.145,57320.727,0.0
437,438.0,0.057427548,2.781419,64236.76,64153.06,64281.75,0.0
438,439.0,0.04748896,1.9940569,61598.43,61520.066,61812.41,0.0
439,440.0,0.13000846,2.9427555,63962.293,63878.85,63527.156,0.0
440,441.0,0.05816818,2.2941394,63759.66,63675.66,63593.25,0.0
441,442.0,0.14043014,2.591019,64470.74,64386.906,63697.84,0.0
442,443.0,0.14881821,2.5224752,58537.9,58468.566,57830.875,0.0
443,444.0,0.07101662,3.4546738,62409.008,62330.977,62358.293,0.0
444,445.0,0.0374039,2.575531,72547.44,72440.07,71890.92,0.0
445,446.0,0.1748852,9.973417,58108.832,58043.84,57557.41,0.0
446,447.0,0.10346935,2.6784863,67523.234,67428.05,67658.59,0.0
447,448.0,0.017679472,3.5573773,65008.93,64922.633,64862.77,0.0
448,449.0,0.13592467,3.558376,68903.38,68805.734,67986.84,0.0
449,450.0,0.050112076,1.752947,64379.363,64294.992,64827.625,0.0
450,451.0,0.056353766,2.359264,61597.625,61523.145,61449.758,0.0
451,452.0,0.13772826,1.9779625,63028.49,62948.566,63088.387,0.0
452,453.0,1.5167418,3.718596,38622.367,38589.254,38475.06,0.0
453,454.0,0.35589427,1.5273898,38690.594,38656.887,38846.258,0.0
454,455.0,0.13854893,2.1084223,64191.6,64106.72,63056.008,0.0
455,456.0,0.10428075,3.3778088,83613.66,83490.66,82630.81,0.0
456,457.0,0.085432656,1.8883635,59774.48,59701.113,59716.867,0.0
457,458.0,0.14283603,2.8467412,64425.215,64340.637,64292.4,0.0
458,459.0,0.25593287,4.058262,68418.54,68322.27,67785.19,0.0
459,460.0,0.2324954,3.3284204,57198.242,57134.184,56789.156,0.0
460,461.0,0.29100674,2.5371456,54625.33,54566.285,55247.383,0.0
461,462.0,0.11051303,2.27716,72064.664,71958.734,71695.055,0.0
462,463.0,0.11259911,2.0258,54014.742,53957.08,53313.33,0.0
463,464.0,0.0726778,2.878964,68040.72,67944.1,67919.35,0.0
464,465.0,0.38006064,2.424081,54477.92,54418.184,54859.83,0.0
465,466.0,0.32294416,3.1547928,86249.87,86122.1,86190.21,0.0
466,467.0,0.06497368,1.9958608,70923.77,70818.375,70344.336,0.0
467,468.0,0.15702793,2.235757,54278.59,54221.445,53921.6,0.0
468,469.0,0.08232092,2.9793324,62278.6,62201.84,62438.383,0.0
469,470.0,0.062213976,2.4566576,68660.13,68562.766,68153.266,0.0
470,471.0,0.12456788,3.040775,62574.758,62495.273,62755.418,0.0
471,472.0,0.2144435,3.6295598,60224.453,60153.85,59526.645,0.0
472,473.0,2.2922924,5.367257,84435.11,84309.484,95593.05,0.0
473,474.0,0.21037163,2.6867414,61133.055,61059.156,61736.168,0.0
474,475.0,0.11452545,2.2078328,63985.24,63902.75,64502.457,0.0
475,476.0,0.0885414,3.3372908,71564.97,71458.945,71197.41,0.0
476,477.0,0.67610234,5.3925314,60859.68,60783.617,59809.01,0.0
477,478.0,0.5347021,3.7449765,42402.656,42357.758,44692.797,0.0
478,479.0,0.170221,2.1760216,42402.664,42357.758,43556.65,0.0
479,480.0,0.1732661,3.8590024,60635.457,60563.03,61578.07,0.0
480,481.0,0.14237502,3.3735745,61498.445,61423.758,62347.785,0.0
481,482.0,0.03657613,1.8274114,67948.28,67852.47,67963.21,0.0
482,483.0,0.11458594,2.1155689,63430.684,63347.793,64020.52,0.0
483,484.0,0.12743883,3.6753292,61659.742,61583.137,60977.918,0.0
484,485.0,0.302559,7.565928,38196.48,38164.168,37445.105,0.0
485,486.0,0.07192291,2.3443737,63058.367,62974.395,62849.785,0.0
486,487.0,0.07263473,2.6321514,62399.043,62320.92,62823.42,0.0
487,488.0,0.062365226,2.6049888,72151.74,72045.79,71652.14,0.0
488,489.0,0.05939,1.660339,71965.75,71859.47,72001.164,0.0
489,490.0,0.051638275,3.1247725,71889.54,71783.58,71774.945,0.0
490,491.0,0.024821725,1.7059077,68104.484,68008.61,67849.66,0.0
491,492.0,0.06390069,2.336792,83140.74,83018.836,81963.99,0.0
492,493.0,0.35030103,8.545395,71887.555,71782.11,70476.836,0.0
493,494.0,0.0759552,2.240862,83169.64,83048.01,82467.94,0.0
494,495.0,0.050613806,1.7298764,60938.22,60864.594,60986.31,0.0
495,496.0,0.0350666,2.5516531,62894.645,62814.785,63015.332,0.0
496,497.0,0.12002932,2.07404,64781.67,64695.633,64399.457,0.0
497,498.0,0.20267703,2.5471466,61363.566,61286.668,60759.22,0.0
498,499.0,0.03736084,2.162898,68416.79,68320.09,68567.016,0.0
499,500.0,0.15285642,1.6370617,60272.52,60199.418,60239.535,0.0
500,501.0,0.055886768,1.9572972,60706.26,60632.395,61142.25,0.0
501,502.0,0.38126826,3.918639,54891.16,54831.125,53618.27,0.0
502,503.0,0.031444173,2.1168065,64644.543,64560.15,64950.094,0.0
503,504.0,0.040003628,2.1227841,64353.684,64269.523,64337.453,0.0
504,505.0,0.0613011,6.8028064,57200.875,57137.445,57186.31,0.0
505,506.0,0.96606666,4.0031095,82263.2,82144.26,81701.93,0.0
506,507.0,0.16057886,3.609371,58036.91,57968.965,58545.53,0.0
507,508.0,0.17870376,4.083162,64586.1,64502.0,64470.043,0.0
508,509.0,0.17857078,3.0464258,70857.45,70753.67,70326.59,0.0
509,510.0,0.13300416,2.86068,59935.23,59865.32,60010.145,0.0
510,511.0,0.06448015,2.6688113,67750.984,67655.05,67661.77,0.0
511,512.0,0.05800814,2.3492177,61757.613,61680.23,61497.945,0.0
512,513.0,0.05446929,1.913127,63024.113,62944.355,62955.094,0.0
513,514.0,0.07147032,2.6172855,68941.914,68844.414,68883.13,0.0
514,515.0,0.03791325,2.667371,70901.98,70797.234,70452.51,0.0
515,516.0,0.21365789,3.1118538,71622.57,71517.945,71183.23,0.0
516,517.0,0.043507103,2.267975,64195.453,64110.844,63858.695,0.0
517,518.0,0.035998896,1.8908567,72272.1,72165.164,72041.09,0.0
518,519.0,0.23088296,3.8310382,82935.54,82812.64,82905.67,0.0
519,520.0,0.19294648,4.161415,60749.01,60672.69,60428.293,0.0
520,521.0,0.05313042,1.8731443,68686.71,68589.16,68220.2,0.0
521,522.0,0.057657868,1.5818179,42402.66,42357.758,42933.72,0.0
522,523.0,0.02658521,2.0703163,72488.81,72381.2,72200.125,0.0
523,524.0,0.30119985,2.4295037,60479.867,60406.668,60263.363,0.0
524,525.0,0.10740282,2.7005029,85739.516,85610.74,84931.81,0.0
525,526.0,0.060549423,3.2286558,62104.16,62026.26,61790.97,0.0
526,527.0,0.044967048,2.0840569,64770.32,64682.965,64109.75,0.0
527,528.0,0.0462453,2.640523,67813.11,67717.58,67222.02,0.0
528,529.0,0.6884137,1.9537859,42402.66,42357.758,42703.297,0.0
529,530.0,0.15208247,3.0919614,62158.957,62081.285,62289.008,0.0
530,531.0,0.9264108,3.42735,42402.656,42357.76,44505.633,0.0
531,532.0,0.29270884,2.9715614,42402.66,42357.76,44384.688,0.0
532,533.0,0.13987191,2.886591,68191.59,68095.19,69599.1,0.0
533,534.0,0.5447898,2.4569488,59720.94,59649.73,62656.906,0.0
534,535.0,0.11444105,2.985567,67975.79,67880.305,67868.31,0.0
535,536.0,0.10141583,3.3513038,64222.52,64138.793,65274.082,0.0
536,537.0,0.07069579,2.9722116,82943.46,82821.29,82909.9,0.0
537,538.0,0.114554055,2.4694438,65057.547,64972.01,64927.65,0.0
538,539.0,0.13577017,2.010851,42402.656,42357.76,42887.117,0.0
539,540.0,0.41147104,3.6116626,58987.59,58918.02,59634.195,0.0
540,541.0,0.07716793,2.214764,63563.83,63480.555,64549.35,0.0
541,542.0,0.05932327,2.4924152,64949.293,64862.867,64634.816,0.0
542,543.0,0.09047472,4.3425984,68495.72,68398.89,68442.66,0.0
543,544.0,0.17123035,4.0432425,42402.66,42357.758,42874.223,0.0
544,545.0,0.15014094,3.0409977,42402.66,42357.758,42726.47,0.0
545,546.0,0.07693635,1.8774205,62795.145,62713.97,63479.73,0.0
546,547.0,0.03446343,2.134196,86948.36,86819.625,86493.836,0.0
547,548.0,0.19381583,3.7630296,60438.0,60365.99,60021.23,0.0
548,549.0,0.14109215,2.9439602,59591.77,59520.92,59129.59,0.0
549,550.0,0.061002724,2.387373,59407.215,59337.863,59632.465,0.0
550,551.0,0.039360013,2.0800397,67942.09,67846.266,67875.15,0.0
551,552.0,0.042857926,1.7770559,68955.89,68857.984,69083.27,0.0
552,553.0,0.051338837,2.9297671,64677.055,64591.547,64450.008,0.0
553,554.0,0.07813096,1.9782091,72045.35,71939.445,71418.414,0.0
554,555.0,0.05977362,2.7028863,61314.48,61241.047,61834.168,0.0
555,556.0,0.0731098,1.8522273,61414.27,61338.566,61751.965,0.0
556,557.0,0.45881143,5.0302176,68493.664,68396.66,65518.344,0.0
557,558.0,0.11951475,3.2102766,63802.645,63718.184,63961.953,0.0
558,559.0,0.036472417,3.7391253,68646.56,68549.29,68579.945,0.0
559,560.0,0.103393316,3.1999302,37787.617,37755.504,37884.812,0.0
560,561.0,0.06366865,2.3344367,63767.703,63684.055,63890.816,0.0
561,562.0,0.04862124,1.9969704,61089.965,61014.918,61323.32,0.0
562,563.0,0.020910665,1.7175684,64811.367,64725.73,64546.43,0.0
563,564.0,0.057953946,3.70247,68764.31,68667.07,68545.46,0.0
564,565.0,0.05152659,2.793095,63398.34,63315.25,63833.434,0.0
565,566.0,0.028504059,2.3406148,68970.44,68873.09,68831.766,0.0
566,567.0,0.05291243,1.9983284,85265.9,85139.97,84622.97,0.0
567,568.0,0.25718534,3.840305,59632.69,59561.53,59759.51,0.0
568,569.0,0.36051658,3.8528323,62839.82,62761.895,63511.465,0.0
569,570.0,0.48361975,6.4203877,71938.04,71831.516,72087.586,0.0
570,571.0,0.5133317,5.800818,85427.04,85299.984,81149.875,0.0
571,572.0,0.22876506,2.867749,59196.605,59126.957,59659.434,0.0
572,573.0,0.21759194,3.0292645,64468.125,64383.457,63570.01,0.0
573,574.0,0.3517597,4.793226,64225.42,64139.83,65111.957,0.0
574,575.0,0.47784066,4.127424,72792.3,72684.59,72151.94,0.0
575,576.0,0.7445673,4.354123,37304.05,37272.504,38109.832,0.0
576,577.0,0.65321314,4.36285,42402.664,42357.766,44118.254,0.0
577,578.0,0.19234058,2.777207,62137.367,62061.594,63198.59,0.0
578,579.0,0.07719399,2.4241931,68271.33,68175.33,68731.19,0.0
579,580.0,0.2657129,3.5663583,61659.84,61584.25,62828.0,0.0
580,581.0,0.09142572,3.5216537,63001.57,62921.867,63128.633,0.0
581,582.0,0.07236232,3.311472,68914.805,68817.25,68231.04,0.0
582,583.0,0.071314774,2.6302896,68536.96,68440.1,67317.44,0.0
583,584.0,0.08772033,2.5164661,72171.664,72064.89,70820.86,0.0
584,585.0,0.09659412,2.328902,60397.72,60324.875,60598.01,0.0
585,586.0,0.09412944,1.9388292,68614.03,68516.72,68177.89,0.0
586,587.0,0.06763354,1.928317,59955.59,59884.023,60113.32,0.0
587,588.0,0.18201305,2.2667644,37984.58,37951.78,37831.35,0.0
588,589.0,0.1050016,2.047128,64968.242,64881.22,64958.203,0.0
589,590.0,0.51430017,5.9851294,38591.867,38558.668,38222.805,0.0
590,591.0,0.043968294,3.3878555,64590.094,64505.492,64281.1,0.0
591,592.0,0.10691389,2.2095652,58801.793,58733.117,58931.094,0.0
592,593.0,0.08339383,2.291737,62496.51,62417.625,62863.895,0.0
593,594.0,0.10786463,2.4850576,71654.055,71548.05,70521.97,0.0
594,595.0,0.053719714,2.6626706,68587.04,68489.92,68298.16,0.0
595,596.0,0.26269147,5.0122247,38339.67,38306.582,37893.418,0.0
596,597.0,0.0836039,2.311506,86301.59,86172.5,86246.086,0.0
597,598.0,0.2710595,3.718836,64163.73,64079.793,65088.34,0.0
598,599.0,0.04852506,2.6347897,63116.74,63036.066,64156.832,0.0
599,600.0,0.23415934,3.3452322,38623.207,38589.902,38046.42,0.0
600,601.0,0.059775732,2.77053,64116.645,64032.547,64111.15,0.0
601,602.0,0.067974605,2.2744596,57780.707,57715.258,57883.145,0.0
602,603.0,0.11368992,3.6311328,72150.05,72043.63,71618.41,0.0
603,604.0,0.039556485,1.6869985,68514.61,68418.45,68075.76,0.0
604,605.0,0.09037793,2.2110891,42402.66,42357.758,42683.617,0.0
605,606.0,0.068286814,1.7247293,42402.66,42357.758,42475.52,0.0
606,607.0,0.03026932,2.4579613,64177.082,64091.793,64023.582,0.0
607,608.0,0.04702368,2.8995717,68817.54,68720.81,68830.39,0.0
608,609.0,0.11070801,2.1054585,37855.355,37822.85,37859.793,0.0
609,610.0,0.022413751,1.4851778,62242.617,62163.35,62462.113,0.0
610,611.0,0.06473615,2.0893626,61611.195,61536.082,61473.523,0.0
611,612.0,0.029551515,1.9526602,64108.6,64025.156,63942.605,0.0
612,613.0,0.022352075,1.6595626,62783.395,62702.785,62894.51,0.0
613,614.0,0.16198146,1.9878912,63634.875,63552.113,64220.656,0.0
614,615.0,0.04454133,2.207645,61444.47,61366.363,61322.066,0.0
615,616.0,0.7778758,5.693622,72156.914,72050.38,73044.82,0.0
616,617.0,0.27015862,3.8002534,59997.684,59925.883,62045.81,0.0
617,618.0,0.13028939,3.4506524,72278.984,72173.125,72715.76,0.0
618,619.0,0.20513661,3.5170918,42402.66,42357.758,44278.035,0.0
619,620.0,0.13571636,3.2365468,68288.305,68192.06,69099.586,0.0
620,621.0,0.0774379,2.894717,68381.51,68284.33,69152.04,0.0
621,622.0,0.28586987,3.8992863,37854.73,37822.176,39324.83,0.0
622,623.0,0.05417041,1.7715467,68471.25,68374.84,68435.055,0.0
623,624.0,1.3298353,2.946024,67523.17,67428.42,65431.703,0.0
624,625.0,0.38240057,3.4012897,64328.875,64243.844,64503.668,0.0
625,626.0,0.07938759,2.6120749,85331.125,85204.56,84764.836,0.0
626,627.0,0.053234078,2.6942997,68048.43,67952.14,68102.49,0.0
627,628.0,0.5153434,5.4283195,64139.832,64056.035,61318.25,0.0
628,629.0,1.2644701,11.373037,82572.12,82451.11,85210.36,0.0
629,630.0,0.12272998,3.152146,60713.28,60640.44,61156.31,0.0
630,631.0,0.2114361,3.1288798,59992.69,59921.53,61009.25,0.0
631,632.0,0.23864053,2.5393276,84041.7,83917.664,83792.69,0.0
632,633.0,0.06371667,2.5400922,82199.69,82079.79,81794.79,0.0
633,634.0,0.0989993,2.2627804,58284.477,58219.305,58204.227,0.0
634,635.0,0.051389188,2.6776118,64590.1,64504.68,64639.34,0.0
635,636.0,0.07676891,2.7297602,60592.582,60517.65,60869.297,0.0
636,637.0,0.037561376,2.3144739,63945.375,63860.73,63683.49,0.0
637,638.0,4.1472554,4.8765755,38401.773,38368.816,50869.42,0.0
638,639.0,0.43852302,3.351563,68904.98,68807.75,71889.086,0.0
639,640.0,0.33069512,4.0935006,65118.066,65031.02,67067.7,0.0
640,641.0,0.23353268,3.1301658,68768.375,68672.24,69974.086,0.0
641,642.0,0.14892887,3.3664107,63350.03,63268.33,64804.906,0.0
642,643.0,0.09845153,3.201763,64886.18,64799.133,66098.51,0.0
643,644.0,0.1359496,3.436829,68591.31,68493.73,69713.25,0.0
644,645.0,0.10041286,2.8740857,85158.11,85032.164,85894.1,0.0
645,646.0,0.09778525,3.049029,64083.133,63998.055,64826.715,0.0
646,647.0,0.12262578,3.4093509,60885.047,60808.355,62337.406,0.0
647,648.0,0.07050697,3.4801526,67670.04,67574.38,68575.79,0.0
648,649.0,0.15534008,3.873848,68729.2,68631.91,69480.24,0.0
649,650.0,0.120393924,3.2554028,42402.664,42357.76,43765.473,0.0
650,651.0,0.053919714,3.291676,68715.21,68617.555,69432.5,0.0
651,652.0,0.3557488,3.295882,64383.6,64297.85,65348.168,0.0
652,653.0,0.39564052,3.002988,64440.6,64356.66,63894.273,0.0
653,654.0,0.2839726,3.1829278,38594.82,38561.52,38367.32,0.0
654,655.0,0.15054004,2.8875906,42402.66,42357.758,43427.574,0.0
655,656.0,0.07633461,2.6948907,71731.69,71624.945,71406.1,0.0
656,657.0,0.114912204,2.4271579,59224.406,59155.105,58989.477,0.0
657,658.0,0.3299718,3.746424,57081.98,57018.785,56430.09,0.0
658,659.0,0.09410163,3.4202445,61717.52,61642.285,62389.168,0.0
659,660.0,0.072882906,3.1410398,72279.016,72171.875,72350.836,0.0
660,661.0,0.24050424,6.9586754,42402.66,42357.758,42042.19,0.0
661,662.0,0.2609548,3.8624644,58981.785,58913.145,57853.965,0.0
662,663.0,0.29009843,4.8187323,82476.3,82357.11,80853.97,0.0
663,664.0,0.24031843,2.9796257,68730.016,68632.336,67490.4,0.0
664,665.0,0.060095936,2.5714214,85246.56,85121.89,84700.24,0.0
665,666.0,0.052453972,2.1767635,63512.195,63430.145,64067.035,0.0
666,667.0,0.145353,2.0754588,42402.66,42357.758,43391.28,0.0
667,668.0,0.12964597,2.7266238,59636.93,59567.297,59658.887,0.0
668,669.0,0.3505557,4.6486554,63547.305,63462.875,62842.297,0.0
669,670.0,0.0608176,2.3073366,60100.53,60030.934,60257.918,0.0
670,671.0,0.15469848,5.3556952,58325.613,58256.52,59588.77,0.0
671,672.0,0.25467888,2.819644,64652.69,64568.293,65113.31,0.0
672,673.0,0.7172877,4.5341344,68812.46,68714.54,71196.0,0.0
673,674.0,1.2790147,4.856724,38770.457,38736.75,43360.855,0.0
674,675.0,0.32877502,4.3354573,64674.555,64590.08,63778.465,0.0
675,676.0,0.15333693,2.9994943,64287.84,64203.867,65065.992,0.0
676,677.0,0.3009672,3.48327,61512.137,61438.168,62818.74,0.0
677,678.0,0.4560026,3.2983246,38644.844,38611.72,39711.223,0.0
678,679.0,0.1699016,2.4289472,56645.85,56584.258,57090.668,0.0
679,680.0,0.105849065,2.9445004,58426.93,58360.445,58977.727,0.0
680,681.0,0.13508727,2.7105875,68455.305,68358.39,69048.56,0.0
681,682.0,0.05585113,3.2527835,68850.9,68753.81,69034.4,0.0
682,683.0,0.2770018,2.96209,61738.375,61662.83,61675.844,0.0
683,684.0,0.13952406,4.170853,68710.81,68613.836,68865.586,0.0
684,685.0,0.6901742,4.882855,68593.62,68496.59,72534.336,0.0
685,686.0,0.26110348,1.1639371,62087.6,62011.758,64435.92,0.0
686,687.0,0.041766554,0.8601092,68489.73,68392.51,68122.734,0.0
687,688.0,0.04150705,1.8463551,63113.168,63033.156,63212.16,0.0
688,689.0,0.055699736,1.64448,61961.656,61884.31,62352.74,0.0
689,690.0,0.30483183,1.776801,85067.67,84942.19,83459.91,0.0
690,691.0,0.07469753,2.164513,64619.703,64535.043,64944.53,0.0
691,692.0,0.07213279,2.1653411,59866.195,59794.355,60004.613,0.0
692,693.0,0.11686115,2.0744905,42402.66,42357.76,42732.02,0.0
693,694.0,0.034495585,1.8185661,68093.69,67997.27,68298.71,0.0
694,695.0,1.5118529,10.897176,72401.305,72293.71,73113.66,0.0
695,696.0,0.06743413,2.1236277,61895.49,61820.48,61941.113,0.0
696,697.0,0.05543011,2.0641377,61562.65,61485.418,61574.35,0.0
697,698.0,0.039704353,3.207647,72455.18,72347.94,72366.24,0.0
698,699.0,0.050683957,1.8325479,68980.44,68883.016,68603.11,0.0
699,700.0,0.062115364,4.13395,64251.84,64168.09,65109.23,0.0
700,701.0,0.0388175,2.2452328,64495.742,64409.51,64877.25,0.0
701,702.0,0.031184094,2.4885082,70930.4,70826.06,70081.195,0.0
702,703.0,0.03803751,2.3009539,58089.15,58023.605,58589.03,0.0
703,704.0,0.038665976,1.490782,57600.703,57533.344,57642.645,0.0
704,705.0,0.051815063,1.8194621,71829.93,71724.46,71095.11,0.0
705,706.0,0.037934415,2.3062613,68665.46,68568.336,68078.266,0.0
706,707.0,0.06191189,2.5805485,57181.41,57118.094,57516.77,0.0
707,708.0,0.07972656,2.2408867,62953.242,62875.965,63528.656,0.0
708,709.0,0.037313692,1.3670534,61025.965,60952.727,61055.066,0.0
709,710.0,0.69320744,4.2332587,58756.066,58687.285,60918.406,0.0
710,711.0,0.2670856,3.773439,61933.707,61857.363,63444.742,0.0
711,712.0,0.17814052,3.2529922,63981.492,63897.33,64751.02,0.0
712,713.0,0.2145838,3.5666928,57481.91,57418.332,58432.492,0.0
713,714.0,0.16930826,2.9709935,65351.867,65264.57,65679.07,0.0
714,715.0,0.27193144,3.2539952,42402.66,42357.758,43733.41,0.0
715,716.0,0.31401068,4.10124,68459.734,68363.414,68045.29,0.0
716,717.0,0.11153312,3.4274335,86084.19,85956.836,85961.57,0.0
717,718.0,0.1377124,2.631802,61795.375,61718.023,63125.195,0.0
718,719.0,0.21744864,2.6980965,68240.54,68144.75,69178.56,0.0
719,720.0,0.22795804,3.0366497,61428.91,61353.953,62026.805,0.0
720,721.0,0.087679,2.9988768,68892.08,68794.445,69123.91,0.0
721,722.0,0.15240046,3.328198,42402.66,42357.758,43857.01,0.0
722,723.0,0.13144167,2.7673993,60771.543,60698.35,61647.785,0.0
723,724.0,0.15426445,2.9741766,60772.91,60699.605,61444.645,0.0
724,725.0,0.06711595,2.674245,68485.74,68388.805,68724.04,0.0
725,726.0,0.20716867,2.9969444,63985.066,63900.48,64362.68,0.0
726,727.0,0.07922624,2.8622434,64174.01,64090.4,65339.113,0.0
727,728.0,0.15907189,2.832063,61619.406,61540.67,61933.17,0.0
728,729.0,0.23721682,3.441496,64144.316,64060.605,62883.16,0.0
729,730.0,0.13989048,2.7000332,38657.445,38623.938,39120.836,0.0
730,731.0,0.0408748,2.751904,65025.344,64939.453,65244.293,0.0
731,732.0,0.068436846,2.691456,68623.664,68527.66,68892.586,0.0
732,733.0,0.106794186,3.111302,42402.66,42357.758,43289.37,0.0
733,734.0,0.09645025,2.8128643,42402.66,42357.758,43068.68,0.0
734,735.0,0.06623238,2.8508067,83924.89,83799.32,83969.195,0.0
735,736.0,1.0686426,6.713781,60973.16,60897.43,61593.594,0.0
736,737.0,0.071252406,2.6796956,61786.887,61711.34,61937.547,0.0
737,738.0,0.03136868,2.120717,64605.83,64520.53,64672.43,0.0
738,739.0,0.041624762,2.8324096,84788.92,84663.71,84069.836,0.0
739,740.0,0.018029358,1.1970029,65279.883,65192.43,65261.418,0.0
740,741.0,0.03018765,1.1205329,62693.742,62614.695,62874.785,0.0
741,742.0,0.041244168,1.9626925,62449.758,62371.03,62353.793,0.0
742,743.0,0.1352481,3.2114265,61089.43,61014.78,61405.28,0.0
743,744.0,0.08259269,2.1148448,42402.656,42357.76,42620.258,0.0
744,745.0,0.18125042,2.7836468,64525.367,64438.863,64514.117,0.0
745,746.0,0.014288902,1.152582,85530.22,85403.84,85388.805,0.0
746,747.0,0.02088898,2.2793584,63262.17,63180.6,63178.992,0.0
747,748.0,0.15629564,2.8862169,61150.0,61073.367,61100.65,0.0
748,749.0,0.11885096,3.5002193,59433.32,59364.523,59699.25,0.0
749,750.0,0.1832512,3.4486651,65732.555,65644.13,65678.08,0.0
750,751.0,0.06701708,2.2973607,71635.81,71529.96,70896.33,0.0
751,752.0,0.036809962,1.7603049,68391.58,68294.62,68685.39,0.0
752,753.0,0.03423213,3.0384533,61349.605,61274.316,61539.637,0.0
753,754.0,0.06326695,2.7037868,42402.66,42357.758,42779.75,0.0
754,755.0,0.4184963,3.5179007,38623.855,38590.625,39101.305,0.0
755,756.0,0.06827287,1.3836191,42402.656,42357.76,42523.527,0.0
756,757.0,0.06905718,1.6729133,64150.06,64065.363,64302.02,0.0
757,758.0,0.03075002,1.4328556,82988.62,82866.96,82921.516,0.0
758,759.0,0.31341577,5.507961,64362.707,64276.94,64868.895,0.0
759,760.0,0.11285465,2.7251136,61595.98,61520.387,61714.74,0.0
760,761.0,0.026540885,1.9297483,65164.156,65077.51,65380.76,0.0
761,762.0,0.07698344,2.090196,68504.46,68408.65,67980.31,0.0
762,763.0,0.0461818,2.1021085,60711.85,60637.953,60727.25,0.0
763,764.0,0.040315975,2.8068135,61707.59,61630.66,61689.113,0.0
764,765.0,1.9821149,5.692395,38247.316,38214.48,40126.93,0.0
765,766.0,0.058859475,2.1134543,68567.23,68470.32,68175.76,0.0
766,767.0,0.056430522,1.9609499,59914.72,59843.445,60137.434,0.0
767,768.0,0.6028207,6.199825,60099.53,60023.6,58977.99,0.0
768,769.0,0.07018259,2.709959,82297.84,82178.13,82297.63,0.0
769,770.0,0.05778149,1.9952376,68633.71,68536.45,68446.59,0.0
770,771.0,0.38506663,2.5378547,64132.23,64048.27,64771.418,0.0
771,772.0,0.07695101,2.6151803,62311.168,62236.457,62414.93,0.0
772,773.0,0.07105859,2.715652,61901.773,61823.08,62730.547,0.0
773,774.0,0.042671163,1.9967839,57263.695,57199.07,57392.51,0.0
774,775.0,0.18579845,2.6053603,68760.01,68662.71,67544.766,0.0
775,776.0,0.03275816,2.1653202,85668.234,85541.46,85536.766,0.0
776,777.0,0.11815581,1.8417431,82612.41,82492.164,81676.42,0.0
777,778.0,0.15458925,3.3768094,64563.84,64479.68,63775.727,0.0
778,779.0,0.07828118,1.3660567,72370.46,72263.43,71821.75,0.0
779,780.0,1.7988156,5.6811256,64645.207,64560.42,71595.56,0.0
780,781.0,0.28217494,4.031516,86381.555,86252.53,84527.055,0.0
781,782.0,0.17096579,3.0393856,60970.316,60896.43,61817.195,0.0
782,783.0,0.063421324,2.394169,57466.816,57401.773,58108.715,0.0
783,784.0,0.2799898,3.339345,84293.695,84171.625,82064.31,0.0
784,785.0,0.094540484,2.9338915,56293.117,56229.703,56582.242,0.0
785,786.0,0.05789982,2.8361368,71873.625,71768.625,71388.945,0.0
786,787.0,0.04222825,2.3028045,68597.86,68500.59,67994.414,0.0
787,788.0,0.12021402,1.8194513,62500.65,62421.992,62657.43,0.0
788,789.0,0.15062949,2.7633252,59537.5,59466.344,59218.883,0.0
789,790.0,0.2515212,4.0518537,81713.86,81594.8,79949.32,0.0
790,791.0,0.24064627,3.9656239,58006.156,57940.19,57985.17,0.0
791,792.0,0.0481153,2.8063018,69057.836,68960.17,69054.55,0.0
792,793.0,0.069580875,1.8390135,64239.68,64155.32,64605.934,0.0
793,794.0,0.09186898,2.0861044,60736.5,60662.816,60854.19,0.0
794,795.0,0.14447215,3.0080376,68654.21,68558.086,67314.73,0.0
795,796.0,0.94099474,3.274474,63791.957,63706.457,63421.23,0.0
796,797.0,0.39504066,3.5660706,42402.66,42357.758,44279.438,0.0
797,798.0,0.68242264,5.7302985,68072.484,67976.734,69924.06,0.0
798,799.0,0.20774992,3.6510813,71395.6,71289.26,72979.36,0.0
799,800.0,0.20204687,3.3450427,59886.195,59818.047,61090.73,0.0
800,801.0,0.03996474,1.8534147,68498.79,68401.71,68325.07,0.0
801,802.0,0.088804536,2.124414,60241.977,60169.84,60518.355,0.0
802,803.0,0.10837618,5.621207,60179.703,60107.23,61141.742,0.0
803,804.0,0.048789807,2.5967264,63977.367,63892.906,63722.69,0.0
804,805.0,0.09002332,2.9767835,60224.613,60150.465,60702.387,0.0
805,806.0,0.60525143,2.244601,42402.66,42357.758,43135.61,0.0
806,807.0,0.25229105,2.8133783,64241.99,64157.72,64303.492,0.0
807,808.0,0.09579226,2.943218,63724.008,63639.363,64183.4,0.0
808,809.0,0.043825824,3.124606,68632.4,68536.06,68456.336,0.0
809,810.0,0.03092654,2.338142,65348.01,65260.44,65353.0,0.0
810,811.0,0.059233427,4.3300586,72095.94,71989.266,71869.41,0.0
811,812.0,0.03785025,2.3765056,68873.664,68777.57,68678.234,0.0
812,813.0,0.061178535,2.0991578,64347.895,64263.57,64589.56,0.0
813,814.0,0.03985312,2.4195356,64581.23,64495.73,64474.258,0.0
814,815.0,0.21319401,6.042507,38006.844,37974.305,38015.7,0.0
815,816.0,0.17974386,3.465219,42402.66,42357.758,43095.387,0.0
816,817.0,0.025365623,2.496256,68662.51,68565.64,68743.445,0.0
817,818.0,0.052468747,2.280013,59001.293,58930.957,58728.18,0.0
818,819.0,0.17807148,2.561797,38855.117,38820.99,39124.492,0.0
819,820.0,0.5527792,2.2112136,67552.69,67457.45,67457.11,0.0
820,821.0,0.026836444,2.920249,69048.51,68950.766,68843.484,0.0
821,822.0,0.020728413,2.6032686,68410.02,68313.27,68427.945,0.0
822,823.0,1.0235683,4.826518,42402.656,42357.758,40465.5,0.0
823,824.0,0.4328197,3.0981264,64395.332,64310.6,64497.113,0.0
824,825.0,0.10327695,2.3848338,64156.41,64072.52,64909.887,0.0
825,826.0,0.07126436,2.6331754,60217.453,60148.406,60114.52,0.0
826,827.0,0.09936948,3.1254356,64102.68,64017.91,64717.26,0.0
827,828.0,0.053724874,2.0133479,42402.66,42357.758,42605.36,0.0
828,829.0,0.09653665,8.625207,72011.23,71905.16,72098.94,0.0
829,830.0,0.20406012,2.712586,68896.41,68799.89,69285.266,0.0
830,831.0,0.024117842,1.9172145,64686.355,64600.707,64782.273,0.0
831,832.0,0.027018461,1.9568803,72133.94,72027.14,71633.445,0.0
832,833.0,0.40205833,3.4256527,37946.344,37914.027,38570.664,0.0
833,834.0,0.021038597,1.7054945,61102.49,61028.84,61132.16,0.0
834,835.0,0.061303884,3.387254,61746.1,61669.863,61903.703,0.0
835,836.0,0.13928589,3.502397,85602.96,85475.945,84810.086,0.0
836,837.0,0.03623304,2.4027438,63617.91,63534.49,63867.98,0.0
837,838.0,0.07493731,2.8518484,67979.71,67884.164,67961.34,0.0
838,839.0,0.06909261,2.3446522,61319.445,61243.08,61296.4,0.0
839,840.0,0.10716198,1.970896,62357.617,62279.227,62418.547,0.0
840,841.0,0.035460185,2.0432975,84714.95,84587.984,84237.195,0.0
841,842.0,0.024582582,1.4586035,69020.65,68923.39,68944.06,0.0
842,843.0,0.05093604,2.0155466,72209.47,72102.99,71470.336,0.0
843,844.0,0.055774894,1.7068895,68637.86,68540.41,67834.83,0.0
844,845.0,0.05797139,2.095551,61294.605,61220.105,61817.73,0.0
845,846.0,0.14850742,1.9733071,65482.34,65395.367,65290.6,0.0
846,847.0,0.09841819,1.5493033,72580.09,72471.73,72065.664,0.0
847,848.0,0.17208134,1.8910757,38053.402,38020.93,38038.867,0.0
848,849.0,0.082283586,2.1728854,61732.22,61658.082,61731.133,0.0
849,850.0,0.051127415,2.3398662,73091.48,72983.016,72819.06,0.0
850,851.0,0.09713699,2.532634,54723.785,54664.28,54513.367,0.0
851,852.0,0.32712382,3.5119767,42402.656,42357.758,43335.215,0.0
852,853.0,0.16155776,3.0468903,59341.844,59275.215,59274.34,0.0
853,854.0,0.12734674,3.1529255,59559.6,59489.72,59698.684,0.0
854,855.0,0.08340146,2.2001913,71816.836,71710.0,70923.375,0.0
855,856.0,0.07087152,2.8408518,86755.17,86625.03,86136.71,0.0
856,857.0,0.13844196,2.2001789,38732.43,38698.848,38609.457,0.0
857,858.0,0.09403645,2.003995,58400.93,58332.895,58697.715,0.0
858,859.0,0.07587157,2.0931942,60964.57,60889.92,60805.24,0.0
859,860.0,0.055063408,2.6728065,85565.73,85439.86,84962.02,0.0
860,861.0,0.059487004,2.6971588,68358.65,68262.586,67393.55,0.0
861,862.0,0.71056366,4.045634,58736.758,58668.645,55419.383,0.0
862,863.0,0.06044356,2.0909371,65659.69,65571.36,65521.887,0.0
863,864.0,0.09245858,1.858499,37740.945,37708.574,37825.305,0.0
864,865.0,0.03427546,1.802363,72369.04,72261.4,71943.984,0.0
865,866.0,0.18175109,2.3687184,42402.66,42357.758,41896.84,0.0
866,867.0,0.08724271,2.4024785,59842.59,59772.332,59680.555,0.0
867,868.0,0.022806043,2.3979626,84261.29,84138.28,83634.46,0.0
868,869.0,1.7844037,4.086741,38799.023,38765.07,34729.91,0.0
869,870.0,0.1402655,2.7130105,68429.22,68332.805,67848.26,0.0
870,871.0,0.40391678,3.3489482,37927.125,37894.844,35740.67,0.0
871,872.0,0.12684813,2.6315525,58629.035,58560.477,58722.48,0.0
872,873.0,0.058868147,2.2398953,59218.703,59150.707,59164.168,0.0
873,874.0,0.12591647,2.1203885,42402.664,42357.758,43242.83,0.0
874,875.0,0.18946329,3.865192,63252.137,63170.656,65258.105,0.0
875,876.0,0.12111961,3.5359294,86032.31,85904.2,86763.89,0.0
876,877.0,0.055134807,2.9052086,85143.56,85016.76,84652.96,0.0
877,878.0,1.260141,5.3892093,62302.555,62225.32,65470.773,0.0
878,879.0,0.10711388,3.2363162,38363.176,38330.117,38344.113,0.0
879,880.0,0.5607365,4.025363,68016.18,67920.516,66428.32,0.0
880,881.0,0.059289508,2.7495098,62618.93,62541.668,63148.668,0.0
881,882.0,0.061625175,2.6902823,61760.08,61681.773,62203.66,0.0
882,883.0,0.02637096,2.7048087,68667.336,68570.81,68818.0,0.0
883,884.0,0.15181074,6.2365255,56232.793,56170.77,55608.97,0.0
884,885.0,1.0837923,4.9166374,68474.31,68377.516,73291.586,0.0
885,886.0,0.2970876,3.6687136,60907.594,60834.094,64221.117,0.0
886,887.0,0.1667025,3.18049,82694.81,82573.305,83828.0,0.0
887,888.0,0.44547954,3.3666043,37855.598,37823.156,38739.918,0.0
888,889.0,0.11386338,2.931016,42402.66,42357.758,43473.27,0.0
889,890.0,0.07212881,2.8231788,63980.523,63896.28,64525.684,0.0
890,891.0,0.06871519,2.675171,59528.91,59458.133,60414.5,0.0
891,892.0,0.07521671,2.5541255,82246.62,82126.38,82714.82,0.0
892,893.0,0.18747938,1.9247894,42402.66,42357.758,42962.742,0.0
893,894.0,0.038596943,1.6531614,85681.06,85553.25,85459.914,0.0
894,895.0,0.38408333,3.3548312,64371.805,64287.84,62543.844,0.0
895,896.0,0.029978428,1.9065405,67455.83,67360.82,67440.89,0.0
896,897.0,0.039622135,1.9585943,56186.035,56124.434,55959.023,0.0
897,898.0,0.28574067,2.6226308,60470.32,60400.035,60458.117,0.0
898,899.0,0.14142624,3.1074731,38808.72,38774.89,38642.195,0.0
899,900.0,0.5065039,3.7857785,60313.844,60242.09,61793.58,0.0
900,901.0,0.57751566,1.6875316,63709.9,63626.68,65857.99,0.0
901,902.0,0.058560554,1.9469591,64625.67,64541.06,64224.06,0.0
902,903.0,0.04575293,2.2312222,71345.5,71240.09,71053.44,0.0
903,904.0,0.50347745,4.8303394,65038.91,64953.785,67170.836,0.0
904,905.0,0.12437238,2.6224313,72171.38,72065.98,72971.984,0.0
905,906.0,0.10852655,2.9500957,85346.5,85220.29,85591.96,0.0
906,907.0,0.10305561,2.0773842,42402.66,42357.76,43205.324,0.0
907,908.0,0.06861373,2.5806987,59145.793,59077.74,59527.15,0.0
908,909.0,0.11959018,2.6215625,72764.84,72657.34,72426.21,0.0
909,910.0,0.053490337,2.6067173,64272.887,64188.56,64585.57,0.0
910,911.0,0.11771785,2.5295653,38130.13,38097.65,38333.508,0.0
911,912.0,0.029354492,2.1679513,63503.367,63422.875,63392.355,0.0
912,913.0,0.1129984,3.1241102,38669.113,38635.457,38913.91,0.0
913,914.0,0.113216676,2.9540312,59143.703,59073.73,59104.297,0.0
914,915.0,0.033552844,1.9274476,62707.26,62627.43,62866.684,0.0
915,916.0,0.0601353,2.022654,64225.72,64141.85,63877.58,0.0
916,917.0,0.15364169,2.4400349,64288.117,64204.094,63676.42,0.0
917,918.0,0.05908293,3.2816308,67702.32,67606.69,67222.58,0.0
918,919.0,0.39899,4.325937,85483.19,85356.55,86140.05,0.0
919,920.0,0.22437036,3.838447,61759.76,61682.547,63879.145,0.0
920,921.0,0.24516846,3.5780492,42402.66,42357.76,44686.973,0.0
921,922.0,0.28643027,4.572326,64189.906,64104.855,62165.633,0.0
922,923.0,0.094485044,2.9271739,82292.77,82173.086,82232.54,0.0
923,924.0,0.21371204,2.4297135,42402.66,42357.76,42712.28,0.0
924,925.0,0.19299623,2.325278,64138.457,64054.59,65400.65,0.0
925,926.0,0.05517345,2.128394,64134.207,64050.703,64511.01,0.0
926,927.0,0.3312754,2.4113688,64346.977,64262.855,64933.797,0.0
927,928.0,0.118800275,3.6703207,38770.54,38736.69,38723.92,0.0
928,929.0,0.46149862,5.4647417,68465.266,68368.836,69737.414,0.0
929,930.0,0.06532317,1.8408307,70713.31,70609.27,70230.164,0.0
930,931.0,0.08890287,1.018701,72447.45,72339.984,71642.94,0.0
931,932.0,0.042651083,1.7934828,62285.863,62207.445,62400.42,0.0
932,933.0,0.041077588,1.8152212,58731.945,58664.957,58782.418,0.0
933,934.0,0.06160642,2.2682345,60845.113,60771.367,60862.02,0.0
934,935.0,0.04387867,1.7814595,38088.168,38055.258,38242.383,0.0
935,936.0,0.36176002,3.2251453,64289.547,64205.51,64025.855,0.0
936,937.0,0.51608115,4.011558,42402.656,42357.758,42866.332,0.0
937,938.0,0.6866346,2.7189598,42402.664,42357.76,41684.332,0.0
938,939.0,0.17692573,3.3147664,60651.637,60579.15,59689.797,0.0
939,940.0,0.0941819,2.5736344,64542.465,64456.16,63896.082,0.0
940,941.0,0.092408694,1.9175013,60957.69,60880.953,61650.6,0.0
941,942.0,0.07824379,1.2670001,62700.043,62620.742,63263.023,0.0
942,943.0,0.14148676,4.7090874,38243.93,38211.15,38158.13,0.0
943,944.0,0.088049434,1.9544963,64601.758,64517.508,65566.61,0.0
944,945.0,0.051026396,2.0605228,71998.12,71891.516,71009.06,0.0
945,946.0,0.051045123,2.0277545,68615.28,68518.79,67411.625,0.0
946,947.0,0.043611437,1.6638339,72325.55,72219.21,71495.19,0.0
947,948.0,0.10709021,3.179186,64361.31,64275.93,64372.65,0.0
948,949.0,0.9362772,4.346222,60033.867,59961.508,60678.168,0.0
949,950.0,0.7019555,13.678942,38663.28,38629.883,38140.44,0.0
950,951.0,0.28619516,3.3060913,68538.38,68441.27,67825.734,0.0
951,952.0,0.24628326,2.8917248,38417.574,38384.156,39855.07,0.0
952,953.0,0.16936365,2.1933641,59059.715,58989.992,58669.215,0.0
953,954.0,0.7242805,4.45721,42402.66,42357.76,45708.28,0.0
954,955.0,0.15698402,3.3063195,38284.81,38251.77,38665.51,0.0
955,956.0,0.05151094,2.3274379,86574.695,86444.13,85798.79,0.0
956,957.0,0.12903136,2.4175014,42402.66,42357.76,43516.984,0.0
957,958.0,0.026561031,1.8157454,68380.35,68284.27,68052.414,0.0
958,959.0,0.57535696,4.1297827,82418.336,82298.484,80008.87,0.0
959,960.0,0.040189214,1.6857396,86258.71,86130.12,85853.89,0.0
960,961.0,1.6367586,5.428115,42402.664,42357.758,45417.77,0.0
961,962.0,0.7007289,2.9852862,38129.914,38097.246,40797.777,0.0
962,963.0,0.20402353,2.6418884,85747.86,85618.64,87823.64,0.0
963,964.0,0.25181243,2.963464,57858.605,57791.883,60519.65,0.0
964,965.0,0.13350576,3.0449588,68591.32,68494.79,69868.11,0.0
965,966.0,0.14599685,2.9249597,60157.457,60085.67,62562.582,0.0
966,967.0,0.13732588,3.0949864,71665.18,71559.875,72138.42,0.0
967,968.0,0.1559608,3.0995088,59703.375,59632.887,61455.105,0.0
968,969.0,0.07576033,3.1502283,68954.11,68856.45,70045.414,0.0
969,970.0,0.11531546,3.3324895,57523.25,57457.508,59188.32,0.0
970,971.0,0.06628561,3.0543773,63064.406,62982.73,64478.887,0.0
971,972.0,0.40109268,4.8217435,61577.023,61500.15,61335.58,0.0
972,973.0,0.099860065,3.317527,61736.977,61659.453,62864.56,0.0
973,974.0,0.075308956,2.6123767,82851.64,82731.9,82642.016,0.0
974,975.0,0.08527257,2.5157664,68985.82,68888.38,69514.086,0.0
975,976.0,0.10301904,3.0394788,70986.73,70881.57,71197.19,0.0
976,977.0,0.06505485,2.8601832,60089.06,60017.758,61261.293,0.0
977,978.0,0.15108337,3.0179465,42402.66,42357.758,43384.31,0.0
978,979.0,0.3806017,3.5598972,61424.832,61348.207,60306.156,0.0
979,980.0,0.07061789,2.766386,61388.668,61311.594,62500.383,0.0
980,981.0,0.8305486,5.987894,55257.035,55196.445,53616.953,0.0
981,982.0,0.14130782,2.350697,38632.47,38599.207,39333.668,0.0
982,983.0,0.07001197,2.6410146,64417.18,64332.58,65243.957,0.0
983,984.0,0.0866252,2.8100178,59111.81,59041.16,60335.453,0.0
984,985.0,0.05763299,2.820792,65044.457,64958.613,65687.086,0.0
985,986.0,0.28769118,3.05034,82988.24,82865.3,82220.516,0.0
986,987.0,0.14284104,2.9298017,71685.414,71580.21,71242.56,0.0
987,988.0,0.029230323,2.0937784,68615.72,68519.63,68292.586,0.0
988,989.0,0.036796745,1.8992219,64459.844,64375.273,64771.566,0.0
989,990.0,0.3213556,4.8284297,56576.24,56515.094,56406.332,0.0
990,991.0,0.04238547,3.443336,64073.156,63989.418,64337.08,0.0
991,992.0,0.02819579,1.7927717,83407.516,83284.78,83173.34,0.0
992,993.0,0.07693149,1.5703285,38240.47,38207.43,38396.223,0.0
993,994.0,0.5655494,5.3164897,68593.69,68496.766,69373.73,0.0
994,995.0,0.14981878,2.9668567,61041.52,60967.906,61375.0,0.0
995,996.0,0.3815351,2.5257123,67338.86,67243.87,67349.71,0.0
996,997.0,0.42528743,4.167143,68006.91,67911.26,68634.664,0.0
997,998.0,0.21724193,3.6360042,55160.94,55102.355,55061.07,0.0
998,999.0,0.07588537,4.1185126,72156.055,72049.01,71887.31,0.0
999,1000.0,0.38592875,2.83287,64412.645,64328.24,65161.81,0.0
1000,1001.0,0.36274487,3.6707964,64700.797,64615.355,63048.977,0.0
1001,1002.0,0.21225588,2.4997723,56741.94,56676.53,55995.035,0.0
1002,1003.0,0.2213589,2.191136,61500.684,61424.715,62199.18,0.0
1003,1004.0,0.09658265,3.085438,63713.68,63629.297,63103.42,0.0
1004,1005.0,0.06958412,2.6584463,71978.24,71872.86,71576.4,0.0
1005,1006.0,0.23164749,2.8433824,38844.74,38810.625,38812.605,0.0
1006,1007.0,0.083035804,1.9857213,62280.15,62202.24,61976.332,0.0
1007,1008.0,0.09223672,1.8726476,38154.973,38122.207,38291.92,0.0
1008,1009.0,0.06359622,1.7001808,61893.76,61816.195,62022.56,0.0
1009,1010.0,0.2985966,2.6454024,64281.74,64196.957,63448.83,0.0
1010,1011.0,0.06935475,1.8694354,83369.586,83247.266,83141.19,0.0
1011,1012.0,0.08255102,2.0098848,72835.49,72726.92,73089.24,0.0
1012,1013.0,0.16836536,2.59285,61222.605,61146.26,61200.316,0.0
1013,1014.0,0.04883983,1.8623292,64378.01,64293.547,64397.883,0.0
1014,1015.0,0.70474285,4.441485,72406.75,72300.12,73279.97,0.0
1015,1016.0,0.116765454,3.2016761,60873.74,60800.97,60765.727,0.0
1016,1017.0,0.06471225,3.302477,67997.15,67901.43,67418.73,0.0
1017,1018.0,0.07679335,2.9949768,59455.113,59386.055,59579.492,0.0
1018,1019.0,0.056034792,2.771021,84521.17,84397.23,83805.07,0.0
1019,1020.0,0.049748678,2.509851,64418.15,64333.633,63950.047,0.0
1020,1021.0,0.21513782,2.6918063,60401.887,60329.41,61340.535,0.0
1021,1022.0,0.38709372,3.3949108,59132.344,59062.51,59738.637,0.0
1022,1023.0,0.07935971,2.062274,68066.23,67969.96,67749.63,0.0
1023,1024.0,0.19290257,2.2445679,42402.66,42357.758,43891.223,0.0
1024,1025.0,0.06673769,3.3130276,68246.31,68150.195,67630.78,0.0
1025,1026.0,0.28453794,3.8220477,68556.484,68460.19,69297.56,0.0
1026,1027.0,0.18277852,1.8525027,42402.66,42357.76,44122.363,0.0
1027,1028.0,0.29315048,2.8186693,81748.516,81628.79,78899.56,0.0
1028,1029.0,0.07648092,2.4544263,68801.98,68705.22,67303.76,0.0
1029,1030.0,0.20467675,9.4706,58581.1,58512.684,58620.26,0.0
1030,1031.0,0.2605811,2.305634,56577.383,56514.72,56390.76,0.0
1031,1032.0,0.14893954,3.4122946,55192.965,55134.645,56112.918,0.0
1032,1033.0,0.026018938,2.1404321,68794.984,68698.36,68833.74,0.0
1033,1034.0,0.05186417,3.7212114,72613.87,72507.15,72172.14,0.0
1034,1035.0,0.074549876,2.0295122,42402.66,42357.76,42955.01,0.0
1035,1036.0,0.06316789,1.3554218,61481.85,61404.906,61217.477,0.0
1036,1037.0,0.08771082,2.926646,63867.316,63782.92,63699.84,0.0
1037,1038.0,0.060538802,4.183592,62439.367,62360.59,62484.42,0.0
1038,1039.0,0.057875685,3.1899455,58791.23,58725.58,58407.24,0.0
1039,1040.0,1.7728133,5.556102,81279.68,81160.61,82528.87,0.0
1040,1041.0,0.5744986,3.280804,60805.465,60729.03,59312.445,0.0
1041,1042.0,0.74336636,4.6484137,42402.66,42357.76,42898.895,0.0
1042,1043.0,0.09129758,2.2521114,72270.44,72163.23,72260.766,0.0
1043,1044.0,0.07049484,2.7504053,68075.19,67978.74,67690.36,0.0
1044,1045.0,0.079903156,2.4389699,62957.77,62876.67,62820.42,0.0
1045,1046.0,0.22855437,2.8902335,64971.56,64886.03,64538.215,0.0
1046,1047.0,0.039141934,1.6667284,68649.45,68552.84,68836.05,0.0
1047,1048.0,0.04506384,1.9239519,63813.51,63729.48,63673.457,0.0
1048,1049.0,0.054184493,2.473019,72257.7,72151.11,72473.1,0.0
1049,1050.0,0.08553835,2.7950757,68633.24,68536.14,67430.38,0.0
1050,1051.0,0.047088727,2.3603282,85803.19,85675.46,85589.61,0.0
1051,1052.0,0.2170763,1.6643674,38290.902,38258.082,38337.547,0.0
1052,1053.0,1.278791,5.1169515,38230.9,38198.145,38050.688,0.0
1053,1054.0,0.12989515,2.7354064,37667.586,37635.582,37856.066,0.0
1054,1055.0,0.09840224,1.8630191,42402.66,42357.758,42908.082,0.0
1055,1056.0,0.16337404,2.3339748,42402.66,42357.758,42795.316,0.0
1056,1057.0,0.19021834,3.0410779,42402.66,42357.758,43518.844,0.0
1057,1058.0,0.04393359,2.9992561,71493.33,71389.06,71338.43,0.0
1058,1059.0,0.10447246,3.110902,57935.84,57867.906,57939.055,0.0
1059,1060.0,0.031356268,1.8171054,72051.83,71944.27,71576.38,0.0
1060,1061.0,0.26985276,2.5304391,37980.58,37948.254,37933.477,0.0
1061,1062.0,0.09622801,3.8530192,53898.863,53842.094,53234.008,0.0
1062,1063.0,0.025809845,1.7892107,73020.55,72911.87,72680.414,0.0
1063,1064.0,0.048845626,2.4881968,63956.293,63874.01,64089.22,0.0
1064,1065.0,0.047045924,1.9084307,58333.56,58266.535,58402.383,0.0
1065,1066.0,0.03213716,2.0966797,72807.41,72699.63,72388.414,0.0
1066,1067.0,0.039781064,1.8113009,59162.24,59094.98,58944.418,0.0
1067,1068.0,0.065772444,7.579127,63525.055,63441.273,63221.35,0.0
1068,1069.0,0.11225261,2.249429,71944.06,71837.336,71597.77,0.0
1069,1070.0,0.03266868,1.820454,67886.61,67790.73,67867.93,0.0
1070,1071.0,0.1445516,3.0170312,42402.664,42357.76,43417.043,0.0
1071,1072.0,0.036497485,1.9268813,83576.79,83452.89,83372.64,0.0
1072,1073.0,0.028832229,1.692721,64216.332,64132.168,64552.582,0.0
1073,1074.0,0.05020754,2.452972,56338.543,56277.34,56770.695,0.0
1074,1075.0,0.27215958,1.5034755,61040.625,60964.547,61429.066,0.0
1075,1076.0,0.065409884,2.250857,38661.74,38628.375,38767.113,0.0
1076,1077.0,0.061384182,2.4169445,69073.695,68975.62,68908.055,0.0
1077,1078.0,0.05799742,2.38186,68914.336,68817.79,68465.336,0.0
1078,1079.0,0.06595988,4.1067758,63432.867,63349.695,63123.617,0.0
1079,1080.0,0.028315505,1.9008723,67815.78,67720.14,67395.086,0.0
1080,1081.0,0.22094132,2.3014894,38392.973,38359.938,38005.43,0.0
1081,1082.0,0.07468964,2.4467945,62716.03,62635.84,61937.316,0.0
1082,1083.0,0.06953976,1.6506115,59070.543,59001.668,59073.965,0.0
1083,1084.0,0.04491303,1.9269964,61070.703,60995.43,61273.934,0.0
1084,1085.0,0.04677555,1.6175916,57204.91,57140.77,57302.844,0.0
1085,1086.0,0.038926292,2.5409734,69039.64,68942.73,68797.43,0.0
1086,1087.0,0.05944122,2.5755143,64334.1,64249.83,65153.008,0.0
1087,1088.0,0.030658891,1.4003065,70927.414,70823.14,70764.51,0.0
1088,1089.0,0.041145712,1.5268544,61638.105,61563.855,61758.332,0.0
1089,1090.0,0.052793145,3.1343067,38074.76,38042.105,37965.633,0.0
1090,1091.0,0.3561393,3.4591663,63022.875,62944.793,63082.27,0.0
1091,1092.0,0.5587287,3.3875127,61025.715,60951.07,65314.625,0.0
1092,1093.0,0.094281085,2.3226416,64019.26,63935.605,64263.0,0.0
1093,1094.0,0.044866927,2.0969708,57795.24,57730.797,57957.184,0.0
1094,1095.0,0.03650143,1.6160431,54923.99,54865.47,54549.844,0.0
1095,1096.0,0.042088564,2.876019,68791.92,68694.75,68612.516,0.0
1096,1097.0,0.08259056,2.999399,58837.637,58767.625,58550.023,0.0
1097,1098.0,1.3394957,3.7233317,42402.66,42357.758,45537.406,0.0
1098,1099.0,0.2638318,2.3109765,71412.02,71307.13,69611.98,0.0
1099,1100.0,0.2111694,2.3281949,59014.863,58943.44,59810.555,0.0
1100,1101.0,0.06981234,2.3012795,71551.64,71445.664,70907.83,0.0
1101,1102.0,0.17061312,2.732153,82967.56,82847.61,80931.08,0.0
1102,1103.0,0.14783522,2.3035135,42402.66,42357.758,43289.38,0.0
1103,1104.0,0.0866997,2.5859036,82654.14,82534.21,82172.48,0.0
1104,1105.0,0.8822478,5.9078674,68130.56,68034.125,69301.86,0.0
1105,1106.0,0.18438236,3.6781416,42402.66,42357.76,43756.133,0.0
1106,1107.0,0.22386435,3.7518673,37925.52,37892.816,38528.766,0.0
1107,1108.0,0.022340331,1.8782879,68243.68,68147.89,67661.07,0.0
1108,1109.0,0.037180275,1.9565177,68082.22,67986.12,67600.61,0.0
1109,1110.0,0.028145887,1.9366829,58109.855,58041.547,58082.594,0.0
1110,1111.0,0.06679879,2.4472554,71796.07,71690.94,70651.44,0.0
1111,1112.0,0.0371738,1.5490032,60728.492,60652.22,60749.15,0.0
1112,1113.0,0.042068355,1.8032515,64556.81,64472.4,64376.23,0.0
1113,1114.0,0.23006257,3.490885,65308.875,65222.28,64461.895,0.0
1114,1115.0,0.22371131,2.8805044,65234.52,65148.395,65209.965,0.0
1115,1116.0,0.04616819,1.9744918,59003.113,58934.43,59128.863,0.0
1116,1117.0,0.032065533,1.9567435,64849.566,64764.477,64664.35,0.0
1117,1118.0,0.019251326,1.2150446,68767.94,68670.945,68732.24,0.0
1118,1119.0,0.026569609,1.639336,63798.74,63715.215,63901.57,0.0
1119,1120.0,0.04553594,8.722069,68670.47,68574.06,68427.52,0.0
1120,1121.0,0.017756408,1.2812529,82824.53,82702.516,82500.37,0.0
1121,1122.0,0.39028373,2.7689824,42402.664,42357.758,43108.48,0.0
1122,1123.0,0.37601313,5.5280104,72044.96,71939.05,70866.15,0.0
1123,1124.0,0.18933198,3.331708,61808.99,61733.387,61599.367,0.0
1124,1125.0,0.07070961,2.5927854,42402.66,42357.758,43268.887,0.0
1125,1126.0,0.041564614,2.173571,38820.29,38786.28,38982.215,0.0
1126,1127.0,0.3546644,1.6105726,64590.67,64504.125,64206.453,0.0
1127,1128.0,0.037612062,2.2658627,59051.34,58981.6,58751.332,0.0
1128,1129.0,0.3716217,3.1417425,37755.074,37722.625,39247.07,0.0
1129,1130.0,0.06140765,3.267841,67634.48,67539.06,67589.336,0.0
1130,1131.0,0.085097484,1.7672567,63993.94,63909.97,63857.32,0.0
1131,1132.0,0.03342704,1.749715,72325.586,72218.46,71986.375,0.0
1132,1133.0,0.024936534,2.209849,68943.36,68846.89,68935.81,0.0
1133,1134.0,0.073008515,3.186543,63755.53,63674.055,64045.625,0.0
1134,1135.0,0.030631557,1.9243827,71457.375,71352.22,70991.81,0.0
1135,1136.0,0.057751663,1.896948,61705.215,61630.906,61536.453,0.0
1136,1137.0,1.4249725,2.3162594,38357.55,38324.938,43670.305,0.0
1137,1138.0,0.14918137,2.5139973,55909.035,55848.27,55624.934,0.0
1138,1139.0,0.034283545,1.8294002,68842.04,68745.43,68364.195,0.0
1139,1140.0,0.06820983,2.06831,83234.71,83111.92,82347.14,0.0
1140,1141.0,0.055630263,2.3611171,72073.04,71966.79,71592.39,0.0
1141,1142.0,0.110058375,2.6974075,58904.17,58834.09,58163.906,0.0
1142,1143.0,0.022212598,1.7751554,68078.43,67982.54,67969.98,0.0
1143,1144.0,0.10100818,3.922385,68810.48,68714.17,68441.89,0.0
1144,1145.0,0.03998054,3.0030332,68949.56,68852.234,68850.85,0.0
1145,1146.0,0.03347583,1.7910136,63843.09,63759.543,64086.934,0.0
1146,1147.0,0.09507451,3.2137556,68869.74,68772.99,68283.72,0.0
1147,1148.0,0.06727121,2.195966,61749.22,61671.52,62076.844,0.0
1148,1149.0,0.028405374,1.2993712,62790.445,62709.84,62547.66,0.0
1149,1150.0,0.15733545,1.9033403,61374.94,61300.66,60701.082,0.0
1150,1151.0,0.10575425,1.8119091,42402.66,42357.758,42215.805,0.0
1151,1152.0,0.12707111,2.4768054,61830.367,61754.605,62425.51,0.0
1152,1153.0,0.03629407,3.2000973,72291.875,72184.79,71556.96,0.0
1153,1154.0,0.057840392,2.3265011,62126.305,62050.344,62459.195,0.0
1154,1155.0,0.32638565,2.5905495,63975.523,63890.965,64333.535,0.0
1155,1156.0,0.108374745,4.309162,64155.34,64071.48,64203.01,0.0
1156,1157.0,0.06929502,2.7093909,64251.117,64167.355,64635.645,0.0
1157,1158.0,0.623251,5.088529,65044.35,64958.145,67503.914,0.0
1158,1159.0,0.2982402,4.0000534,64354.367,64270.145,67197.27,0.0
1159,1160.0,0.093478166,2.4250362,68007.22,67910.805,67188.164,0.0
1160,1161.0,0.16768971,3.6257236,71230.14,71125.48,70325.586,0.0
1161,1162.0,0.42492682,3.6816206,42402.656,42357.758,44982.93,0.0
1162,1163.0,0.08283748,2.3796575,59433.582,59363.105,59268.78,0.0
1163,1164.0,0.16294749,2.5746212,61214.793,61140.207,62125.43,0.0
1164,1165.0,0.11194788,3.052306,59523.24,59453.168,58719.99,0.0
1165,1166.0,0.121612266,2.6543036,68449.164,68353.086,68169.51,0.0
1166,1167.0,0.07638124,1.8762422,63129.51,63048.555,63125.33,0.0
1167,1168.0,0.19491018,3.774353,65406.855,65319.5,65557.05,0.0
1168,1169.0,0.04796527,1.878471,57309.273,57244.785,57662.41,0.0
1169,1170.0,0.17668322,3.2069333,83858.41,83732.5,83654.65,0.0
1170,1171.0,0.22435786,3.283937,42402.66,42357.76,43574.363,0.0
1171,1172.0,0.62595445,4.421528,59161.355,59092.156,59194.605,0.0
1172,1173.0,0.14205566,1.6779538,68570.086,68473.15,68108.18,0.0
1173,1174.0,0.051696364,3.090006,64225.156,64138.477,64307.363,0.0
1174,1175.0,0.06275588,1.6954716,57334.395,57266.48,57457.99,0.0
1175,1176.0,0.27070752,2.7276745,38613.707,38580.367,38385.145,0.0
1176,1177.0,0.09979164,2.152328,42402.656,42357.758,42986.445,0.0
1177,1178.0,0.046832584,2.2550502,62096.816,62018.613,62038.82,0.0
1178,1179.0,0.05959369,2.6008737,60946.195,60870.03,60774.035,0.0
1179,1180.0,0.047478825,2.266543,85738.36,85612.31,85722.95,0.0
1180,1181.0,0.05824232,2.0379748,38587.54,38554.18,38918.754,0.0
1181,1182.0,0.03885737,2.222071,84782.15,84655.48,84580.3,0.0
1182,1183.0,0.02913909,1.6797922,63460.25,63376.06,63155.043,0.0
1183,1184.0,0.03620089,2.4429235,64261.594,64177.15,64474.082,0.0
1184,1185.0,0.02916548,2.081309,60125.24,60055.934,59938.91,0.0
1185,1186.0,0.027228495,2.1102557,68130.27,68033.41,68423.38,0.0
1186,1187.0,0.037891746,1.9269507,68505.6,68408.64,68443.96,0.0
